ticker,company,sector,market_cap,trailing_pe,forward_pe,peg_ratio,price_to_book,dividend_yield,short_percent,analyst_count,beta,gross_margin,operating_margin,net_margin,margin_stability,margin_trend,revenue_cagr_3y,revenue_cagr_5y,revenue_acceleration,earnings_cagr_3y,earnings_cagr_5y,interest_coverage,earnings_consistency,revenue_stability,debt_to_equity,roe,roic,altman_z,book_value_growth,fcf,fcf_yield,reinvestment_rate,drawdown_52w,price_vs_200ma,current_price,pe_gap,combs_unit_economics,combs_frictionless,combs_capital_allocation,combs_moat,combs_score,combs_style_flag,weschler_variant,weschler_complexity,weschler_distressed,weschler_quality,weschler_compounding,weschler_score,weschler_style_flag,combined_score
MMM,3M Company,Industrials,85078728704.0,28.891418,16.87141,1.54,28.820755,1.89,0.0179,17.0,1.074,0.39911014911014914,0.19203944203944204,0.13027096360429694,0.3002770308022538,0.11880065147333219,-0.01570080136859997,,0.016600212552854026,-0.17448114360126787,,5.064482029598309,0.0,0.9703171170771371,2.6801361122926415,0.6911952360697575,0.3024603545044431,4.295383921648872,-0.31644740380523395,1396000000.0,0.016408331686018324,0.08333333333333333,-0.060062510796722715,0.039103315932119305,164.97000122070312,-0.41604077723011035,9.644503291379552,10.720911823647294,16.696761600392765,12.319510335479498,49.38168705089911,False,11.507986128905515,4.904122963587979,5.028888103468683,11.651126503404406,7.849576454317573,40.94170015368415,False,45.161693602291635
AOS,A. O. Smith Corporation,Industrials,7799793152.0,15.8099165,14.029761,1.37,4.2347994,2.51,0.1101,11.0,1.153,0.38833481280350896,0.19006840373870817,0.14260351939846483,0.008829370496139218,0.014597560082777017,0.006729784443180398,0.006729784443180398,0.012175552405742501,0.3233174450496099,0.3233174450496099,53.925925925925924,0.6684609549255758,0.9888790668341235,0.10339074273412271,0.29397201291711517,0.296466804980305,7.550442015000702,0.02060950307478482,546000000.0,0.07000185637743435,0.018484674429533707,-0.2555668045242626,-0.09978556751965169,57.38999938964844,-0.11259740049860474,13.7655711434349,6.477114228456913,18.017508410338255,16.5940238175921,54.854217599822164,False,11.028656109602146,14.020185467644577,15.039850102644262,16.123385817311863,10.80845284027063,67.02053033747347,True,60.93737396864782
ABT,Abbott Laboratories,Health Care,177577836544.0,33.426228,16.808315,1.93,3.451603,2.47,0.0143,24.0,0.586,0.5641806533116765,0.18166847139505504,0.14717560007218913,0.01472355486025797,-0.009887664494803605,0.005127944169646348,,0.010786608874606925,-0.020064290219131475,,16.33468559837728,0.5653815712488455,0.9555945176261265,0.26587377709572224,0.12514866679455208,0.10798596266008519,4.926427042249099,0.12424885621929249,7395000000.0,0.04164371040846461,0.1153447031221801,-0.19437800488975562,-0.010400540510641817,101.94999694824219,-0.4971519071789973,14.808400502057372,12.371753507014027,12.603767844867846,12.498372222491163,52.28229407643041,False,9.654666120022547,4.494115012656584,11.938037931442611,11.969026647276198,11.65096378252226,49.7068094939202,False,50.994551785175304
ABBV,AbbVie Inc.,Health Care,454361186304.0,72.02241,15.794077,0.52,-76.54659,2.69,0.0123000005,29.0,0.281,0.7023544800523218,0.32849901896664485,0.06909744931327665,0.05766212287575215,0.004421436026623482,0.017525049181538188,0.017525049181538188,0.04855285665020486,-0.29057223955094535,-0.29057223955094535,6.944694089180781,0.41253800093055415,0.9495831356251236,-20.64097859327217,-1.2923547400611621,0.21851105292402662,2.388149502857296,,17816000000.0,0.03921109579126732,0.1685742315238718,0.0,0.10546762273896183,257.1199951171875,-0.7807060746787007,14.838304089431437,15.38637274549098,12.542196116309977,12.593866485936973,55.36073943716937,False,12.623481781376517,10.203915103524373,7.618646271135944,11.881178068226584,6.945093077896258,49.27231430215968,False,52.31652686966453
ACN,Accenture plc,Information Technology,112536141824.0,14.688498,12.529091,1.28,3.5283284,3.55,0.0464,25.0,1.092,0.31913952808418106,0.15559817402376822,0.11020675921455172,0.0014841731899169174,0.003519487528320292,0.04193654176414818,0.04193654176414818,0.0613621898821254,0.03741924615215764,0.03741924615215764,47.43273172759292,0.9464716686542669,0.9480982412645717,0.2623096332714717,0.24613954870207658,0.29633227005244833,,0.12165606566177778,10874360000.0,0.09662993438149735,0.008612219914185667,-0.300448935971134,-0.053996650200558265,183.89999389648438,-0.14701346591053763,11.950132708765471,15.12996993987976,18.05027390748209,14.156012489712932,59.28638904584025,False,12.34355728659526,9.36554342182125,15.617983699356381,17.511535415861758,11.116948506588924,65.95556833022357,True,62.62097868803191
ADBE,Adobe Inc.,Information Technology,100261421056.0,13.8893175,9.11529,0.62,8.7376585,0.0,0.048899997,34.0,1.417,0.8926753334174765,0.36627540073204595,0.2999705498758888,0.011163507873147493,0.01991620500331709,0.10522339932516123,0.10522339932516123,-0.0027132957695531895,0.14450025727074034,0.14450025727074034,33.10266159695818,0.8243075164986708,0.8706562966849302,0.5719693710745934,0.6134388712036479,0.5535157478882614,7.329393375618892,-0.061277988805537364,9852000000.0,0.09826311951530455,0.1881862930708065,-0.27932225844907677,-0.04979866111540112,252.22999572753906,-0.3437193728201548,22.474533497748595,15.225911823647294,22.768009382263642,18.72011303674299,79.18856774040252,True,16.912528399870173,6.060380671123515,14.34090060851927,14.464545105899942,9.686712924036806,61.465067709449706,False,70.32681772492612
AMD,"Advanced Micro Devices, Inc.",Information Technology,842569351168.0,128.07196,33.276188,0.51,12.530164,0.0,0.0257,50.0,2.476,0.4951644100580271,0.10664280146655504,0.12514795461762754,0.03810775525020074,0.05308574879929518,0.13643599335368428,,0.20647317100196683,0.4864092188805236,,28.198473282442748,0.23171777426467832,0.7951038683888165,0.0610644613406562,0.06881061604152447,0.06175320705195654,37.32768126803043,0.04789196615063496,6735000000.0,0.007993407297172274,0.2616992407402061,-0.11151464298513843,0.36939746674373536,516.1300048828125,-0.740175851138688,9.905901573796118,22.68579158316633,7.603802812002323,9.356810040180084,49.55230600914486,False,12.388023369036027,2.814456091387032,4.6136620779443405,6.726181452804773,8.303116086092142,34.84543907726432,False,42.19887254320459
AES,The AES Corporation,Utilities,10547602432.0,5.5393257,6.2391896,0.81,2.1341991,4.76,0.024600001,8.0,0.95,0.1807406196354124,0.16103981034905585,0.07438894792773645,0.011294624648617082,-0.024503504226516787,-0.010249740650209005,,0.027121140993568993,,,1.400142146410803,0.0,0.9819139464115998,7.358355894659119,0.22397243416194929,0.2064051404833528,0.45032032636426045,0.1857608239848254,-1623000000.0,-0.15387383156157244,0.48467260688302133,-0.12315169080268248,0.012656006920342813,14.789999961853027,0.12634460183484056,8.824095667136989,8.287284569138276,14.529071451178382,10.777188120249793,42.41763980770344,False,12.88060096687678,9.723651100149283,8.949479693577283,9.808609363661137,13.000086437894375,54.362427562158864,False,48.390033684931154
AFL,Aflac Incorporated,Financials,57794854912.0,12.342612,15.286205,1.18,1.9101272,2.12,0.028399998,15.0,0.58,,,0.2100835494093921,,,-0.03229187547440737,-0.03229187547440737,-0.10792407965036874,-0.06201264378387206,-0.06201264378387206,,0.8370145553610152,0.9541203453852899,0.285147507629705,0.12363513055272973,,,0.13554696822119738,2555000000.0,0.044208087448100904,0.0,-0.09114700827875347,0.013707735073902058,115.27999877929688,0.23849028066344463,13.853118712273641,5.9633767535070135,10.653309641431656,12.5,42.96980510721231,False,11.976571174772374,9.375903809956514,11.067923418809,12.794658634538154,7.84546672533966,53.0605237634157,False,48.015164435314006
A,"Agilent Technologies, Inc.",Health Care,41423806464.0,28.980274,21.74373,1.2,5.626699,0.69,0.0229,21.0,1.241,0.5243235463442717,0.21286701208981001,0.18753598157743234,0.017191905013790656,-0.02340635239617128,0.004844098070605929,0.004844098070605929,0.1145517045565671,0.012858925982169422,0.012858925982169422,13.205357142857142,0.9768602329294981,0.9719744698523541,0.4975522919448153,0.19329476338822132,0.16168463920544404,5.463776200679414,0.08312765919867138,1152000000.0,0.027810095168370474,0.12406447898675878,-0.04317533855314562,0.10851480139537292,146.92999267578125,-0.24970585164239653,15.733407551305344,12.022505010020039,14.138061030614136,12.770779880912036,54.66475347285155,False,10.126300415107876,5.293138995261895,5.461116492055783,16.377515121717497,7.362324079239975,44.620395103383025,False,49.64257428811729
APD,"Air Products and Chemicals, Inc.",Materials,64897245184.0,,20.186522,2.13,4.6743226,2.48,0.0185,19.0,0.754,0.3141319066568084,0.24000398760519387,-0.03277313018700207,0.024726088986109653,0.05002241483339226,-0.01766923192508929,,0.0344037750718907,,,13.5,0.12180345049072383,0.9726143656427395,1.225046422937923,-0.02625641435217539,0.07228195635168218,2.562908107763131,0.0455898208221297,-3765800000.0,-0.05802711639489489,0.5914033878029126,-0.058262777991170946,0.02879405066602595,291.42999267578125,,9.35457090380234,11.757655310621242,6.981732083098723,16.807305029771992,44.9012633272943,False,8.67004048582996,9.685513240734732,5.853219764836482,10.094192814594953,10.083823148068113,44.38678945406424,False,44.64402639067927
ABNB,"Airbnb, Inc.",Consumer Discretionary,101907333120.0,38.33108,27.54387,1.61,12.87465,0.0,0.0344,40.0,1.161,0.8295890858589985,0.20782615799362797,0.20513029981210684,0.03525832824518818,-0.017319692702883527,0.13378255972989694,,-0.01689765460455632,0.09874952310470131,,,0.5730919862888918,0.8420467567193439,0.25210391511159896,0.3062568605927552,0.5494698737850432,5.225197035738244,0.13822651497789917,,,,-0.07111668318133674,0.17519922598666024,170.19000244140625,-0.2814220209814073,16.906585788660262,16.45615230460922,18.251086295687003,10.928516967613882,62.54234135657037,False,7.53747928731273,3.511339813071981,5.776249496981891,10.771354330848894,10.031376955657361,37.627799883872854,False,50.085070620221614
AKAM,"Akamai Technologies, Inc.",Information Technology,15347496960.0,38.692028,14.858587,1.77,3.2292109,0.0,0.15560001,23.0,0.635,0.589486416320614,0.14929084460603467,0.10741734837548343,0.021869659013742767,-0.04731076561158637,0.05178977181914113,0.05178977181914113,0.007348780422057839,-0.04785529769970398,-0.04785529769970398,20.424656198185897,0.9198540911308475,0.9353952339766096,1.1402380895456659,0.09081722057688688,0.04848723466733596,2.5203699551094103,0.04511712925661482,699265000.0,0.045562152696461584,0.3167786510779613,-0.2858766503272926,-0.02826307595824674,106.79000091552734,-0.6159780769309895,12.448863741170149,8.476713426853706,10.086214196011888,7.422072420971099,38.43386378500684,False,10.792215446112847,15.364517589407413,13.46711506360679,12.052337611668712,6.472483675024949,58.14866938582071,False,48.29126658541378
ALB,Albemarle Corporation,Materials,13867954176.0,452.0,10.402532,0.79,1.7246845,1.34,0.00059999997,20.0,1.334,0.13003183326841972,0.013083510265845028,-0.09929117455640804,0.19458159871090228,-0.32549924757475396,-0.11101948515436078,-0.11101948515436078,0.39718113974850144,,,0.3240292606344299,0.0,0.6972050865694727,0.3458014038065258,-0.053562199705979995,0.004740909640238619,2.0632107589897006,0.06096273007720998,692466000.0,0.04993281569954908,0.12468059298431398,-0.3989988634355149,-0.2368295184852856,117.5199966430664,-0.9769855486725664,1.0313343093500813,10.495290581162324,7.330067297939699,1.5492448080553805,20.405936996507485,False,11.966646167512254,10.582577724410982,16.810940090849357,1.049899313892799,7.127381953339253,47.537445250004644,False,33.971691123256065
ARE,"Alexandria Real Estate Equities, Inc.",Real Estate,8800952320.0,,-63.135803,3.24,0.56134266,5.63,0.059,14.0,1.168,0.686740176729736,0.18845908986732537,-0.48539390698345597,0.02862818068062728,-0.049682786811608176,0.04564958075072889,,-0.10718806135377043,,,2.4483894873355743,0.0,0.9287461484448356,0.8248894801380989,-0.09240876091704821,0.015840035797854396,,-0.06576363527240014,1414046000.0,0.1606696580762751,0.0,-0.08266988034512739,0.033696705653492774,51.13999938964844,,11.828154326654493,7.3301302605210426,7.214286479854651,6.077945732681416,32.4505167997116,False,7.795546558704452,12.711948627247356,13.419206745544262,4.440905740289882,9.422465208747514,47.79007288053346,False,40.120294840122526
ALGN,"Align Technology, Inc.",Health Care,10714231808.0,26.184029,12.018919,0.64,2.538758,0.0,0.062,15.0,1.643,0.6718803439138491,0.1450597824416773,0.10169880078236138,0.013335348379275172,-0.030070585050728238,0.026117671821406674,,-0.02641702802125424,0.04308532275749699,,,0.9142294527496809,0.9648655129731051,0.028264224539143675,0.10134257906665281,0.1337275825500796,4.587372290383037,0.03983815588213124,490778000.0,0.045806177129148036,0.11706572846746588,-0.20662807742314138,-0.1023152898870684,150.82000732421875,-0.540982825828676,13.935091872548277,5.850350701402805,13.316624532762008,10.960497652127607,44.06256475884069,False,14.644476332017968,11.658157331083274,14.219457662812577,14.386771209004534,8.085724781744316,62.994587316662674,False,53.528576037751684
ALLE,Allegion plc,Industrials,13040391168.0,19.838293,15.6892805,2.01,6.156904,1.43,0.0467,11.0,0.841,0.4519705947434416,0.21131954859489097,0.158286824183119,0.014297844315905858,0.03209646720487294,0.07523170466176188,,0.04497722484026734,0.12019895909934375,,8.509900990099009,0.8570611249476353,0.9107529506583383,0.9576804023989166,0.3113755078351712,0.1950772498662635,4.552965764657687,0.29967853333400307,685700000.0,0.052582778473904135,0.024119194551668183,-0.06905353359998377,0.02262201632778971,153.35000610351562,-0.2091416081010599,14.823780602280772,12.238006012024048,16.350592489020524,16.886884591179744,60.29926369450509,False,10.394164574044654,11.022760920360877,9.168085086584416,13.05864858035191,12.036649667214107,55.680308828555965,False,57.989786261530526
LNT,Alliant Energy Corporation,Utilities,17439490048.0,21.284811,18.248959,2.09,2.3162754,3.18,0.1094,12.0,0.532,0.45667125171939477,0.23498395231545163,0.1856946354883081,0.007524677798964969,0.014294297143037843,0.012293745856755134,,0.10712749229064028,0.05694803185591568,,2.1090534979423867,0.9183822446737109,0.9578533655855098,1.6520316334878646,0.11044450504499591,0.0664788523984513,1.1358483915709134,0.0533013890217775,,,,-0.11165991436130003,-0.03373095898966481,67.26000213623047,-0.14262997214304612,16.636511111682708,11.663076152304608,9.727112912166511,16.21075785448032,54.237458030634144,False,6.669331556739952,16.200286395794123,11.85850301810865,10.711707740105016,10.634151612066729,56.073980322814464,False,55.155719176724304
ALL,The Allstate Corporation,Financials,64152592384.0,5.042934,9.189781,1.86,2.0330794,1.72,0.0,22.0,0.15,,,0.15330480549881464,,,0.09835266933147047,,-0.06639632452726621,,,,0.0,0.8768587752728041,0.24469127736033977,0.3359032995753022,,,0.2051498794662674,9882000000.0,0.15403898163380572,0.003399484113375777,-0.03526988312630519,0.12811510876337753,253.7100067138672,0.8223084022118871,13.02816901408451,12.961863727454908,15.766359067264279,12.5,54.2563918088037,False,14.939655614205913,5.048083825533848,9.945125715754974,7.091445783132531,11.965576108565994,48.989887047193264,False,51.62313942799848
GOOGL,Alphabet Inc.,Communication Services,4139833098240.0,16.69132,22.758093,1.22,6.6508174,0.26,0.013200001,54.0,1.225,0.5965231508603998,0.32032638592380025,0.3280987796522654,0.029876289108057837,0.05571367749913014,0.12511745609215974,0.12511745609215974,0.012238377586428234,0.3013520060775734,0.3013520060775734,175.32472826086956,0.6523921382981498,0.8432722171395209,0.14277870757227312,0.3182786895115167,0.24193461680389786,,0.1747543102911473,73266000000.0,0.01769781492668102,0.3786503688846081,-0.11923099401088053,-0.005277835974792174,338.5,0.3634687370441641,18.16909446977499,19.39134268537074,16.758401387349,16.560624122573458,70.87946266506819,True,13.15469174396556,1.6958397157136367,8.492332722501336,12.133289857539822,15.520583023597545,50.9967370633179,False,60.93809986419305
GOOG,Alphabet Inc.,Communication Services,4102531842048.0,16.58181,22.553036,1.21,6.5908914,0.27,,15.0,1.225,0.5965231508603998,0.32032638592380025,0.3280987796522654,0.029876289108057837,0.05571367749913014,0.12511745609215974,0.12511745609215974,0.012238377586428234,0.3013520060775734,0.3013520060775734,175.32472826086956,0.6523921382981498,0.8432722171395209,0.14277870757227312,0.3182786895115167,0.24193461680389786,,0.1747543102911473,73266000000.0,0.01785872793212138,0.3786503688846081,-0.1206215283852891,-0.009292172116186818,335.45001220703125,0.36010700882473007,18.16909446977499,19.376342685370744,16.809111326497074,16.560624122573458,70.91517260421627,True,13.205896923418571,8.1141935483871,8.633456005811746,12.133289857539822,15.526547238309274,57.61338357346651,False,64.2642780888414
MO,"Altria Group, Inc.",Consumer Staples,115178938368.0,14.461217,11.763242,2.64,-43.16646,6.44,0.0249,11.0,0.494,0.7220815333432643,0.5975967029147425,0.3449525795719748,0.015054722843635172,0.021465612427503555,-0.008925128591255382,,-0.012089810289230053,0.06420291024797797,,10.225148683092609,0.7053710888108795,0.9888482204435015,-7.341233580810965,-1.9837235865219873,0.5021596816968895,4.674279408036928,,9074000000.0,0.07878176451851215,0.010725458066438254,-0.041278578419469324,0.036143518465091354,68.9800033569336,-0.18656624819335743,21.840648876440316,10.23316633266533,14.053663074038614,18.793786609865904,64.92126489301016,False,9.351842361502587,11.991412831829686,11.751787903893954,15.690639420828436,11.470178926441353,60.25586144449602,False,62.58856316875309
AMZN,"Amazon.com, Inc.",Consumer Discretionary,2769709432832.0,20.28278,24.681154,1.48,5.0195484,0.0,0.0094,60.0,1.443,0.5028566486824266,0.11155296795755199,0.10833784334183261,0.04130469837327138,0.08772338604530976,0.11731283601806397,0.11731283601806397,0.013868624366285498,,,35.16930518909411,0.1465556830686069,0.8577047187612566,0.37217228418863196,0.1889482198679041,0.1323861898156491,5.806477558966892,0.4119194414554539,7695000000.0,0.002778269774000062,0.18386746712343288,-0.054495870552783064,0.04784212194403608,256.7799987792969,0.2168526207945854,9.582364290061737,19.27369739478958,12.553572835029081,11.77858595149344,53.18822047137384,False,9.415910760347803,2.5818712273641853,5.731926030830011,9.274878901743781,12.964183279768031,39.96877020005381,False,46.578495335713825
AMCR,Amcor plc,Materials,19566469120.0,18.08547,9.713841,0.97,1.6581773,6.14,0.044899996,12.0,0.595,0.19952352590827874,0.09346549817067983,0.04705181655747469,0.003853360905975415,-0.0020837055859555392,0.1695341262686505,,0.46576042155742725,0.01811760710857535,,3.25,0.6709072498314174,0.7267368215291968,1.260729431721798,0.09380831212892282,0.07387975772760501,1.3504882679474686,0.43069374421174556,1229000000.0,0.062811537046496,0.04645622394282311,-0.09884064598904939,0.013729445185973103,42.31999969482422,-0.46289253196073976,8.176700614513578,19.59756513026052,10.773859205908686,14.600692259282566,53.14881720996535,False,16.348161055023148,16.082016778087883,12.491574322200956,5.476536313564658,13.69141671708877,64.08970518596541,False,58.619261197965386
AEE,Ameren Corporation,Utilities,29040859136.0,18.468311,18.058653,2.63,2.1214635,2.86,0.051,15.0,0.47,0.47403113990226164,0.2302534378906694,,0.017154227958344582,0.039855046537144195,0.03409709923004489,,0.13786997245179064,,,2.6108247422680413,,0.9265244235422727,1.4797403178867248,,0.055797052793272114,0.9614292390052825,0.08444046452200316,-821000000.0,-0.028270513491188747,0.4743720877372429,-0.06542655051393728,-0.01781963227932832,104.9000015258789,-0.022181671079721382,14.423351705208725,14.223431863727457,8.711964734666708,14.86540579464588,52.224154098248775,False,5.530398537726985,10.550893749594339,8.470994861664916,7.279593424351589,11.161941395107615,42.993821968445445,False,47.60898803334711
AEP,"American Electric Power Company, Inc.",Utilities,67140530176.0,21.411457,17.98642,1.97,2.0928576,3.08,0.044699997,20.0,0.5,0.6100749680014628,0.2461601755348327,0.16364966172974948,0.025328073017274088,0.05376729384232523,0.036603082441915236,,0.07034275813812782,0.1577086046817906,,2.6579466929911155,0.7689528244426851,0.9372457424409087,1.5899543965572611,0.11497205986254737,0.06461811426547877,0.9594578984894275,0.09228906740320597,-1639000000.0,-0.024411484325541945,0.39234777838727375,-0.09166751514963531,-0.021224136379527043,123.33000183105469,-0.15996281803709106,16.015362980179923,15.069458917835671,8.782371054265475,14.66790313211018,54.535096084391256,False,7.073865286390269,8.580505289803336,9.32007447524906,8.69849440766777,11.385880369954188,45.058819829064625,False,49.79695795672794
AXP,American Express Company,Financials,219266351104.0,19.454165,16.102922,1.3,6.3934236,1.17,0.0199,25.0,1.048,,,0.1499792330056763,,,0.10966360326420155,,0.005444343046776101,0.12968973919215565,,,0.833551881084901,0.8692647340341662,1.7254884387883134,0.32362430543108084,,,0.10646860827952032,16003000000.0,0.07298429476034667,0.03357330748996262,-0.11519501076874127,-0.01341946929810389,324.69000244140625,-0.17226352300394288,12.977867203219319,17.857184368737475,15.703355035006213,12.5,59.03840660696301,False,8.384094364440799,3.6066903031089765,11.687085466143719,10.214578313253014,10.568091451292247,44.46053989823876,False,51.74947325260088
AIG,"American International Group, Inc.",Financials,39389544448.0,13.696364,8.57337,0.63,0.9734319,2.65,0.019299999,20.0,0.511,,,0.11563457085231942,,,-0.036944411466962035,,0.005721601105155495,-0.3285439900997924,,,0.0,0.9497263168976656,0.22341330610855878,0.07525705534893896,,,0.0013731035536319602,3314000000.0,0.08413400171141781,0.0,-0.1083823842549657,-0.01597013650738494,75.33000183105469,-0.37404043876170345,12.233400402414487,7.218827655310621,11.33319088202578,12.5,43.28541893975089,False,14.501076205606518,7.582135068475367,14.376384522142999,9.35144578313253,9.308820987120754,55.11986256647816,False,49.20264075311452
AMT,American Tower Corporation,Real Estate,82871001088.0,24.46355,25.370756,1.66,22.278593,3.92,0.0147,23.0,0.895,0.7418315389962986,0.4630704770493959,0.23763222666892134,0.07825385619965786,0.16005556838827245,0.03340295998443743,,0.03960414640611319,0.12727806673538544,,3.6260114756510227,0.7652351657166097,0.9591475947407209,12.310444900752909,0.692539356605065,0.09028319525944666,1.1476039579250488,-0.13134101993110991,3783600000.0,0.045656501675202736,0.15786408131822707,-0.05482298170518346,0.009309957182440766,177.85000610351562,0.0370839882192077,18.405392597706417,14.58249498997996,15.623663734073032,16.0203683981217,64.63191971988111,False,8.318659355301591,6.849346563250471,7.504107288763003,10.725809218847118,8.945630564439451,42.34355299060164,False,53.487736355241374
AWK,"American Water Works Company, Inc.",Utilities,27362996224.0,23.863085,20.970629,2.49,2.3457358,2.6,0.0753,11.0,0.58,0.6071984435797665,0.36556420233463033,0.216147859922179,0.014375741931973798,0.029857451279778013,0.10670429850805996,,-0.008929785192216072,0.10653902615185018,,3.0552845528455284,0.8696709705068849,0.8699860977462601,1.468856694657193,0.10251914736550706,0.05507188866512634,1.017119098427584,0.12099699131252595,-1242000000.0,-0.04538976615838018,0.6422178988326849,-0.0039064841410917555,0.049630592030594604,137.69000244140625,-0.12121048053929333,19.529542485445376,13.830521042084168,7.768862081623959,18.38490584305562,59.513831452209125,False,5.090674593006373,16.007650256376973,5.356679337689423,7.43075021420569,11.659434696170802,45.54518909744925,False,52.52951027482919
AMP,"Ameriprise Financial, Inc.",Financials,49292722176.0,13.46884,10.792076,1.55,7.7473807,1.22,0.0421,11.0,1.134,,,0.1928030303030303,,,0.09030445218644934,,-0.040861482621829454,0.04203199493145049,,,0.8605510007874732,0.8863151596938268,0.8950984883188273,0.5440525271033746,,,0.19862377652999363,8161000000.0,0.16556196614301588,0.008766233766233766,0.0,0.1278180925419041,557.6099853515625,-0.1987375304777546,13.651911468812877,12.18936372745491,16.687981539946346,12.5,55.02925673621414,False,9.826235501118909,9.445497338871942,6.872616339007677,10.835662650602409,11.567421557610857,48.5474333872118,False,51.78834506171297
AME,"AMETEK, Inc.",Industrials,55437328384.0,34.259205,25.234167,2.68,4.924264,0.56,0.0127,18.0,0.989,0.3604103759487083,0.2581120198629504,0.19998902868162044,0.006965143118655689,0.01411808763271985,0.06364055992660522,0.06364055992660522,0.014081758237789531,0.08477324733231018,0.08477324733231018,23.510436409284466,0.8993058740656046,0.9218078656676802,0.22057476742875431,0.13925786068136098,0.12563099333237582,8.043281486208143,0.12441908780090172,1671515000.0,0.03015143493968268,0.017598427048028973,-0.00028935820249776425,0.050768263645601254,241.8699951171875,-0.2634339588440538,16.07585977636256,13.784108216432866,10.80578892619845,18.625139178002613,59.29089609699649,False,6.704103247407711,7.401868306613878,5.644718550654842,13.928882547579706,11.019017515460597,44.69859016771673,False,51.99474313235661
AMGN,Amgen Inc.,Health Care,204007489536.0,23.42334,15.463422,1.88,17.453747,2.67,0.024,29.0,0.426,0.6724714973742211,0.24706810699028597,0.20981741993415146,0.06312486785450629,-0.11634031910096504,0.11766399097603264,,-0.08612942360454626,0.055793388628522456,,3.2958257713248638,0.7544021767006052,0.846593881265652,6.306768306768307,0.8906213906213907,0.14409589598313233,1.9863452957062968,0.33231203468899073,8100000000.0,0.03970442466804946,0.24842861418736906,-0.12219688792833439,0.04453054503852127,377.3500061035156,-0.33982847877373595,15.861760267288757,15.617825651302605,17.369016684643587,8.338408287747495,57.18701089098245,False,11.080946035976016,6.534317518011293,8.145651711485954,8.656919189511518,12.80987985132682,47.2277143063116,False,52.20736259864702
APH,Amphenol Corporation,Information Technology,206943928320.0,41.96,25.633585,0.92,13.354551,0.6,0.0124,17.0,1.242,0.3688162219037268,0.25858746812039124,0.1849038956990132,0.024849434996526573,0.052035935204285705,0.2230660589034148,,0.3046123992856346,0.30936218110987035,,16.237085372485048,0.5747739078897889,0.686806219136286,1.1557358105136024,0.3183678642521117,0.25813045564594866,7.470795057859828,0.2411419296103301,4378100000.0,0.02115597222659313,0.04315275799209342,-0.04809443417691679,0.11229257015806897,83.91999816894531,-0.389094733079123,13.888325593761891,23.00805611222445,15.169516428808844,15.215792467444453,67.28169060223965,True,11.550103349903482,5.402312098396832,4.4130649699413524,10.142215856980048,11.253133373671018,42.76082964889273,False,55.02126012556619
ADI,"Analog Devices, Inc.",Information Technology,183543709696.0,42.896942,23.185719,0.55,5.4706163,1.16,0.0202,32.0,1.205,0.614669518890112,0.27246423158074895,0.20575338346110292,0.04416120617642598,-0.02329262713178304,-0.028383891841526898,,0.40284162198769113,-0.06214171851476524,,9.450188218408893,0.713650782390039,0.8839567426520802,0.256229973277249,0.06704987068897324,0.06278208725283456,8.609938988680415,-0.0248314768719351,4278650000.0,0.02331134097205863,0.20867641943656035,-0.07943764975434836,0.06418308925129085,378.7799987792969,-0.4595018218314956,16.413609241593722,14.827084168336672,8.322466288463348,10.211272207968243,49.77443190636198,False,12.660884196860211,5.872486369831894,7.004744083160219,8.472330977485802,8.062127236580515,42.072572863918644,False,45.92350238514031
AON,Aon plc,Financials,64208248832.0,16.976444,14.901295,2.3,6.685736,1.07,0.018,18.0,0.66,0.47703858913916536,0.2740818345847157,0.21506315115534602,0.012846651590142533,-0.019932108840238216,0.11247318365137482,,-0.07912386440597376,0.1258852531146426,,5.777914110429448,0.8095466492894776,0.8537430470405891,1.7184559452523525,0.3951026518391788,0.15315341615443373,1.688228937898801,,3218000000.0,0.05011817108452611,0.015307607240556428,-0.15856338588077862,-0.0812103804209541,302.69000244140625,-0.12223696552705628,17.274082774880526,13.287484969939879,15.396059357414646,12.71058842039018,58.66821552262523,False,5.751507541980559,9.473679171805022,12.416737144979413,10.04865705176946,9.740556660039761,47.43113757057422,False,53.04967654659973
APA,APA Corporation,Energy,15671223296.0,9.436709,10.276995,1.2,2.2340426,2.24,0.091000006,25.0,0.366,0.40560538116591927,0.30829596412556054,0.16076233183856503,0.06971013840281813,-0.15057536770288188,-0.06959142043384259,,-0.2600149730892642,-0.2644907769552457,,9.892086330935252,0.41021662329635034,0.8730792364796778,0.7533234859675036,0.23535204332840964,0.16397603941091687,1.8592316589559088,1.4331204200961936,1779000000.0,0.1135201742964176,0.3100896860986547,0.0,0.2566908221248216,44.72999954223633,0.08904439036956623,13.198030504707392,1.0464328657314628,19.360924079194408,8.865124413031902,42.47051186266516,False,10.67271391721758,12.801941812163305,7.820130160271975,9.493670777772941,12.954533667559858,53.74299033498566,False,48.10675109882541
APO,"Apollo Global Management, Inc.",Financials,76168257536.0,45.415493,12.014065,0.5,3.7887378,1.76,0.0433,19.0,1.514,0.9549751942338295,0.25766794595775216,0.10895815782083684,0.3309923567302747,0.6565556191889703,0.42964764687572576,,0.427309487473683,,,22.318918918918918,0.0,0.6034096153839084,0.5725547320166231,0.1496079859474744,0.3824715092694214,0.0661394242586028,0.520490787291984,,,,-0.09780093037314828,0.028317657748526282,128.97999572753906,-0.735463292229372,15.06934479043632,22.114388777555114,16.312160253200773,11.442664714140484,64.93855853533269,True,12.8023539862314,8.068974005322255,9.565448692152916,9.33283274672702,12.554650358717263,52.32425978915085,False,58.631409162241766
AAPL,Apple Inc.,Information Technology,4849207869440.0,38.148106,34.703167,2.48,45.14538,0.33,0.0095999995,39.0,1.085,0.4690516410716045,0.31970799762591884,0.2691506412181824,0.010092818482382875,0.0168205536706329,0.01812535743479393,,0.04403517705318618,0.039212592033254,,,0.9207276829188809,0.9644422504732338,1.3380304612588665,1.5191298333175105,0.8228358730470098,12.456715067689348,0.13317752639467462,98767000000.0,0.02036765646249887,0.11357383320397635,0.0,0.15512820916792244,332.2699890136719,-0.09030432598672128,18.596770044166348,15.5661623246493,18.644536549476086,18.227126397831242,71.03459531612297,True,4.3348878525427486,0.697102777958071,2.0716864268776964,16.898539167757505,10.416457775088599,34.41867400022462,False,52.72663465817379
AMAT,"Applied Materials, Inc.",Information Technology,362269278208.0,39.217354,24.735582,0.9,14.136756,0.46,0.0197,35.0,1.597,0.4867456288776086,0.2985758601240835,0.24668640721940213,0.006594256772069892,-0.0033050784060696947,0.032334704568867556,,0.019010249633071796,0.023602035200739557,,31.486988847583643,0.959946474849652,0.9593362637237169,0.3453343130051433,0.34278716629928974,0.3161285437849617,17.88900351851058,0.18741099091127245,5698000000.0,0.015728631553262557,0.2055132543711224,-0.3679417499177511,0.06729147566817453,456.489990234375,-0.3692694820767357,18.920236517387465,14.645340681362725,17.069977263224374,17.195890013070628,67.83144447504519,True,11.786253608705305,2.2552896410722405,8.720765093604221,18.094810276146436,10.96224824963264,51.819366869160845,False,59.82540567210302
APP,AppLovin Corporation,Information Technology,108413378560.0,24.88172,15.443736,0.66,34.339622,0.0,0.0363,31.0,2.488,0.8786399662671873,0.757549422821868,0.6082715090014682,0.33336102975362575,0.7745142847451937,0.2483811324958407,,-0.050585439412226374,,,20.056005332921128,0.0,0.5390625829598603,1.6605561231683945,1.5617226261095971,1.1295982725695892,16.18492500830934,0.039095093003972625,3942776000.0,0.03636798384452082,0.046495376426113594,-0.5192188003714175,-0.29363386744590475,323.9599914550781,-0.3793139702560756,19.80288971278747,15.796603206412826,19.054985500461147,16.219653144212614,70.87413156387406,True,15.993602555561248,3.4116104692672167,13.10902066353496,9.694512683160985,8.074855216526926,50.28360158805133,False,60.57886657596269
APTV,Aptiv PLC,Consumer Discretionary,9637198848.0,20.7,6.9648256,0.95,1.0840793,0.0,0.0705,19.0,1.33,0.19109716638886165,0.09888224335719188,0.008089028336111383,0.011690583812848092,0.02180522351614894,0.052626267311163044,,0.05160565764018134,-0.34752205980518935,,5.587257617728532,0.088333579702226,0.9323827573213822,0.8791137178233952,0.017921146953405017,0.031110430290416984,2.02961056735051,0.014839067828640973,1529000000.0,0.15865606013902184,0.03216001568781253,-0.4384710015739507,-0.278482805386756,45.540000915527344,-0.6635349951690821,6.518736483316695,11.726142284569137,8.75057960433988,13.714679043423535,40.71013741564925,False,14.072105775636754,15.884949860453041,19.22673880198024,6.084153183712447,7.487898694787795,62.75584631657028,False,51.732991866109764
ACGL,Arch Capital Group Ltd.,Financials,32766689280.0,7.524667,9.848001,1.05,1.4065107,0.0,0.0253,19.0,0.282,,,0.22792746113989637,,,0.2596165530127874,,-0.13351865854240477,0.43909412925453095,,,0.60209115011542,0.7145595975025255,0.11274064281583078,0.1817318020325539,,,0.2331017920140781,6128000000.0,0.1870191995179807,0.0022797927461139897,-0.044165945442353104,-0.002853756994109847,96.08999633789062,0.3087623678230545,14.014084507042254,12.069699398797596,14.53939323922005,12.5,53.1231771450599,False,14.209706349613079,8.249617868501332,12.82576148166892,7.387951807228916,10.640072607831275,53.313110114843525,False,53.21814362995171
ADM,Archer-Daniels-Midland Company,Consumer Staples,41795268608.0,23.693989,15.12116,1.07,1.7731613,2.4,0.039300002,10.0,0.613,0.06270166564925438,0.017740348079582403,0.013429842155751286,0.01262649475697259,-0.023734306298297782,-0.07541376844907977,,0.027966184766064134,-0.3713971528063209,,2.326797385620915,0.439673557845916,0.8962819126349896,0.4292438305547002,0.04742005014736286,0.03867999852160807,3.2546392941096927,-0.021759792323531202,4204000000.0,0.10058554807793042,0.0155477207888475,0.0,0.17546208254099674,86.72000122070312,-0.3618145091567317,4.469981386297082,9.370250501002003,8.518910641169347,9.021475770925107,31.38061829939354,False,12.684330104716516,12.514904102031544,8.273736438917481,4.845104251368714,8.85411444377215,47.17218934080641,False,39.27640382009997
ARES,Ares Management Corporation,Financials,43674984448.0,59.83636,18.300438,1.03,11.933641,4.1,0.14479999,18.0,1.517,0.5419738919093197,0.15937139492727104,0.09414687041750737,0.06644068822186976,0.059105083299137245,0.22389150252192347,,0.37227173448691864,0.46553403849467134,,1.1632085059807677,0.6010612810405462,0.7291463977609596,3.3264855759481486,0.12334617326825188,0.044281749009808316,1.732301688673694,0.39079988496069884,3194781000.0,0.0731489899854171,0.012885518510994055,-0.16614265202731274,0.02913808774517503,131.63999938964844,-0.6941585684690713,10.230813970539376,19.808256513026052,9.593450207544056,8.486269787481241,48.118790478590725,False,11.180486513264661,12.957642954501203,10.978596805988056,3.4368534117248863,13.376761172097847,51.93034085757665,False,50.02456566808369
ANET,"Arista Networks, Inc.",Information Technology,251727839232.0,63.16139,38.67813,1.44,17.010994,0.0,0.0139,28.0,1.617,0.6405609780472368,0.42818437211987964,0.3899086134337142,0.03652548301260831,0.07963428093710556,0.27146525721597636,0.27146525721597636,0.09093160180159818,0.3744220807063168,0.3744220807063168,,0.6183662466706528,0.702773799624214,,0.28385271411826524,0.30616917078704153,23.81531076641866,0.362960480665135,4252400000.0,0.01689284750138764,0.1506601374684922,0.0,0.24220467381202498,199.58999633789062,-0.38763016456730914,19.1359186826741,22.64673346693387,16.376970357789975,17.06191605751077,75.22153856490871,True,9.089085908539605,2.072311124813396,1.9291743646462958,9.633350697690984,16.533748497159337,39.25767059284962,False,57.23960457887917
AJG,Arthur J. Gallagher & Co.,Financials,61603868672.0,40.322147,16.138878,0.72,2.5970433,1.15,0.026400002,18.0,0.506,0.4257638789269832,0.18333094247597187,0.10715822694018075,0.007150626804659542,-0.011614441473692477,0.17699918642049317,,0.05933736637533857,0.10271296590164947,,4.0,0.7944528987483332,0.7918009771432526,0.5782342095107413,0.06406243300030016,0.05798559472294543,1.24188160888176,0.3662913432047683,1785000000.0,0.028975452978512575,0.0104002295223067,-0.08082346239862546,0.03160346266265239,240.32000732421875,-0.5997515211677593,13.425681740265679,19.10930861723447,5.5574453323932955,11.704573510190249,49.79700920008369,False,12.04117767642085,11.499051405205428,8.852081641981709,6.258928567709256,11.901007001469445,50.55224629278669,False,50.17462774643519
AIZ,"Assurant, Inc.",Financials,13931991040.0,13.456884,12.053704,2.16,2.2874217,1.25,0.0376,6.0,0.542,,,0.06810360300601671,,,0.07927210984608024,,0.011864378175888035,0.466687531698333,,,0.594645330005251,0.9032846388948925,0.3758600722120035,0.14863069691395872,,,0.11562060962467258,1598400000.0,0.11472875595532969,0.018377905933215238,0.0,0.12498589612128534,282.4599914550781,-0.10427228175556844,11.227364185110664,10.66003006012024,14.331707411830138,12.5,48.719101657061046,False,6.7807102957003025,11.180429512559227,8.325531705445657,9.347670682730923,10.760286109430373,46.39462830586648,False,47.55686498146376
T,AT&T Inc.,Communication Services,178573164544.0,8.60066,10.164916,1.53,1.6230693,4.26,0.0183,23.0,0.431,0.5955367375525277,0.198968547052082,0.17471826053737424,0.005014903691371959,0.009215273516166272,0.013367419328691454,,0.027824441419437348,,,3.6743092298647855,0.0,0.9832410079306981,1.402685170944424,0.19861036975382917,0.08752290850565445,0.9699737643494033,0.042707379722472405,19442000000.0,0.10887414158586822,0.16587609830637973,-0.07949855207227519,0.03774905422460776,26.059999465942383,0.18187627461148334,17.554483297685586,13.644268537074147,16.044568118961216,16.796558067483176,64.03987802120412,True,11.373281060489589,6.035583987797754,12.496503858852916,8.558373192226123,10.64186619413951,49.10560829350589,False,56.572743157355006
ATO,Atmos Energy Corporation,Utilities,27577243648.0,19.637785,18.09537,2.01,1.8073584,2.43,0.0297,11.0,0.594,0.5813101043962529,0.33171428237277933,0.25490462505488803,0.055821713188043555,0.11251959227157651,0.03827025829324082,0.03827025829324082,0.15483076088069636,0.1567920151846185,0.1567920151846185,9.086609816050979,0.8101771538908058,0.9426685368793426,0.6861554301273924,0.08841092449308166,0.05583516982925398,1.7132731174957947,0.1291155320157258,-1511943000.0,-0.05482574760910348,0.7573005610541055,-0.13094798715390304,-0.05324736220272523,163.19000244140625,-0.07854322674374944,16.80104429450945,14.411653306613225,7.402750323697055,15.606543786609867,54.221991711429595,False,6.436358666871658,14.434672389173752,10.641278388383038,10.410717044584818,12.338787826401276,54.26181431541454,False,54.24190301342207
ADSK,"Autodesk, Inc.",Information Technology,44391600128.0,27.40645,14.942477,0.8,13.12164,0.0,0.044899996,34.0,1.309,0.9097973910630031,0.24895920066611157,0.1559811268387455,0.022832481667514486,0.051356803063713985,0.12918055811635742,,0.060002806352730406,0.10948684865853897,,,0.848363779953341,0.8405781853588697,0.8978653530377668,0.3691297208538588,0.35635308442562547,3.635601262028981,0.3854598248662737,2376000000.0,0.05352363945316173,0.23855120732722732,-0.29979562055545134,-0.11574058504546038,212.39999389648438,-0.45478246909030534,18.124512111937122,14.642845691382767,20.589908230642774,15.275596650045992,68.63286268400866,True,15.81417516527443,4.698871616797559,13.891330783891991,12.239622436531048,10.944420433918232,57.588420436413266,False,63.110641560210965
ADP,"Automatic Data Processing, Inc.",Industrials,106569711616.0,24.49863,20.021734,2.46,17.694084,2.53,0.030299999,15.0,0.83,0.46416432014726117,0.2633113717342373,0.2010944348761129,0.0061725378954330746,0.013069868752924652,0.06808407405467554,,-0.0033013943813882535,0.089577273581541,,12.582190289571086,0.8900964535922553,0.9146801668941658,0.873922270858204,0.73177808727948,0.6293936473875161,2.4347397452613424,0.19785061970951,4776100000.0,0.0448166737769696,0.030304272943492166,-0.05655288001990284,0.13156637298111648,268.260009765625,-0.18274066753936855,17.802442843616593,14.542384769539076,18.85589435669939,18.946948976134,70.14767094598906,True,8.388202736637114,11.167231777763355,5.599227788638524,15.568475787151336,12.355756763765234,53.07889485395556,False,61.61328289997231
AZO,"AutoZone, Inc.",Consumer Discretionary,46963965952.0,19.801418,16.447311,1.32,-16.911018,0.0,0.0299,23.0,0.34,0.5262486365892685,0.1906230501253068,0.13191215645706095,0.006056878409293867,-0.010624963224245831,0.05231525172845841,0.05231525172845841,-0.03492339657679206,0.009330259611037173,0.009330259611037173,7.416157897764156,0.9613847200190443,0.9327974828872081,-3.5992001904922013,-0.7316982947960542,0.33448956850877476,2.4727898749504638,,1790080000.0,0.038116031380943625,0.07008167448724219,-0.2725063555230446,-0.1268963290533882,2876.75,-0.16938721257235226,15.708946888502288,10.933346693386774,12.643555082651286,16.183164302657694,55.46901296719805,False,9.351048019269202,12.867978353994937,15.857927736806232,15.591586723026927,7.783155611783843,61.451696444881144,True,58.460354706039595
AVB,AvalonBay Communities Inc,Real Estate,26283393024.0,25.248285,36.584446,7.17,2.1691887,0.0387,0.0363,17.0,0.773,0.6313662037836372,0.30247917848539413,0.34574024286971033,0.008770629693895516,-0.0003187205261912518,0.054467774166829575,,-0.009117127258642485,-0.025719101791979004,,3.5487014866058852,0.9161570823705819,0.9319353325369787,0.8176275950923838,0.09054088503135728,0.044017177357713835,1.8141048400146516,0.010489684364747731,1406163000.0,0.053500056051210686,0.08713119404089485,,,,0.44898736686471974,20.77456632201424,11.575290581162324,9.456059655014998,15.682274773684462,57.488191331876024,False,10.880105570645211,13.240320146686571,11.651707910750506,9.522546115052975,7.74263116950471,53.037310912639974,False,55.262751122257995
AVY,Avery Dennison Corporation,Materials,12955941888.0,18.511477,15.141817,1.92,5.5349326,2.36,0.040999997,10.0,0.814,0.28753881768392525,0.12690418384055108,0.07769182993619785,0.006042512125571089,0.00815605068864772,-0.006824275768766208,,-0.0353958239612906,-0.03139866337527575,,8.299852289512556,0.8329319309001044,0.9674495571348564,1.6649123589491994,0.3068551804112216,0.14479294935815779,3.5250342241059913,0.03330733091205018,681000000.0,0.05256275505764294,0.038055445768166676,-0.122456104179961,-0.013219214337454504,169.3800048828125,-0.18203085577666223,9.807018784704297,6.151723446893788,15.704606087669982,15.662995594713658,47.326343913981724,False,10.518107586395393,10.030417180502369,11.247810301974114,14.05651825601262,9.69193534445501,55.5447886693395,False,51.435566291660614
AXON,"Axon Enterprise, Inc.",Industrials,38940344320.0,199.72499,45.332504,2.25,10.59713,0.0,0.052800003,19.0,1.399,,-0.02233322396256066,0.04484777315350476,0.054784381228307255,-0.1006498210363757,0.32787263939187605,,0.00033983024547212803,-0.05332501203818374,,-0.6587151679789469,0.4378397384779482,0.6370780226633457,0.5889193371610574,0.03844253695579367,-0.10321712305861352,7.23999679960039,0.3673234183205183,75081000.0,0.0019281031359919933,0.2952168995112853,-0.3453696118383016,-0.04196189402470235,479.3399963378906,-0.7730253785467708,5.660293683483483,15.730611222444892,5.064900565756221,2.470373239095706,28.926178710780306,False,8.20119065921864,7.9472033815798016,10.519031527909853,1.7330959596426754,10.900942173048664,39.30146370139963,False,34.113821206089966
BKR,Baker Hughes Company,Energy,58627330048.0,19.11327,18.989805,1.78,2.9438741,1.56,0.0308,23.0,0.961,0.23596437457180977,0.12825875311001333,0.09331842930804457,0.0176419790007634,0.03892239463014947,0.09442943355196065,,-0.0945262482911645,,,16.02252252252252,0.06795650759837413,0.8777790451147299,0.3231920993947117,0.1374110650950409,0.15298507964197539,2.5708613730589938,0.09375576697001531,2537000000.0,0.043273333408205356,0.06753686943352684,-0.1463256143146134,-0.010592456512984698,59.060001373291016,-0.006459648192067579,8.106351645725011,11.130661322645292,13.64880375268058,12.882007309870744,45.76782403092162,False,5.51661285638634,10.358702700071396,11.589395162047335,9.337696018931817,10.618225430028524,47.42063216746541,False,46.594228099193515
BALL,Ball Corporation,Materials,15948166144.0,17.114286,13.244097,1.02,2.758462,1.34,0.0343,14.0,0.951,0.19588177190183118,0.1056150748423372,0.0692956462274903,0.009972268956058175,0.0232788498946854,-0.005287656768822813,,0.13794741721959505,0.08248523828982335,,4.426751592356688,0.0,0.9376949144852026,1.2934882862940418,0.16823464305478694,0.09751852055511419,2.510984103639511,0.16133969151856098,788000000.0,0.0494100696522064,0.036015500341919304,-0.09888698173203891,0.0008829674667362204,59.900001525878906,-0.22613791776063577,7.86241405846856,11.587114228456915,12.47506225578092,15.192071694825,47.11666223753139,False,13.791788380395978,13.773860096060233,11.045220091339111,7.637208870809631,11.452480767568503,57.700558206173454,False,52.40861022185243
BAC,Bank of America Corporation,Financials,438375383040.0,14.47806,11.841551,0.95,1.5934625,2.04,0.0,21.0,1.164,,,0.2697595869032777,,,0.06003133969580876,,0.03836600617548805,0.0348667604017856,,,0.9333254085143545,0.9278400133209773,1.2066362620076967,0.10060908248500378,,,0.0353923522760351,12613000000.0,0.028772144805515036,0.0,0.0,0.13895678539013298,62.689998626708984,-0.18210374870666363,14.356136820925553,17.696022044088174,8.73001251390434,12.5,53.282171378918065,False,10.867464425425784,5.810503180372558,5.77409028613874,12.80875502008032,9.601218774310658,44.86203168632806,False,49.072101532623066
BAX,Baxter International Inc.,Health Care,12304504832.0,,11.68729,36.68,1.9826725,0.17,0.071100004,11.0,0.595,0.3005158306652437,0.01574172892209178,-0.08511205976520811,0.031089299677066053,0.01902302553141862,0.0378887286798415,,0.030523420858133157,,,0.6103448275862069,0.0,0.952218956319703,1.595692608908468,-0.1561429270680372,0.010028688230653374,2.2445896637520524,0.016636929899265906,323000000.0,0.026250548430033726,0.09249377445748844,-0.08986311901056777,0.13408814731506802,23.799999237060547,,3.899383968097107,9.467224448897797,4.9657198308686965,7.753636781720481,26.08596502958408,False,7.060728744939272,17.272197540079183,7.865504001697814,4.86547385097209,7.900099403578529,44.964003541266884,False,35.52498428542548
BDX,"Becton, Dickinson and Company",Health Care,48443998208.0,30.769896,13.379736,1.11,1.9841137,2.36,0.044699997,12.0,0.276,0.45444139194139194,0.13672161172161174,0.07683150183150184,0.00708271865102072,0.005561039384568811,0.04992975699544888,,0.04076049199702659,-0.01929436778681881,,4.871125611745514,0.9242852205908537,0.9351999088677693,0.7554549035053171,0.06608901142181961,0.0606361698865323,1.9555549326686565,0.0014219151785190842,2671000000.0,0.05513582897373061,0.09271978021978022,-0.048966921682658406,0.10657521634442675,177.85000610351562,-0.5651679810682494,11.91044063099998,13.964979959919841,9.926197005828541,13.937884252311566,49.739501849059934,False,12.633124925263498,16.091714967222693,9.153507201423551,10.653798568535267,9.10497882271588,57.63712448516088,False,53.68831316711041
BRK-B,Berkshire Hathaway Inc.,Financials,1092553998336.0,12.756062,22.997368,10.06,0.0009772973,0.0,0.0095999995,3.0,0.603,,,0.1631288944319671,,,0.20586499585407747,,0.002064129248948339,,,,0.04386844377557342,0.7453621828483981,0.17992414474665433,0.09334572962243821,,,0.1486142534682342,25042000000.0,0.02292060624750803,0.05097656154846756,-0.006695086622976736,0.0327738606689229,510.3699951171875,0.8028579666671424,13.209255533199196,19.724719438877756,9.712706724792254,12.5,55.14668169686921,False,11.42486205777345,10.462828584409685,7.976265805788074,6.292931726907631,10.18355086870084,46.34043904357968,False,50.74356037022444
BBY,"Best Buy Co., Inc.",Consumer Discretionary,19043274752.0,14.668821,12.588016,1.68,6.0021152,4.23,0.0797,20.0,1.305,0.22482070470845025,0.04197548631599146,0.02564102564102564,0.0010779497645438305,2.9829916146972835e-05,-0.0343345487205291,-0.0343345487205291,0.04820380696995503,-0.0900900029576508,-0.0900900029576508,37.234042553191486,0.8169827500330596,0.9487631032990933,1.3943994601889338,0.3606612685560054,0.24817132719726487,4.460965165336846,0.0197619322258078,1258000000.0,0.0660600666840602,0.01688613849511885,0.0,0.2582282311077919,90.80000305175781,-0.14185223202328257,7.342206159753433,8.618096192384769,17.839662209365418,12.991721934453212,46.79168649595683,False,9.448060267513965,9.007145128837541,5.616852759559384,15.864689882188651,6.054083797609598,45.99083183570914,False,46.391259165832984
TECH,Bio-Techne Corporation,Health Care,11309731840.0,62.172417,31.270462,2.1,5.3398495,0.44,0.0428,11.0,1.275,0.6576504951692909,0.22436399160849982,0.14967585402608477,0.02430108589759197,-0.03163802123215673,0.02246362045511785,,-0.05603051849991356,-0.1393389033556689,,28.308515057113187,0.510541734419691,0.9651880624066203,0.1371236696722023,0.08626325228711791,0.09659101852970196,15.859040004528616,0.023464736391477503,263223000.0,0.023274026628026575,0.10173829811224167,-0.0026275040578968827,0.15006353359573266,72.12000274658203,-0.49703641085724565,15.87969412887597,5.028496993987976,9.597095981862083,11.480333543108873,41.98562064783491,False,7.959386050325423,10.110829330823652,3.9723244293346283,12.202320168612474,8.28131212723658,42.52617210633276,False,42.25589637708383
BIIB,Biogen Inc.,Health Care,32084781056.0,38.63879,13.125723,1.45,1.7016691,0.0,0.0432,31.0,0.171,0.7569207125957981,0.24963096273229127,0.13072007764948537,0.04031772407798203,-0.0356129085398498,-0.00935320400320594,,0.0384260855782072,-0.24854626934561286,,9.229906542056074,0.5146710146568804,0.9790367441528887,0.3602602865781517,0.0708174488409798,0.09396642379146636,3.468568620302692,0.10865386489397211,1969200000.0,0.06137489286783681,0.20362768689462724,0.0,0.10277684668760471,217.14999389648438,-0.6602967380707315,15.945564814613004,9.168356713426853,12.737530441015792,10.308315583095318,48.15976755215097,False,10.934248962230308,7.494145680534823,8.193832463339877,11.361805580773243,9.553116086092142,47.5371487729704,False,47.84845816256068
BLK,"BlackRock, Inc.",Financials,175417425920.0,25.44544,16.788149,0.9,2.904596,2.12,0.0126,16.0,1.429,0.4670465807730426,0.326602246448629,0.22931119920713577,0.01875956734027558,-0.0357320007398676,0.1065430569599104,0.1065430569599104,0.043978477152278234,0.02358019865622829,0.02358019865622829,12.881107491856678,0.9102786632443326,0.8506162068743348,0.26832235900372176,0.09935943315201833,0.10381326222827064,1.7661255395276547,0.13978660368367346,3552000000.0,0.02024884347362335,0.015485629335976215,-0.06093695303343245,0.02705009033333341,1079.6500244140625,-0.3402295656903555,17.19048641140336,19.380831663326653,8.34780493626311,12.599143147601296,57.51826615859442,False,10.974017321785476,10.732936976698904,7.618357316311664,11.242046106503938,12.759893602810017,53.32725132411,False,55.42275874135221
BX,Blackstone Inc.,Financials,153607716864.0,28.120348,17.169233,1.21,11.403851,4.07,0.028800001,21.0,1.558,,,0.2432885641045311,,,0.20274657241463667,0.20274657241463667,-0.4246717726303642,0.19990828577644715,0.19990828577644715,,0.647630898190203,0.7092335536486836,1.5355288299867775,0.34841670315223794,,,0.04215588308409801,4547458000.0,0.02960435903116894,0.009323359236074873,-0.14008936217266824,0.015762110740107613,128.50999450683594,-0.3894373924533225,14.14486921529175,15.588577154308616,12.225808496368515,12.5,54.45925486596888,False,10.459061480380603,5.046881449990265,8.607223903257273,7.5687951807228915,14.993721858571888,46.67568387292292,False,50.5674693694459
XYZ,"Block, Inc.",Financials,47588970496.0,141.44643,15.331372,0.61,2.1584282,0.0,0.0276,42.0,2.522,0.428208016117265,0.12588624890224445,0.05396598773324425,0.05727356009642541,0.1274421833421785,0.1133377071512014,,-0.09762171432400678,,,,0.0,0.8576326994781439,0.40381299495529643,0.05880110130128978,0.11850522619164686,3.017232006384474,0.08837101806997216,2424676000.0,0.050950377256087136,0.1266002782627184,-0.03425990823703959,0.10922839485876679,79.20999908447266,-0.8916100462910234,7.621819552952546,12.127144288577155,12.366046427758448,9.169234399961272,41.28424466924942,False,12.417832556073726,4.762144155254106,8.324832532721684,6.827831592445169,9.216159564353013,41.5488004008477,False,41.41652253504856
BK,BK,Financials,,,,,,0.0,,,,,,,,,,,,,,,,,,,,,,,,,,,,,12.5,12.5,12.5,12.5,50.0,False,10.0,8.0,10.0,10.0,8.792246520874752,46.792246520874755,False,48.39612326043738
BA,The Boeing Company,Industrials,166211829760.0,75.70144,51.449986,1.48,27.274494,0.0,0.0001,26.0,1.213,0.04794160714485318,-0.06053899377396242,0.024982394956574228,0.06457748719278368,-0.007857634177517551,0.10333066303739025,0.10333066303739025,0.4899242107140449,,,-1.9545290508841573,0.0,0.8542611336376468,9.98038137147048,0.4097909790979098,-0.09394279777913514,1.5391492119070893,,-1886000000.0,-0.011346966113803524,0.0733934699261147,-0.09956359811279883,-0.03834730722762712,210.4499969482422,-0.3203565744588214,1.4783121138526434,21.314789579158315,8.048660783458947,4.071809798131383,34.913572274601286,False,7.8948137139343,5.479917407671837,7.227766305745221,1.7927722408831301,10.474064702692933,32.869334370927426,False,33.891453322764356
BKNG,Booking Holdings Inc.,Consumer Discretionary,134766862336.0,19.302996,14.051746,0.64,-12.225503,0.97,0.0269,37.0,1.068,,0.3448378348255749,0.20076531559980682,0.030370549733719953,0.046300678593860445,0.1634869878187224,,0.022756218710365386,0.2089990318707129,,5.740259740259741,0.7298516216090498,0.8141915467543033,-3.458766583004661,-0.9688060236643958,,6.367235733527653,,9087000000.0,0.06742755483424658,0.011962700152320095,-0.18223052920521463,-0.04658226679575279,173.9199981689453,-0.27204326209257884,15.78255895931332,19.461472945891785,9.989975585618007,16.64403713027061,61.87804462109372,False,12.695109243410377,6.902387064321412,15.756915954142707,8.218276787537558,9.663021868787277,53.235710918199324,False,57.55687776964652
BSX,Boston Scientific Corporation,Health Care,62287884288.0,17.40081,12.532475,0.63,2.4941967,0.0,0.033299997,29.0,0.568,0.6900966424230348,0.19781807312942115,0.14436584636843677,0.01599156603300377,0.03743327577884553,0.16541890019606442,,0.022609076218916946,0.607240939421152,,11.378223495702006,0.48574932924779235,0.7974827733043992,0.4719379333113239,0.1195939253879168,0.10066324870772499,2.958956546136265,0.11302831499522781,3404000000.0,0.05464947218725478,0.15851350004981568,-0.5768852257581213,-0.30124047215643707,42.97999954223633,-0.2797763437449176,16.34209440299252,17.92148296593186,13.73688778928894,15.686922108728274,63.68738726694159,False,14.973650045268965,10.37059518400727,16.860385060872332,7.6201909583432865,9.6074639121791,59.43228516067095,False,61.55983621380627
BMY,Bristol-Myers Squibb Company,Health Care,129998356480.0,14.017621,9.704621,17.75,5.8251715,3.96,0.0216,24.0,0.227,0.7108413735864716,0.2847598298578691,0.14636373067745617,0.06724485162670965,0.08752852068739311,0.01449177656319045,,-0.07536415434463811,0.03692148613955659,,7.25753569539926,0.0,0.9656911313743903,2.5517782709900936,0.38185459860336707,0.1873775094815165,2.379193130659921,-0.15904259538859156,12845000000.0,0.09880894149593483,0.2336756924992219,-0.04744796115529204,0.0684046330756588,63.63999938964844,-0.30768416409603316,15.940693722374185,9.707084168336673,20.32567574095052,14.966391537977442,60.939845169638815,False,10.51118058046772,8.27767638086584,9.028322274417294,11.10657229779191,8.91109862563748,47.834850159180235,False,54.387347664409525
AVGO,Broadcom Inc.,Information Technology,1728006324224.0,46.231163,18.674767,0.36,17.335026,0.72,0.0108,47.0,1.457,0.6776652527118193,0.40814250160439525,0.3619828760154648,0.07390760627741355,-0.021999353047292836,0.24378426000041764,,-0.20110603021051518,0.262400569832006,,8.123052959501557,0.4737896872927273,0.6887080556106051,0.8012596565467697,0.2844806377011268,0.20368862561454928,12.590879057298206,0.5297363949555542,26914000000.0,0.015575174478650323,0.18157058556513844,-0.1884797490200543,-0.012172565983145195,361.989990234375,-0.596056733420269,18.42179931709548,17.074328657314627,15.2551470987212,11.03406230333543,61.78533737646674,True,13.08625873349391,1.152605471538911,8.691111765930268,8.375170144939293,11.808064655544989,43.11321077144737,False,52.449274073957056
BR,"Broadridge Financial Solutions, Inc.",Industrials,19400523776.0,17.509396,14.490551,1.95,6.7319503,2.6,0.0294,8.0,0.91,0.31779638347956346,0.1739514230686925,0.15037181682002995,0.010340728464070553,0.019452916246273377,0.0724890868669692,0.0724890868669692,0.026554757047374276,0.21257724685702994,0.21257724685702994,11.633273703041144,0.7341362560516956,0.9108717651118288,1.2383299302964164,0.3957966626768992,0.1698147719159465,4.074607998351945,0.08230230579408793,1233000000.0,0.06355498512495418,0.015059918681789,-0.24778125417404767,-0.01177817772476668,167.74000549316406,-0.17241285764511805,12.239267605478219,11.7811623246493,16.61223414640675,15.644484920365977,56.277148996900245,False,10.137728693691386,9.69188047640683,12.93508794756368,12.139347702142544,13.756272640834835,58.66031746063928,False,57.468733228769764
BRO,"Brown & Brown, Inc.",Financials,22147860480.0,21.214745,13.71768,1.51,1.7359035,1.0,0.055,16.0,0.582,0.4907166406385563,0.2606281450633351,0.18289085545722714,0.012488075728913046,-0.009649710676210232,0.17384548109418518,0.17384548109418518,0.10436228047819696,0.1618688614810384,0.1618688614810384,4.908496732026144,0.8122692173338419,0.7960257502260261,0.6310671873754682,0.08400414441699211,0.060298802710762336,1.478668143623337,0.39653920318279456,1382000000.0,0.06239880376923884,0.011799410029498525,-0.17082392556463816,-0.0201757937119468,66.19000244140625,-0.3533893525470139,16.84637628087841,16.74084168336673,8.837051106322503,12.725843539720188,55.150112610287835,False,10.092750132390371,15.10255468293633,14.168273380649005,6.904416442122355,15.983878939799933,62.251873577897996,False,58.700993094092915
BF-B,Brown-Forman Corporation,Consumer Staples,12031420416.0,17.137255,15.298888,1.99,3.0301628,3.47,0.1254,17.0,0.331,0.6053971486761711,0.29327902240325865,0.1820264765784114,0.0173396557235809,0.0267227310125302,-0.024234406984345203,-0.024234406984345203,0.036763941701214206,-0.029829436645084417,-0.029829436645084417,11.184466019417476,0.8427247370951784,0.9637301054074912,0.6223880597014926,0.17786069651741293,0.14977661158783065,4.0798280252302215,0.07147325492184153,893000000.0,0.07422232530520194,0.027240325865580447,-0.07959988783929417,-0.007698476261025361,26.219999313354492,-0.10727313096525669,17.903530335090263,8.10755511022044,15.252510667458283,17.64619136370237,58.90978747647136,False,8.351774030987887,11.527724573245926,11.71809090649373,14.464031197887115,7.643342317635686,53.70496302625035,False,56.30737525136085
BLDR,"Builders FirstSource, Inc.",Industrials,6495598080.0,65.61956,13.570805,2.02,1.6217597,0.0,0.086899996,21.0,1.412,0.30385669120678144,0.05176056463197925,0.028649158777926245,0.048221466361185315,-0.11413473835857563,-0.12565732756059322,-0.12565732756059322,-0.03301224821911465,-0.4590568582100264,-0.4590568582100264,2.8707310127275516,0.3264105001776181,0.8127777688687332,1.1718696830674518,0.09999400310322176,0.07203661281352826,2.3122953545998355,-0.04280031724995881,853284000.0,0.1313634232738735,0.023870096832009295,-0.4803305510594134,-0.28297406817349424,60.369998931884766,-0.7931896373581292,4.517637614478751,2.3439679358717433,11.539383278403912,3.6893123396427363,22.090301168397144,False,8.948700866089274,15.451609820211594,18.78524306079887,4.511939153617633,1.3353295248273205,49.032822425544694,False,35.56156179697092
BG,Bunge Global SA,Consumer Staples,23517302784.0,26.903296,10.7933235,1.37,1.4740734,2.31,0.0507,9.0,0.66,0.04847218075047278,0.018427675638783433,0.011602610587382161,0.01414341971825832,-0.015975584713429795,0.015124876158678413,,0.43229198072976904,-0.2027006177991839,,2.0636942675159236,0.5726399634937641,0.875946248910345,0.996919014084507,0.05130784708249497,0.03157187639946261,2.8937484480383384,0.19911920203660838,-879000000.0,-0.03737673525205568,0.024499139757425813,-0.025766256508872955,0.07146502416701125,122.41000366210938,-0.5988103650942993,4.247867549578445,12.835030060120243,3.2016121528775727,9.048990656920171,29.33350041949643,False,12.328234168673875,17.381468650613357,6.344258492129246,4.404678767576709,12.225408419050915,52.6840484980441,False,41.00877445877026
BXP,"BXP, Inc.",Real Estate,11702768640.0,34.784943,29.107168,2.39,2.002104,4.33,0.0935,20.0,1.033,0.6063876559000586,0.2912894113309129,0.07948817426748403,0.022136442956213597,-0.05016220276567973,0.03856526122650683,,-0.019099999693330667,-0.3117252522317242,,1.5530423892041192,0.0,0.9505182334529326,3.3675365606099876,0.05369827467133086,0.038094960760403355,0.6363230557213939,-0.05661240298361636,1245157000.0,0.10639849750973117,0.0,-0.07729614355447297,0.038647418729637895,64.69999694824219,-0.16322507701105035,15.332948028059967,8.662254509018037,7.981191011747614,10.131553468557872,42.107947017383495,False,5.7533012179914245,10.198050561433114,12.03754094546998,5.249709313731737,9.352428904831878,42.59103094345814,False,42.349488980420816
CHRW,"C.H. Robinson Worldwide, Inc.",Industrials,17852534784.0,29.045626,20.372786,1.83,10.992949,1.65,0.0456,25.0,0.943,0.08373509796206598,0.04897262406898936,0.036166424656110606,0.010256663604731396,-0.0023211053373566465,-0.13053598256384413,-0.13053598256384413,-0.09148934279724738,-0.14537410504345327,-0.14537410504345327,10.964374379344587,0.5456468204493199,0.7998103148211677,0.7560416482675181,0.31808953716501587,0.20972890355387663,8.97144151767972,0.10893256316190647,843976000.0,0.047274855375517746,0.004345717361856388,-0.20753468849685502,-0.09804270134201665,152.77999877929688,-0.2985936677694603,5.682548285970077,2.112064128256513,15.4473166994021,10.7551193300092,33.99704844363789,False,9.394642887647551,5.635000162263907,12.5465665391946,9.68847982794635,5.860334828970839,43.125024246023244,False,38.56103634483057
CDNS,"Cadence Design Systems, Inc.",Information Technology,79812878336.0,56.51758,30.315063,2.15,11.620352,0.0,0.0212,27.0,1.137,0.8636432203164237,0.311469900744965,0.20935217177145496,0.0062478179893426565,0.010002743603383324,0.14143248241855333,0.14143248241855333,0.006444742152448474,0.09312086157613297,0.09312086157613297,14.156228280176075,0.8879451786084159,0.8307809944384208,0.477959899389516,0.20256692279630506,0.23617218697938477,12.626686552710598,0.2586924934107433,1586910000.0,0.019882881473330054,0.3607192624772998,-0.2290046108114446,-0.10583952739443095,289.3699951171875,-0.4636171081635131,21.811366073397117,15.67867735470942,15.954613879050287,18.49589122331413,71.94054853047095,True,7.927364662874322,3.3746830985915492,11.082275690655088,12.913305673475861,13.536120038661313,48.83374916425814,False,60.38714884736454
CPT,Camden Property Trust,Real Estate,10356558848.0,33.773773,94.504585,9.17,2.7782724,4.12,0.044499997,22.0,0.782,0.6140965870671554,0.18360211090379425,0.2443287254757414,0.012426078775555231,-6.465978633110603e-05,0.03414829875709913,,0.01806199319925298,-0.1621281883496155,,2.089902270705083,0.5002194042665227,0.9560862110483895,0.8941591826564582,0.0881283605840015,0.03471613468904264,1.5151244180946857,-0.04359063859328671,386219000.0,0.037292213144193585,0.2798790500932926,-0.10027073055935411,-0.029601846039058563,103.01000213623047,1.798164865974554,16.99065646485812,10.210501002004008,8.666083547100216,10.937708767003922,46.80494978096627,False,9.76823143545329,11.471886642435257,10.853152864448353,6.722867827968859,9.356080905869133,48.17221967617489,False,47.48858472857058
CPB,The Campbell's Company,Consumer Staples,6262330880.0,16.030535,11.449133,0.56,1.6255128,4.76,0.2557,17.0,0.019,,,,0.005386409423997163,-0.002119445079889898,,,,,,,0.8046787129844677,0.9257759847087376,1.8482829318298308,,,,0.054154363500539926,705000000.0,0.11257789048668089,,-0.2762063437969379,-0.09046517736785212,21.0,-0.28579220843222014,14.62637362637363,10.085,15.168610547667342,15.355769230769232,55.235753404810204,False,15.08806949213345,12.848871454533652,17.31567717052824,11.353253012048194,11.06530382919872,67.67117495844225,False,61.45346418162623
COF,Capital One Financial Corporation,Financials,127792062464.0,11.482911,8.664431,0.19,1.2409225,1.54,0.0201,22.0,1.016,,,0.04590710034809298,,,0.1598069408002154,0.1598069408002154,0.3029775032413799,-0.3066701293033034,-0.3066701293033034,,0.587722591926174,0.7899190943843372,0.4437139135333052,0.021590268976200536,,,0.2928082994711614,26140000000.0,0.20455104562823562,0.02953175880525508,-0.1304830056538689,0.02149604248497171,208.3000030517578,-0.24544995602595887,10.895372233400403,22.10202404809619,12.511343281750964,12.5,58.00873956324756,False,14.140718153709491,6.784361491529824,14.432942841633983,7.587590361445783,11.97426350984999,54.91987635816907,False,56.46430796070831
CAH,"Cardinal Health, Inc.",Health Care,54555291648.0,32.669918,16.66366,1.2,-18.958216,0.88,0.0334,16.0,0.519,0.038442780277524305,0.012479940845159057,0.006741449293603096,0.0016392933504398438,0.003752217517403532,0.07444137775897364,,0.16101953605670172,0.7318048805670849,,9.117816091954023,0.4222881291026239,0.9102528742373748,-3.0822060353798126,-0.5945195976413458,2.169559163579403,5.069017928626598,,4525000000.0,0.08294337475447969,0.0025526257827003557,-0.010436812818093952,0.07523903445076556,234.57000732421875,-0.4899387258945676,5.591958347553132,17.39117234468938,14.4567527296898,12.316738877862225,49.75662229979453,False,11.750772988947539,11.534526513922243,10.342446076050626,12.344845145872355,9.606361829025845,55.57895255381861,False,52.66778742680657
CCL,Carnival Corporation Ltd.,Consumer Discretionary,31159517184.0,10.247747,8.641548,0.79,2.406898,1.98,0.033800002,26.0,2.312,0.40096164682017954,0.1683633221892491,0.10367754780060855,0.24896162411013287,0.5281299422895038,0.2981448600373693,,-0.0948088670121368,,,3.322461082283173,0.0,0.6969373790512478,2.278817974601107,0.22468251383914034,0.11636802530958833,1.1770977701470693,0.20253125349480694,2607000000.0,0.08366625145715223,0.13564479170579619,-0.27070601953050244,-0.16738822548911916,22.75,-0.15673679297508028,8.35614182022993,13.435841683366734,16.705080820076304,12.428214406738636,50.925278730411605,False,12.867490049368797,11.829072337249302,16.60842709808547,4.650868749583194,12.111893854265709,58.067752088552474,False,54.49651540948204
CARR,Carrier Global Corporation,Industrials,47725150208.0,40.46479,17.367859,1.13,3.6058989,1.67,0.0225,21.0,1.298,0.25861038304133904,0.08769025612728193,0.06823929737435049,0.011204895694574979,-0.022443941003675957,0.07948894772684056,,-0.21939858586509117,-0.2511598551808468,,4.163755458515284,0.32922197240350604,0.8794954183494197,0.8874963778614894,0.1075050709939148,0.06744695920637443,2.5313798873291162,0.21176496479611573,2121000000.0,0.04444197641612586,0.04676507104428197,-0.21381555254130566,-0.061350732089452416,57.459999084472656,-0.5707908282731728,7.814294249482531,10.22306613226453,9.627575920551696,10.427185699762791,38.092122002061544,False,11.51255573207605,11.918048452002338,13.185333012272416,5.794688279540479,11.951529950730402,54.36215542662169,False,46.22713871434162
CVNA,Carvana Co.,Consumer Discretionary,76661358592.0,37.182796,30.573633,,12.345591,0.0,0.1232,20.0,3.497,0.20627890955614606,0.09255978742249779,0.06923531148509005,0.09226008067592587,0.20311550632870184,0.1431413679257303,,0.21685967714556892,,,3.724752475247525,0.0,0.7223300650193218,1.6044754431851207,0.40889276373147343,0.22396232102486813,7.011362952877956,,889000000.0,0.011596455063252319,0.00723354000590493,-0.1806075042386781,-0.03582069486038506,69.16000366210938,-0.1777478756573336,4.227759209092751,20.92614228456914,13.571062643078486,10.46434017524326,49.18930431198363,False,6.130801687763713,8.369619977932107,9.198094302121044,6.518980988728918,8.792246520874752,39.00974347742053,False,44.09952389470208
CASY,"Casey's General Stores, Inc.",Consumer Staples,22747873280.0,29.618382,26.27945,3.28,5.559399,0.42,0.042,17.0,0.592,0.24605752224760852,0.05886060333005317,0.04068355395256824,0.006873931061093051,0.01650517195532831,0.05174690514849711,0.05174690514849711,0.02910947521306824,0.16946655863486382,0.16946655863486382,,0.7909394686942572,0.9229695945071197,0.7351420989194829,0.18079423157365188,0.12443205464600622,5.70615014433586,0.14094637201040228,721620000.0,0.03172252593100431,0.037350733305388996,-0.29337546417551663,-0.1438535143250773,615.469970703125,-0.11273174881733918,7.423020623130412,12.254078156312623,12.189601133739458,13.839443045940843,45.70614295912334,False,4.070576880370352,8.41734227948335,13.19553654584709,11.432234748305863,11.865988653061866,48.981679107068516,False,47.34391103309593
CAT,Caterpillar Inc.,Industrials,376276058112.0,35.207314,25.28219,1.41,19.400612,0.8,0.0183,26.0,1.594,0.3177736022133779,0.16498246756128956,0.1314415067540576,0.024698640737392526,0.016413635212357253,0.0438323160905727,,0.07646223185625768,0.09833946623856793,,22.213147410358566,0.799650953585209,0.9423738773673409,2.03255464865372,0.4167370297401257,0.15505483686396485,5.133894354279309,0.10339827138462931,7453000000.0,0.019807266073201994,0.09519300477888414,-0.2298915487645834,0.03268421483954203,818.5700073242188,-0.28190517458957526,9.87718359948295,17.535881763527055,14.80091452352098,12.01992665924384,54.23390654577483,False,9.229727190420062,2.409293665217109,8.502685010672554,13.965006215355507,10.204663324401418,44.311375406066645,False,49.27264097592074
CBOE,"Cboe Global Markets, Inc.",Financials,29349294080.0,22.42937,18.446308,2.58,5.2231126,1.22,0.0298,14.0,0.408,0.4090407704382504,0.32117856688303426,0.23333757583471215,0.031164726793711402,0.07603520449829257,0.059967260789602905,,0.06628245710201822,0.6727907088738614,,28.950286806883366,0.500325722751087,0.9013782275811181,0.3095770974836035,0.2140785863028628,0.2355981671407247,6.105376302422201,0.14031859442961703,1681600000.0,0.0572960969833316,0.015060879894785965,-0.155112434925507,-0.015323660448765602,281.0400085449219,-0.1775824287530145,15.310535144393619,13.252605210420842,16.284996955717066,15.532954930532023,60.38109224106355,True,5.348767488341107,8.226053255013955,12.15504551854739,12.217135720367068,11.154378079349987,49.10138006161951,False,54.741236151341525
CBRE,"CBRE Group, Inc.",Real Estate,40688222208.0,32.153316,15.448536,0.74,4.8495197,0.0,0.016900001,12.0,1.188,0.18658446362515413,0.03191122071516646,0.028532675709001233,0.004831263334484499,-0.01113406279333231,0.09567521092915365,,0.014223661670547824,-0.06312909086977414,,,0.8196866410980839,0.8736633467454312,1.125366073439964,0.1303221446271683,0.060962142288211785,3.0953973676737534,0.041741217410102394,1193000000.0,0.029320524104035094,0.009025893958076448,-0.17507196033377806,-0.03085192699295137,140.50999450683594,-0.519535216834245,6.6979418946113425,15.712184368737475,7.5286375730798385,10.71724475964564,40.656008596074294,False,13.909803720596525,7.4769262348283245,10.813064676088988,8.510920221907586,8.140072607831272,48.85078746125269,False,44.7533980286635
CDW,CDW Corporation,Information Technology,19226429440.0,17.144926,12.765271,1.33,7.8907127,1.77,0.0842,9.0,0.941,0.21732867762808764,0.07383127973920915,0.0475648966959655,0.003011809358632554,0.0007662277574164711,-0.01894867945091694,,0.08553102882327702,-0.014536593396497266,,7.280562884784521,0.9795103655905528,0.9443378274415877,2.2207896857373086,0.4092705575380837,0.15911492079453704,2.583351574626626,0.1757782654521045,1088100000.0,0.05659397151174836,0.005222060194166098,-0.015363265481572953,0.13722456013634854,153.7899932861328,-0.2554490465575647,8.039748231279289,7.685040080160322,15.847463074433964,12.284364864210676,43.85661625008425,False,13.74236833563949,17.0861165379373,6.089432432322127,14.528962271402442,11.797821765061805,63.244701342363165,False,53.55065879622371
COR,"Cencora, Inc.",Health Care,61364293632.0,23.87305,16.235432,0.68,20.11321,0.75,0.027,13.0,0.574,0.03572165157521616,0.012241581834814079,0.004836633260295768,0.0008808318708798886,0.0007006767110874328,0.1043399050694318,,-0.028114562298777873,-0.029228631503102065,,9.37127787055721,0.9305004799663422,0.8702428844700386,5.080024190676642,1.0306030626935072,0.5674321843972967,4.834810992549504,,3207139000.0,0.05226392760638826,0.002078782372988798,-0.13222000745138074,0.008024789979887946,321.57000732421875,-0.3199263604776097,5.564788147578715,14.008867735470943,18.734076329666035,12.190322892966064,50.49805510568176,False,13.750670493175488,7.2115098656454855,9.839482656588617,14.498980666388137,9.484095427435387,54.78473910923311,False,52.641397107457436
CNC,Centene Corporation,Health Care,32811147264.0,,12.502541,0.77,1.4542508,0.0,0.0311,18.0,1.106,0.07119423751264266,-0.00160183183846142,-0.03426482592913948,0.012211537843119236,-0.026756279872664827,0.10452664402969458,,0.1355211733353521,,,-0.46017699115044247,0.0,0.8671172226868924,0.9102390617952187,-0.33448604219916805,-0.012185692391358086,2.840707723577859,-0.06044492055400419,4321000000.0,0.1316930482568328,0.003937836602884324,0.0,0.2472068024429564,66.41999816894531,,4.151093994458977,16.813587174348697,6.6644498712429625,8.324811202013844,35.95394224206448,False,12.082995951417004,13.812250600376451,8.663812750743812,2.0450430085610907,6.824855216526926,43.42895752762528,False,39.69144988484488
CNP,"CenterPoint Energy, Inc.",Utilities,25762549760.0,23.279762,18.742514,1.77,2.1980555,2.45,0.0858,16.0,0.451,0.45057176445441915,0.22549962594848777,0.1124291973923266,0.028421212700482246,0.05749190145540764,0.0012857616218755474,,0.08870496099975508,-0.0015792824764199187,,2.336655592469546,0.9356679897882776,0.9569736522486348,2.0604321707163993,0.09432439702322246,0.052208479703098554,0.8374852862489949,0.035493205825477325,-2384000000.0,-0.09253742437021886,0.5204659613123864,-0.1066365906112621,-0.05035719333826968,39.11000061035156,-0.19490096161636022,12.580579210069914,11.521322645290581,7.169784425541733,13.327873118071357,44.59955939897359,False,7.661413758349134,10.895995326799508,9.815513576387332,10.35373116071767,9.814871639726855,48.5415254619805,False,46.57054243047705
CF,"CF Industries Holdings, Inc.",Materials,20138565632.0,10.020332,12.451683,0.62,3.509508,1.78,0.0659,19.0,0.399,0.3845285149632976,0.3352625635234331,0.20539243365330323,0.09150234205150884,-0.16277069233210062,-0.1412477014500929,,0.2982069638604269,-0.24239002249643826,,16.379310344827587,0.4792372708193966,0.6931699893186078,0.7515502273666804,0.30074410913600663,0.2937789651165127,3.538966499616513,-0.014258974432472038,1801000000.0,0.08943040099828298,0.1342461885940147,0.0,0.18224243629617493,133.07000732421875,0.2426417607719983,13.6651201881049,10.799759519038076,20.38973332106903,9.265339836375079,54.119952864587084,False,15.553878610840634,9.294708411760888,6.937201921467957,10.092491786293367,8.600246347998961,50.47852707836181,False,52.29923997147445
CRL,"Charles River Laboratories International, Inc.",Health Care,13283818496.0,,21.934452,0.12,4.6769533,0.0,0.0614,14.0,1.405,0.3295514598611041,0.09989983518380069,-0.035946268624006385,0.03083898381594261,-0.06382380077742725,0.0032857552523495315,0.0032857552523495315,0.010687814929266416,,,3.74791878836577,0.0,0.9838686497605676,0.8122301817274057,-0.04560975532684706,0.05739577213060478,2.924668408250915,0.0206631123716825,518494000.0,0.03903199973382111,0.05457811984015468,-0.03462385792004445,0.30367363052648283,278.260009765625,,5.578073353939681,6.551362725450901,6.83298261845292,5.781666021203465,24.744084719046967,False,12.969635627530362,14.40219007593951,5.492303076062869,7.466067635030116,5.94343229162574,46.273628706188596,False,35.508856712617785
SCHW,The Charles Schwab Corporation,Financials,185471254528.0,19.53552,13.742353,0.9,4.218621,1.19,0.0,20.0,0.753,,,0.37005141925504786,,,0.048342956030810846,,0.17926177766554938,0.0721243989350131,,,0.757102441368822,0.8923303221022129,0.6262215477996965,0.179099645928174,,,0.10524075724799231,8763000000.0,0.047247213711368294,0.022908741273358138,-0.023401927717773816,0.0922330934411993,107.25,-0.2965453184762935,14.82897384305835,18.328517034068135,12.714065464895635,12.5,58.37155634202212,False,11.298911836553408,4.491551567469331,6.940851110721122,10.021767068273093,10.558280750280923,43.31136233329787,False,50.84145933766
CHTR,"Charter Communications, Inc.",Communication Services,19646515200.0,3.794118,3.3052392,0.76,1.0256681,0.0,0.3362,17.0,0.687,0.5653777339613685,0.24325409865994815,0.09104684704421806,0.008236693454623056,0.016624207134273428,0.0046187194908937634,,-0.01439927661277875,-0.004504267193239153,,2.64260214200714,0.9500735599293272,0.9918282950771372,6.049644948299489,0.3106390930609194,0.09140515178313433,0.5983703455643643,0.20747648260646057,4418000000.0,0.2248744856288814,0.21285646474604739,-0.37872394306403084,-0.17176134654165312,145.77000427246094,-0.1288517647579754,15.984285593890569,5.853977955911824,17.767455394041725,17.939844846783174,57.54556379062729,False,13.09673892618596,12.579052541052766,19.058396104823665,12.921727414320044,10.574855216526926,68.23077020290935,False,62.88816699676832
CVX,Chevron Corporation,Energy,419900817408.0,20.62235,15.889441,0.94,2.2113636,3.33,0.0105,24.0,0.491,0.30410124056562854,0.0904073045892253,0.06668582458575519,0.036338452484813634,-0.07907559227438657,-0.07852874895364959,-0.07852874895364959,-0.028669975653508123,-0.29742944275942107,-0.29742944275942107,13.700903861955629,0.5435555894551636,0.8880517134866858,0.21860016090104586,0.06596406543309198,0.04772984160313777,3.6001771167665697,0.05389795669018849,16592000000.0,0.03951409311946695,0.09405634597033052,0.0,0.15240364829131128,214.05999755859375,-0.2295038635267077,5.871047583708524,9.504729458917835,7.753049206667466,4.8303117587258555,27.95913800801968,False,10.499094620680232,5.01260595833063,5.853770150313647,7.529515672736958,5.448144728467142,34.343131130528604,False,31.15113456927414
CMG,"Chipotle Mexican Grill, Inc.",Consumer Discretionary,45808132096.0,33.518517,26.417765,1.59,20.864553,0.0,0.0356,32.0,0.937,0.253757190098847,0.16878042456728176,0.12877849929743582,0.015391782320977149,0.028519763222736555,0.11364082990765789,,-0.09202484671173516,0.19537742915044665,,,0.7664984922760109,0.8583869591431705,1.79318923467652,0.5425553600340846,0.20358653258823808,6.657027598300942,0.061283030344578604,1447590000.0,0.03160115756229241,0.05587441672750916,-0.0686904615980098,0.015712699437542024,36.20000076293945,-0.21184564937643283,10.289976581656694,12.91743486973948,16.02621761614901,15.318409013893595,54.55203808143878,False,6.89887083824459,3.4516614201337052,6.825861358822306,10.759028486451347,8.672681303483449,36.608103407135395,False,45.580070744287084
CB,Chubb Limited,Financials,130496806912.0,12.003194,11.619942,2.54,1.7306217,1.2,0.0085,23.0,0.382,,,0.1724570530083803,,,0.11562448439502893,,-0.05674893854681422,0.252593421051708,,,0.7381654225332939,0.8594526956462558,0.2335642718657212,0.1397833425979907,,,0.13444340011450207,12816000000.0,0.09820929954740133,0.0,-0.03253164979032816,0.031951114694522914,338.25,-0.031929168186401104,13.289738430583501,15.283326653306615,13.224922094811228,12.5,54.29798717870134,False,6.292121491655136,5.256811351982864,11.103957815860682,9.191244979919679,11.048470049269598,42.89260568868796,False,48.59529643369465
CHD,"Church & Dwight Co., Inc.",Consumer Staples,22332747776.0,30.176283,23.306187,2.68,5.134988,1.31,0.0571,19.0,0.472,0.447317513541398,0.1737167913335053,0.11877740521021408,0.0076151118918235524,-0.013945981194212559,0.048889197884673496,0.048889197884673496,-0.02502837459389681,0.21195007601924476,0.21195007601924476,11.319327731092438,0.7450213945643744,0.9371947543132415,0.5509719654190195,0.18409874568987056,0.14310010869146628,4.891071813252699,0.04671537047688101,1093000000.0,0.04894158170606297,0.0197317513541398,-0.09645822472660391,-0.015338427388796354,94.1500015258789,-0.22766541525342932,13.637115246156393,9.483627254509019,13.627786974694574,15.463257007309872,52.21178648266986,False,6.128153880319102,8.683199357434933,10.56478319817485,12.466990469946337,10.920397378574405,48.76352428444963,False,50.48765538355974
CIEN,Ciena Corporation,Information Technology,49567752192.0,78.02232,30.085012,0.58,16.225977,0.0,0.037100002,19.0,1.309,0.42036147551518427,0.06516229035831167,0.025859695771491685,0.016537581004979002,-0.005648060511202438,0.09500526254009078,,0.2726475073986584,-0.06911811595162765,,3.38686195022013,0.5248295875853168,0.883768384015235,0.5955887229177346,0.04518996102696529,0.07516865627997298,10.143526299797182,0.002018633211140264,665292000.0,0.013421871490621578,0.20738621413072672,-0.3975836817971053,-0.11066894725136427,349.5400085449219,-0.6144050574245934,8.046406068038047,15.38357715430862,7.807089241150661,8.602749673234253,39.839822136731584,False,12.098045747279592,6.7466802427468044,11.456931871145738,6.344622789596617,7.379203042613883,44.02548369338263,False,41.932652915057105
CI,The Cigna Group,Health Care,74188161024.0,11.616054,8.384122,0.76,1.7371291,2.22,0.026500002,25.0,0.317,0.0895148509789888,0.029774989592994808,0.02175246664280967,0.00472312330814569,-0.010896720848958104,0.1514950529756025,,-0.15559867318282458,-0.03861384212678309,,5.791193181818182,0.7360798369246706,0.8021191888146701,0.7542732481480594,0.14280919617385468,0.10060197918005398,2.669280794706167,-0.022607606679433623,8389000000.0,0.11307734123893627,0.004425715892409824,-0.022798878251258207,0.01817166376924969,280.760009765625,-0.27822976718255615,6.04149214537439,13.877855711422846,13.090993787316108,11.34763639444256,44.357978038555906,False,15.415304327029844,10.955825111962094,11.312652156345784,7.854837634793158,8.765710087302272,54.30432931743315,False,49.33115367799453
CINF,Cincinnati Financial Corporation,Financials,26060572672.0,8.005658,18.801447,2.19,1.5624281,2.21,0.0275,6.0,0.545,,,0.18945451666534716,,,0.2438798815724228,0.2438798815724228,-0.018088560376494228,,,,0.1042618304448395,0.742422705966461,0.05568474640186035,0.15039909496574697,,,0.14634965390987054,3092000000.0,0.11864666363690873,0.0015834059061040297,-0.082856197409863,0.022298764701108538,169.8000030517578,1.3485198843118202,13.601609657947689,13.27330661322645,13.796564197147154,12.5,53.17148046832129,False,14.116093544474623,11.07984601155319,12.975707029193416,6.323172690763052,14.549253883811755,59.04407315979603,False,56.10777681405866
CTAS,Cintas Corporation,Industrials,80634167296.0,40.461845,32.947773,3.17,15.687037,1.03,0.038900003,16.0,0.913,0.5066945494893322,0.23273001531057783,0.17754198247082206,0.012776910665042596,0.02824825087233085,0.08514371661641951,,0.011934117572321268,0.14053857287352112,,24.6662087782848,0.8313042710504414,0.8954764617494457,0.5264623521878983,0.3891073869911926,0.2769442624457196,12.736879711869586,0.09978048472056766,1881175000.0,0.02332975044058425,0.035074423682846,-0.012737997318458007,0.07954688098599905,201.5,-0.1857075968730541,16.2779716948584,15.430661322645289,15.742436571408923,17.401510383889235,64.85257997280185,False,4.4588223235791515,7.62706172518985,4.0850671575089486,14.277291244295133,10.346075719595472,40.79431817016855,False,52.8234490714852
CSCO,"Cisco Systems, Inc.",Information Technology,442082263040.0,33.672672,20.015137,1.01,8.79934,1.56,0.014099999,24.0,0.992,0.645242795104619,0.2536281089617055,0.20950651401500198,0.02196805879032744,-0.019399014797022884,0.03571085300180399,,0.06476023972168121,0.016993345326496545,,10.925850340136055,0.8640024799088107,0.930371519116191,0.5873123197772696,0.2638361340359948,0.1833346213484942,4.2665393713616,0.042729878386733144,12767000000.0,0.028879240511046764,0.17328069482826688,-0.06535897544169539,0.14897369544907044,112.12999725341797,-0.4055970075674422,17.442519501508446,16.759208416833665,15.705335716318421,11.786966887737812,61.69403052239835,True,12.805787594595056,4.3690244693970275,5.090696193387506,13.971522761129291,9.498660212637219,45.735691231146106,False,53.71486087677223
C,Citigroup Inc.,Financials,232861794304.0,14.926882,10.775198,0.63,1.2098869,1.93,0.00029999999,20.0,1.097,,,0.16788518183845189,,,0.04589654681078592,0.04589654681078592,0.02322525394192941,-0.012252347371132233,-0.012252347371132233,,0.8017249947304914,0.9432919263619947,1.732080022233632,0.06738863164241536,,,0.018065648125736855,-74152000000.0,-0.3184378108123435,0.07651414690246794,-0.00310233814959862,0.11606698130632698,138.82000732421875,-0.27813471024960207,13.259557344064387,15.747875751503008,7.8322830105345815,12.5,49.339716106101974,False,12.979979159193016,6.602396637891868,5.113353255435249,11.893052208835343,7.400632175327482,43.98941343668296,False,46.66456477139246
CFG,"Citizens Financial Group, Inc.",Financials,29684541440.0,15.35512,10.790734,1.65,1.2375551,2.61,0.0001,17.0,0.997,,,0.22202012853158726,,,0.009305158100850308,,0.10655119018612166,-0.04053379848244776,,,0.8569921995068477,0.9746761103383406,0.4286962799711213,0.06957479955922027,,,0.03567566830573288,2037000000.0,0.06862157544583583,0.021098581302291742,-0.016329353022033456,0.09347713152421339,70.4800033569336,-0.29725498726157784,13.98390342052314,10.987925851703407,11.615014435974611,12.5,49.08684370820116,False,10.417362783785169,7.530078697994417,9.644047881610149,13.555461847389559,9.953971821246434,51.100923032025726,False,50.093883370113446
CLX,The Clorox Company,Consumer Staples,10612905984.0,18.436974,14.017848,1.12,117.95699,5.7,0.1017,17.0,0.544,0.4232142857142857,0.1318452380952381,0.08735119047619047,0.028225655863223714,0.020463454362662642,-0.031139607337307473,,-0.05560487881085654,0.5793702178712037,,6.815384615384615,0.34562968825196916,0.9612331324305362,61.333333333333336,6.522222222222222,0.12313531805706092,2.019682870503533,-0.2576535952600708,405000000.0,0.03816108430721777,0.04806547619047619,-0.2929819903045993,-0.11464722473197538,87.76000213623047,-0.23968824819083645,9.244527433100465,4.0647995991983965,15.352774986804754,11.728548433944908,40.39065045304852,False,12.68267308973505,12.516638054131239,12.136721636104662,10.739258981454451,9.016444809404444,57.09173657082985,False,48.74119351193919
CME,CME Group Inc.,Financials,99078471680.0,23.252321,21.316051,4.78,3.732795,1.89,0.0175,15.0,0.275,0.8609023709474588,0.6486366285311168,0.624513081618256,0.0222254461359121,0.04778792151434186,0.09113524548501961,,-0.03509877854976688,0.14807907256958042,,24.391580161476355,0.8292309228029885,0.8873605486356737,0.11912685096873456,0.14174922201878293,0.11650483086447203,0.5507195052881475,0.022429531917165457,4193600000.0,0.04232604650528255,0.012805570039566911,-0.10822821879626694,0.0030711843871026588,275.5400085449219,-0.08327211722219029,22.01521652801784,14.257204408817636,11.341223382541186,18.400760032918622,66.01440435229529,True,2.979953535250004,7.009022522230154,10.36757858306023,11.9954985008782,9.25175036736105,41.603803508779635,False,53.80910393053746
CMS,CMS Energy Corporation,Utilities,20743952384.0,20.348486,16.156702,2.46,2.2050374,3.4,0.0001,12.0,0.331,0.4152711090291603,0.2022485068509193,0.12542452277784283,0.02830158509380859,0.05985669670666616,-0.002215234024431356,,0.12915815826579663,0.08564541932131409,,2.164160401002506,0.8875718926814501,0.9223005989989221,2.0667104111986,0.1171259842519685,0.05036072098097668,0.8779051278121222,0.09236936992882305,-1803000000.0,-0.08691689831445383,0.4728890970839677,-0.12619879197509293,-0.06920440799908785,67.1500015258789,-0.20599979772450894,11.930101712208895,11.522104208416835,7.706853088199386,12.922756208549158,44.08181521737428,False,7.66457404465399,7.74330450444603,10.397132425383946,8.430905728862419,11.495159477915118,45.7310761812615,False,44.906445699317885
KO,The Coca-Cola Company,Consumer Staples,379872051200.0,26.513514,25.037006,3.98,10.509463,2.4,0.0092,23.0,0.342,0.6162574831563797,0.31102813875388496,0.2733985523873094,0.013670364293922188,0.031007675541160573,0.03689014114187783,,-0.00986667328890705,0.11161559025666223,,9.015114873035067,0.8632831712214531,0.9531191800194104,1.4141564860580063,0.4074419472162641,0.1816918206687219,5.429622494208297,0.10097335422391196,5296000000.0,0.013941536323270312,0.04405414989257629,-0.004285522287865055,0.10165148046162306,88.29000091552734,-0.0556888837896025,19.66232837519638,13.447675350701402,14.11243700112497,18.838753207145274,66.06119393416803,True,3.7581014366490724,2.9520226195884987,3.4068255047526534,14.553059081054515,11.212810095946061,35.8828187379908,False,50.97200633607942
CTSH,Cognizant Technology Solutions Corporation,Information Technology,28380000256.0,12.526096,9.493431,0.85,1.8752344,2.2,0.0792,25.0,0.83,0.33717074095129806,0.1576179647527004,0.105647148000758,0.0028794772613798866,0.004848765658609394,0.028031282502597676,0.028031282502597676,0.049727419348724086,-0.008811030703585798,-0.008811030703585798,89.91891891891892,0.9690008546237302,0.9589009842500037,0.07672327672327672,0.1485181485181485,0.1488828627771919,5.847084182837425,0.06848276593775093,2595000000.0,0.09143763131049917,0.013644115974985787,-0.26401636617252144,-0.019711877072284244,60.0,-0.24210775647895413,12.02740112322037,9.05253507014028,14.794309894890675,14.172538364718978,50.0467844529703,False,15.101035207297699,10.376006198481209,15.76781990115133,16.737345571761068,8.299020894396467,66.28122777308776,True,58.16400611302903
COHR,Coherent Corp.,Information Technology,59801288704.0,74.118935,21.881992,0.92,5.4824057,0.0,0.0644,22.0,2.104,0.3749609626391911,0.12665061481296977,0.1130904089120521,0.053084045557399054,0.11076313201224885,0.1131925802114353,0.1131925802114353,-0.009039892929061738,,,4.738194221804096,0.0,0.8159798350758815,0.3245229167344966,0.07382935471607957,0.06301338212754332,6.02782672959437,0.14682332012165156,-1030569000.0,-0.01723322393771536,0.2575145251293835,-0.2258727047121254,0.08455299965733126,305.3699951171875,-0.7047719047770992,8.21948646088389,12.455891783567134,7.425709755528112,10.02253473398848,38.123622733967615,False,11.564871282392934,10.542047608230023,7.896271062480357,4.094725930021606,12.014578536685027,46.11249441980995,False,42.118058576888785
COIN,"Coinbase Global, Inc.",Financials,46240059392.0,,64.012566,3.0,3.5345366,0.0,0.1245,29.0,3.388,0.7463949897825262,0.20276829136684385,0.1755006214034318,0.4192449760240957,0.8124011017536439,0.3100276522124539,,-1.0176754850872558,,,17.048283048247924,0.0,0.5683241739390537,0.5294009527982653,0.08519719181794595,0.10633528986367578,3.0516671916865272,0.3945459385296859,,,,-0.4901972333202811,-0.028476114412979692,175.25999450683594,,14.35128592152919,13.144509018036073,10.8829952256634,9.933908602410805,48.31269876763947,False,7.862348178137651,7.224357759459985,13.699822937625754,6.435926114706701,10.966159564353013,46.188614554283106,False,47.25065666096128
CL,Colgate-Palmolive Company,Consumer Staples,69194604544.0,34.17323,21.129402,1.6,293.24326,2.44,0.024,20.0,0.323,0.6010695711902659,0.20768324992640566,0.10460209989206162,0.005835561956199978,0.006369730696706766,0.042934601917500315,,-0.0191192237334779,0.0610023031422402,,15.853932584269662,0.7974012097507452,0.944630934918599,158.40740740740742,39.48148148148148,0.4274233784746971,6.716714035629117,-0.4874339988761994,3634000000.0,0.052518545686451375,0.027671474830733,-0.1139786637779139,-0.016523950168783386,86.80000305175781,-0.38169725249852,16.469139788297557,11.788106212424848,19.50692735997985,17.953835261654646,65.7180086223569,True,9.375604297989375,4.339640098656455,9.845378575713916,15.544213946135283,8.101326821678622,47.20616374017365,False,56.46208618126528
CMCSA,Comcast Corporation,Communication Services,89425649664.0,8.076923,6.951283,142.98,0.9956145,5.24,0.026400002,22.0,0.662,0.7174695045551182,0.16708836201670074,0.16165617143734792,0.01108276165899567,-0.019229343271250032,0.006220134237919117,,-0.017952992634414456,0.5500204432085127,,4.688137899750511,0.5614300295001465,0.9895372257781195,1.0209900622271757,0.20637131977338163,0.08463044340884562,1.450123968210206,0.061824255828994756,19235000000.0,0.2150948868951121,0.11646875277874331,-0.16536265155768282,-0.05055633798398907,25.200000762939453,-0.13936495370823773,16.66622903152748,9.979068136272545,16.02400803328713,12.414726242920075,55.08403144400723,False,7.723628691983122,11.688164308431233,16.46037255582175,10.255923610798023,11.300782262944074,57.4288714299782,False,56.25645143699272
FIX,"Comfort Systems USA, Inc.",Industrials,59507273728.0,39.211967,28.096754,0.54,92.117676,0.23,0.0299,8.0,1.676,0.2412640753464128,0.1442173999172237,0.11234875117574952,0.03607717540881799,0.08328942353640309,0.30025058911956903,0.30025058911956903,-0.05453232752099768,0.6079855453179865,0.6079855453179865,188.02678699326745,0.33917639333764793,0.6581847125506,0.1973877540352846,0.4175795724717757,0.5320934803670803,11.716906417110394,0.3479094428929139,1031453000.0,0.017333225593809547,0.017019238618618336,-0.1464488871826189,0.0915916496388817,1690.8199462890625,-0.2834648157283209,7.394920069771711,15.361903807615231,15.862002352275976,12.549087476400251,51.16791370606317,False,10.898255863612293,8.007333192704614,6.096370678431644,11.068353370747719,17.100742187193045,53.17105529268932,False,52.16948449937624
CAG,"Conagra Brands, Inc.",Consumer Staples,6987058176.0,,9.40849,10.86,1.0989839,8.39,0.1261,16.0,-0.033,0.23918593107360658,0.11159764572401078,-0.16985179407176287,0.01965349707518069,-0.03769778475574813,-0.027791350655803293,,0.007833877713348793,,,3.227377595488336,0.0,0.9623039493842958,1.1432616081540203,-0.3014030451742796,0.0741803400954654,1.0799431696584134,-0.10054328454248251,978700000.0,0.1400732576353462,0.03753013756913913,-0.21355429745147622,-0.05011222470121328,14.600000381469727,,5.837185372096714,6.154488977955912,10.321714332987844,9.529729631601878,31.84311831464235,False,7.182186234817815,17.118349451548,16.86203060145865,7.412203045712861,9.347826086956522,57.92259542049384,False,44.882856867568094
COP,ConocoPhillips,Energy,165003706368.0,18.120054,14.169802,1.23,2.5249555,2.45,0.0139999995,25.0,0.134,0.2508821932681867,0.19241992399565688,0.1355184581976113,0.055830641508899846,-0.1319615573914555,-0.09106174739359629,,0.10156703107804763,-0.24660905733907523,,9.198702351987023,0.5904831734045684,0.8215165556670565,0.36354614108269884,0.12386992727216338,0.08790740607977478,3.408151407087309,0.10340411148816808,7243000000.0,0.04389598366867153,0.2129648479913138,0.0,0.17831194019065852,137.35000610351562,-0.21800442758062416,8.94734294705895,13.113687374749498,12.651021852334948,6.381889311129399,41.093941485272794,False,10.400954918942926,4.678883462062698,5.722840376947282,7.633479133997321,11.304002074509466,39.740159966459686,False,40.41705072586624
ED,"Consolidated Edison, Inc.",Utilities,39371956224.0,17.509869,16.403976,2.13,1.5315561,3.3,0.0341,16.0,0.259,0.5325097529258778,0.17732592505024233,0.11957678212554676,0.009348310961193929,0.009872191801997277,0.02587238970223038,,0.06849881596108137,0.06814267090496018,,2.4330900243309004,0.8139263779216902,0.9388936380074362,1.1730467135179827,0.08362959900785448,0.045878776208250906,1.1457774609792875,0.05352808604339354,36000000.0,0.0009143563960902569,0.2815935689797848,-0.04371619339706948,-0.003755122292607479,106.45999908447266,-0.06315826806014359,14.522495429388837,13.428096192384773,6.871890736003933,13.610622307208208,48.433104664985756,False,6.750209262201267,13.854949049133511,8.312105427698034,8.319327513475947,10.670801279280838,47.9073925317896,False,48.17024859838767
STZ,"Constellation Brands, Inc.",Consumer Staples,20914993152.0,11.673022,9.885203,1.55,2.543253,3.33,0.0546,23.0,0.4,0.5155378050114893,0.31328372907320273,0.18456067403435825,0.012169633602712452,0.012742079156777608,-0.011183285451378588,,-0.1295678526028614,,,7.917865044247788,0.0,0.9500501983925926,1.386048698406414,0.2086880134613481,0.11027474092504332,2.638305833008861,-0.013297656497640031,1794000000.0,0.08577578710937557,0.09574351679614837,-0.21298396307629783,-0.12993183510145334,122.44999694824219,-0.15315819673774272,17.912393458817718,4.478857715430862,16.041421224207788,18.242726436559035,56.6753988350154,False,11.155349425169545,13.037877750373205,15.965829737042947,9.385181039195194,9.37838188261734,58.92261983439823,False,57.79900933470682
CEG,Constellation Energy Corporation,Utilities,100889026560.0,27.944063,21.342937,3.74,3.163924,0.6,0.0365,20.0,1.117,0.18380135510907453,0.16441467904280735,0.0908236399953002,0.09721659598100645,0.18110862339632616,0.01469039149633189,,0.13755346661285267,,,8.215264187866927,0.13735712364469255,0.9663239165756666,0.6194117241854378,0.15974374870841082,0.13986001715566546,2.3374185046356377,0.09628810752404737,1288000000.0,0.012766502402855576,0.11549759135236752,-0.2404727053506991,-0.020521526480749012,284.75,-0.23622642133321847,5.917511931966739,15.378817635270542,12.1137425481126,10.359986929370187,43.770059044720064,False,5.682211858760827,11.442577724410981,11.076792764701802,11.153292003423843,9.916176851931887,49.27105120322934,False,46.5205551239747
COO,"The Cooper Companies, Inc.",Health Care,10251272192.0,18.525772,11.485486,0.6,1.2818319,0.0,0.0529,14.0,0.818,0.6553855928061773,0.16687029615873325,0.09160883589091975,0.014714199699667715,0.013442657420974807,0.07346203139761864,,-0.03353083615219956,-0.009507771498270756,,6.829,0.8738671777224379,0.9075970251860964,0.30408185558751777,0.04550364733156125,0.04250033167691866,2.9472093338366543,0.04719091041936907,433700000.0,0.04230694414088971,0.13063239175056202,-0.35568302823961134,-0.24139871104187696,53.90999984741211,-0.3800265921441762,14.10830798678388,8.47572144288577,7.8945257793719765,13.643044730599795,44.12159993964142,False,16.00989084200277,16.550681021613553,16.51037019684027,9.252109704016346,8.292246520874752,66.61529828534769,False,55.36844911249456
CPRT,"Copart, Inc.",Industrials,28851087360.0,19.076433,16.600983,3.86,3.1602829,0.0,0.0509,10.0,1.029,0.4518317144247914,0.36512359268149186,0.33407855203339476,0.012513227744053293,-0.02762934290317287,0.0989943984010011,0.0989943984010011,0.0018798110786369532,0.12507036040920116,0.12507036040920116,,0.850537957514511,0.8790575200587439,0.01129189369407947,0.16898263019192378,0.21288350661048347,22.33652599790934,0.25700141135997967,1230760000.0,0.04265905075405796,0.12244354263584908,-0.3036502689667669,-0.1116713643882456,29.950000762939453,-0.12976482553106244,18.765826526664114,12.585971943887774,15.951442682988489,16.00130706298107,63.30454821652145,False,7.858342301713385,13.488948367625104,14.519307226727506,12.055038068014854,13.187108180953802,61.10874414503465,False,62.20664618077805
GLW,Corning Incorporated,Information Technology,143043723264.0,75.29411,38.2541,1.01,12.003174,0.69,0.026300002,16.0,1.151,0.35965192910614885,0.1458186704203724,0.10211785782839593,0.0323334252058717,0.04447255723410133,0.03274507876886834,,0.1493127837260024,0.06641357766093825,,6.782738095238095,0.4599054871506054,0.9033077205432305,0.7941898873549589,0.13517404929279242,0.09841828404111873,6.232409098032491,-0.005611038458001039,1413000000.0,0.009878098582432604,0.15304881950220744,-0.34732282532412745,0.08918329096296045,166.39999389648438,-0.4919376827749209,8.630784824938067,16.385981963927858,10.47435750423677,10.259730357747976,45.75085465085067,False,10.516758058730076,7.114969169857858,8.126807220605581,8.385099802419116,7.9127193361569725,42.05635358776961,False,43.90360411931014
CPAY,"Corpay, Inc.",Financials,26803562496.0,24.876295,12.980785,0.78,7.5670567,0.0,0.0433,15.0,0.873,0.7859781914286339,0.43102325477657355,0.23624796644644921,0.00928118397705861,0.008908709336352294,0.097332408585459,,0.08162548068100961,0.03881603745684736,,4.833122858105029,0.9508599234657031,0.8820139176176305,2.5751898109717537,0.2754540323760049,0.11824423401455096,1.6687086968613045,0.1518387865484896,1299145000.0,0.04846911675244201,0.04433262675605506,0.0,0.19090269505736338,408.2200012207031,-0.47818656274979854,22.049963514687704,15.006653306613227,14.486837964806043,18.539175582127122,70.0826303682341,True,12.389671842703153,12.613086908548063,4.617770852294293,11.165188385546394,10.227029129570404,51.012747118662304,False,60.547688743448205
CTVA,"Corteva, Inc.",Materials,55977746432.0,50.848488,20.386246,1.15,2.224343,0.86,0.0305,20.0,0.577,0.4729038561002241,0.1505085914602609,0.0628699500028734,0.016890325236385412,0.040053134571117394,-0.0010322883978914899,-0.0010322883978914899,0.04761826186289611,-0.015646020527176785,-0.015646020527176785,14.55,0.8064588624695618,0.9857059470960636,0.10685884691848907,0.045311464546056994,0.08413522958022196,2.513274172376174,-0.015494552174798226,2815000000.0,0.05028784078365093,0.1186713407275444,-0.007216564089628865,0.05959286498692013,83.9000015258789,-0.5990786196041857,10.946232520332652,12.414599198396793,10.614561035220504,15.948588856077842,49.92398161002779,False,11.059165684415518,12.154408710326475,8.266590537137633,13.36734674447779,4.692333351668644,49.53984502802606,False,49.73191331902692
CSGP,"CoStar Group, Inc.",Real Estate,12342318080.0,160.31578,17.17285,0.09,1.5544782,0.0,0.047,20.0,0.747,0.7887280566676933,-0.02217431475207884,0.0021558361564521095,0.10601685168798043,-0.22882754055853047,0.14160530575519847,,0.07230872071557033,-0.7334198145414867,,,0.1869955839231635,0.8287281905242018,0.14206863450923926,0.00083993280537557,-0.002130627774254914,4.171474871402793,0.06651160713041171,41000000.0,0.003321904340355487,0.24484139205420388,-0.5573317807701553,-0.23874742837678967,30.459999084472656,-0.8928811000389356,7.716335357007511,16.99382765531062,4.856533213613723,0.8407864162269445,30.4074826421588,False,12.973086318522695,9.611893619783213,14.67687687177834,4.140237045743952,8.77050739043997,50.17260124626817,False,40.290041944213485
COST,Costco Wholesale Corporation,Consumer Staples,401246322688.0,45.46583,39.9842,4.42,24.270884,0.65,0.0171,35.0,0.855,0.12843206714262356,0.03772412665540356,0.029425763438516175,0.0019427817739786164,0.0033867719491635292,0.06640442726947482,0.06640442726947482,0.03147306296877112,0.11491150545730622,0.11491150545730622,67.42207792207792,0.85172857867522,0.9183640873207805,0.2802427650528048,0.27770539020710466,0.33540442941049997,9.49298290497111,0.12210054150105099,7837000000.0,0.01953164317494287,0.01997565716569477,-0.10547406051631979,-0.04739662779190751,904.77001953125,-0.1205659283026395,6.623288206721516,17.76619238476954,14.777923819623792,13.253134530667571,52.42053894178242,False,2.4621107295990705,1.378629681313689,8.28583074920109,15.66451757217582,11.651584563763661,39.44267329605333,False,45.93160611891787
CTRA,CTRA,Energy,,,,,,0.0,,,,,,,,,,,,,,,,,,,,,,,,,,,,,12.5,12.5,12.5,12.5,50.0,False,10.0,8.0,10.0,10.0,8.792246520874752,46.792246520874755,False,48.39612326043738
CRH,CRH plc,Materials,58910941184.0,15.48077,13.59382,1.58,2.4533162,1.76,0.0217,23.0,1.198,0.36125724357091354,0.14214756856356983,0.09960744518920074,0.012185085502322102,0.02727423787873043,0.045975003842854356,,0.03488402163442882,-0.011525384761381652,,6.571604938271605,0.9116890758273668,0.9446190356297914,0.8209048491918014,0.15539076820529912,0.1052628089355566,2.7836364558964553,0.027048344299162697,2912000000.0,0.049430546202016694,0.07244906134002724,-0.28251168812077443,-0.17808354018817193,88.55000305175781,-0.12188993183155622,10.537230454610931,14.738977955911825,13.247864128084288,15.983286537251296,54.50735907585834,False,10.677667879533303,9.977877750373207,15.548931495667716,12.778117743518811,9.250302532630304,58.23289740172335,False,56.37012823879084
CRWD,"CrowdStrike Holdings, Inc.",Information Technology,211688292352.0,5168.5005,128.78992,6.65,41.489067,0.0,0.0241,50.0,1.255,0.7466899972049074,-0.06095006135696035,-0.03377012284899953,0.034556144162909294,0.023874562198970398,0.2900686653697968,0.2900686653697968,-0.07680109258214479,,,-10.466864137611077,0.0,0.6837580597306631,0.18518626408243177,-0.0366955033319107,-12.632247301275761,19.796124605752258,0.4463401144905321,1241490000.0,0.005864707897665039,0.3648435527394506,-0.10502162124171402,0.3497322252640345,206.74000549316406,-0.9750817630761571,8.46708060228123,17.106162324649297,4.868508590077261,7.450718884639588,37.89247040164737,False,7.221937511744306,1.6483997533588632,3.966218601670877,0.6541200125822867,13.905882884511115,27.396558763867446,False,32.64451458275741
CCI,Crown Castle Inc.,Real Estate,32172941312.0,30.127491,26.189835,0.59,-9.851485,5.62,0.0273,20.0,0.969,0.7408536585365854,0.4892120075046904,0.10412757973733583,0.06789778375110887,0.140944043004261,-0.15173892561897784,,0.01393298360680583,-0.35762388244162047,,2.2167906482465463,0.0,0.752538729854175,-18.083180428134558,-0.27155963302752295,0.07387803136962975,-0.08927074038703792,,2875000000.0,0.08936080702474257,0.042682926829268296,-0.16390813948427113,-0.07925036927841404,75.62000274658203,-0.13069976520779644,16.45209373223917,8.182935871743487,9.81883905069369,16.38076681028223,50.83463546495858,False,10.318992466560754,9.497386577529692,16.358319490982403,3.1494453858448237,11.416500994035786,50.74064491495346,False,50.78764018995602
CSX,CSX Corporation,Industrials,90678648832.0,28.459303,21.549543,1.74,6.439095,1.14,0.0222,23.0,1.207,0.3324581322736304,0.33479988646040304,0.20500993471473175,0.023729269506846336,-0.055356984205455706,-0.01737875164321634,,-0.022829020390048874,-0.11115148435051048,,5.590047393364929,0.8562784965189051,0.977803618640588,1.4710756366400608,0.21961231470923603,0.11359185806269269,2.7760847203800267,0.014069838914539723,1711000000.0,0.01886882989588832,0.20593244393982402,-0.030884925963830384,0.10241895064333394,48.95000076293945,-0.24279442121263473,14.664064860119257,8.997074148296594,13.149850592745182,12.86618337609527,49.677172977256305,False,9.063402176326893,9.153089017978841,4.692087747580819,13.207147526017266,8.46218342121186,44.57790988911568,False,47.127541433185996
CMI,Cummins Inc.,Industrials,76825419776.0,28.090313,16.135798,1.12,5.965967,1.58,0.0269,20.0,1.226,0.25292545292545293,0.1147906147906148,0.08443718443718444,0.03356605145700665,0.022890636162702843,0.06246086056249833,,-0.013754037530822803,0.09743502424635864,,11.74772036474164,0.4443320234732593,0.9094045592485798,0.6570572515993198,0.2302210705320269,0.16368924470984259,4.836278058623409,0.11224154012865162,2386000000.0,0.031057428738519934,0.07814077814077815,-0.2164687221560675,-0.06689868092042625,556.75,-0.4255742896136472,6.3503120467407,12.990961923847696,14.291196201346423,10.104916009101029,43.737386181035845,False,13.088791233194963,6.957145128837542,11.79105484019737,10.654078124020646,10.926614227677414,53.41768355392794,False,48.57753486748189
CVS,CVS Health Corporation,Health Care,121067339776.0,24.976255,11.119909,0.22,1.5178386,2.79,0.0143,25.0,0.58,0.13769346899894794,0.025829028495250792,0.004397277070736966,0.012069095609552426,-0.024687768572356123,0.0763108477649228,,0.03646195437671453,-0.25703547214189293,,3.329592818210965,0.4307410674851825,0.90896384045209,1.0629670008243146,0.023506262132049885,0.05726461079678239,2.3337155367618143,0.017170274762880355,7807000000.0,0.06448477363461186,0.007043602185705367,-0.09355545929824328,0.08873396885423149,94.66000366210938,-0.5547807707760831,4.948111668471138,17.26243486973948,7.613264759907426,8.814457568862856,38.6382688669809,False,15.784374519551069,9.974034367495296,11.229803649483106,6.012291662044472,9.57883135966808,52.57933555824203,False,45.608802212611465
DHR,Danaher Corporation,Health Care,140695633920.0,35.739285,21.525337,1.23,2.675454,0.8,0.0154,23.0,0.808,0.5911348095083034,0.19089873005535657,0.14710192119830673,0.04086858088018275,-0.09195230023402523,-0.026665255865112814,,0.029654055783598036,-0.20560279482638766,,17.69811320754717,0.6647334808052254,0.9471950563457627,0.3749191000114212,0.06879354322914684,0.058990764245370766,4.074185470862506,0.016060578931399228,5260000000.0,0.03738566616069162,0.11209703679583198,-0.12203945287673461,-0.0017596033540192935,200.13999938964844,-0.3977121534468303,13.424960525973132,12.13685370741483,8.361672629766447,7.719211405334753,41.64269826848916,False,10.755385298689761,5.609467287596547,10.758477355002224,10.566046031945113,8.248141585270982,45.937517558504624,False,43.7901079134969
DRI,"Darden Restaurants, Inc.",Consumer Discretionary,23831279616.0,19.875946,16.942162,1.87,10.846468,3.09,0.0787,25.0,0.59,0.21667713781801393,0.12161169943001612,0.09134124094497725,0.0022751309596947913,0.005562575686237636,0.0799807207834049,0.0799807207834049,0.03362665661133889,0.07113452444402624,0.07113452444402624,8.184411614875192,0.9084258158506661,0.9026016047016795,2.8651868629671573,0.5466364665911665,0.16892323794738595,2.571489021308704,0.0009076474236140442,1087900000.0,0.04565008751227939,0.057558531212862106,-0.02039575856074278,0.04274811751622272,209.88999938964844,-0.14760474797023496,9.680483751727671,13.687605210420841,16.74638713899318,15.339745606816091,55.454221707957785,False,7.376334580365226,10.490855293048613,6.531309365319709,12.986558536104551,10.58000455763443,47.965062332472534,False,51.709642020215156
DDOG,"Datadog, Inc.",Information Technology,79430983680.0,433.74512,74.438126,1.14,18.18264,0.0,0.035099998,46.0,1.488,0.7995549081775629,-0.012947462591453327,0.03143741840907247,0.022940600325963918,0.022092236530987127,0.2694953937625746,0.2694953937625746,0.015559028338084313,,,-4.012388100189891,0.0,0.695383592367703,0.34269410638105186,0.02886791350745377,-0.008164548939346575,17.666470242049026,0.3831320945187924,914717000.0,0.011515871485176098,0.491331009542017,-0.17449712390874633,0.18838106797464485,221.2100067138672,-0.8283827931020872,10.151450856702992,17.25950400801603,5.704004312920041,8.777811395652805,41.89277057329187,False,10.912314867011737,3.294867430388784,5.662238028577143,0.8496058578655687,13.70627814142811,34.42530432527134,False,38.159037449281605
DVA,DaVita Inc.,Health Care,11652787200.0,15.359561,10.524406,0.45,-15.175959,0.0,0.1441,7.0,0.83,0.32247824884562265,0.14737263294644334,0.054738636885879564,0.017758752435512008,0.03431888758063725,0.055264367135682946,,0.008937637270924628,0.10044745178655523,,3.4670199301290165,0.7873436705993608,0.9299850255065412,-19.77374739280152,-1.1470183479193097,0.13623224428468622,1.6092064168949403,,1310636000.0,0.11247403539644146,0.042209271242416205,-0.24382520795971258,0.06632916060922132,181.5500030517578,-0.314797734127948,8.60070160580814,9.55245490981964,12.441123234401134,13.46616159171225,44.06044134174116,False,15.98436085344813,19.526151262413187,15.080295746078907,10.832513108650815,8.792246520874752,70.21556749146579,False,57.13800441660348
DECK,Deckers Outdoor Corporation,Consumer Discretionary,11067498496.0,11.366433,9.7614355,0.98,4.8277297,0.0,0.0735,22.0,1.15,0.5770385958654284,0.23078119312259424,0.18713735514306976,0.025416058689266642,0.050825435567220884,0.1469097911350663,0.1469097911350663,-0.0651359269652079,0.25601943205017186,0.25601943205017186,499.1711462450593,0.7185240433884132,0.8243370538854187,0.15009933438361875,0.40968772278225885,1.0077474943139837,9.78078544015144,0.12283867111403257,1097332000.0,0.09914905345562922,0.015463893035025883,-0.31900453211876745,-0.203968908352171,81.2699966430664,-0.14120502887757322,15.688967501469348,11.01441883767535,20.482269212287957,16.08883187297284,63.2744874244055,False,11.908257742701448,9.003013402998638,16.38125816154534,13.539275951887957,14.39224652087475,65.22405178000812,False,64.24926960220681
DE,Deere & Company,Industrials,182196666368.0,37.72976,29.787348,1.57,6.5093293,0.96,0.0195,22.0,0.911,0.3648270457852905,0.18842494122915035,0.11254897570804881,0.03112397878390883,0.012417765221974353,-0.0450056665565175,,0.04563944332624252,-0.1100079042233697,,2.6548895899053626,0.7122994033010488,0.8755287501558756,2.4759152215799616,0.19371868978805395,0.08205870798661849,3.350293428269695,0.08597130624822813,3231000000.0,0.01773358461715233,0.14640098511138475,0.0,0.15255402990653277,675.739990234375,-0.21050788555241268,10.366247674928786,12.677244488977957,11.01016494712543,11.991994239240935,46.045651350273104,False,7.406088248859735,5.158908775232037,3.007393358120325,7.049281577219688,10.02662287146685,32.648294830898635,False,39.34697309058587
DELL,Dell Technologies Inc.,Information Technology,360690188288.0,29.50026,19.785532,0.63,-256.4602,0.5,0.048800003,25.0,1.409,0.19999471542567246,0.0743891912839754,0.052282055347108454,0.007608621840430556,0.01797723050157836,0.035349838884853435,,0.10727706956477036,0.3445679168903122,,5.414102564102564,0.6300033401358446,0.8931533250264582,-12.75425101214575,-2.403238866396761,0.3943363480303006,3.473043565617912,,8552000000.0,0.02371009879861631,0.05086402790255245,0.0,0.8675535025737905,567.2899780273438,-0.32930991116688463,7.41802294438637,17.23555110220441,11.452188540467771,12.399791838117828,48.50555442517638,False,14.486308273117066,9.876147043551631,5.685568436991116,11.265959923403205,9.317097415506959,50.63108109256998,False,49.56831775887318
DAL,"Delta Air Lines, Inc.",Industrials,52550660096.0,12.972404,9.3354225,0.21,2.3958864,1.1,0.038599998,24.0,1.291,0.24165141089577677,0.09188182564232056,0.07898806893504198,0.011401444844949378,0.019504300040327757,0.07799197884220499,,-0.03401268206181195,0.5601375527733077,,8.574374079528718,0.5398430900800847,0.9029483134941981,0.9722342109049058,0.24001342732460557,0.1279641102844546,1.5631773265427218,0.4687128291173732,3843000000.0,0.07312943344535681,0.07100246196578498,-0.14470094521731114,0.05919663431174224,79.91000366210938,-0.28036295354353746,7.908337355008676,12.086012024048095,16.289281636821517,12.96319649513482,49.24682751101311,False,16.281239857189224,12.892424871811514,12.057613771880778,9.755340818452778,12.010372547324746,62.996991866659044,False,56.12190968883608
DVN,Devon Energy Corporation,Energy,55253000192.0,10.872294,9.374697,2.92,1.383556,2.56,0.026199998,28.0,0.426,0.2554689318128927,0.22434256457993948,0.15371189201768676,0.08240243168360152,-0.18882452812181857,-0.03570785468840698,,0.03359573758785116,-0.23985041885789782,,7.758551307847083,0.5984097976442888,0.8983100033147171,0.5529366306027821,0.17014425553838228,0.1315110455714418,3.4695206032050394,0.11615969373613644,2797000000.0,0.05062168552441743,0.22771701186874563,-0.015237115024255057,0.11811931678988559,50.22999954223633,-0.1377443435580385,9.72634766637025,8.98187374749499,15.717830431237234,6.941363702376917,41.36741554747939,False,7.970002904046875,6.188769877328487,8.346803220948408,9.774661667344445,11.56737833866367,43.84761600833188,False,42.60751577790563
DXCM,"DexCom, Inc.",Health Care,31332263936.0,33.47984,26.577595,1.29,11.953642,0.0,0.0539,25.0,1.419,0.601008151008151,0.19558129558129558,0.17938652938652938,0.026247065444416177,0.06113906587478654,0.1701360960301399,,0.042582301730843125,0.34829324314463905,,49.82513661202186,0.6456019517551812,0.8068929416798488,0.506081573197378,0.3045520757465404,0.21771437835091978,7.437650480002518,0.08805627599654375,1077200000.0,0.034379896779891596,0.20647790647790648,-0.08818360415757608,0.13147637945374563,83.02999877929688,-0.2061612301611956,14.935935021819366,16.58330661322645,16.976645674174875,14.57407295347824,63.06996026269893,False,8.361459881446557,5.737475011358474,5.967784802119001,11.245098255183377,9.205289999135623,40.517107949243034,False,51.79353410597098
FANG,"Diamondback Energy, Inc.",Energy,57660788736.0,38.967678,11.124318,24.91,1.5173635,2.15,0.0423,29.0,0.414,0.3497220175497354,0.3294259494942729,0.11146091499765556,0.1573218616837873,-0.3523637222598563,0.15993445004276818,,0.032488861035441186,-0.2760727940111031,,18.558490566037737,0.6421592738183484,0.7389878781889034,0.4024396840852537,0.0450070323488045,0.07845562286371593,1.5890152026568363,0.35053878938250027,-703000000.0,-0.012191994168145816,0.6337330028803001,0.0,0.10692204490526284,204.97000122070312,-0.7145244835989457,11.222073357225264,16.867224448897794,7.970978137545551,8.165210340320472,44.22548628398908,False,7.353465211226703,11.344216914389563,5.021487496990053,7.756698783020175,12.515515602039935,43.991384007666426,False,44.108435145827755
DLR,"Digital Realty Trust, Inc.",Real Estate,71219822592.0,91.54369,65.22326,12.21,2.6130695,2.59,0.0,31.0,1.037,0.5539220690327601,0.15085579315954412,0.21407736558622617,0.00783078799326043,0.009816276416198116,0.09218604990875767,,0.08617670390960012,0.5131833690053424,,2.1055858357289807,0.49671551059354535,0.8929071714561456,0.8573515191250958,0.05707965784893549,0.023005013832801655,,0.09246339186747177,2412136000.0,0.03386888526553211,0.0,-0.05525362983565293,0.047169202937640514,188.5800018310547,-0.2875176869099334,15.778587987823368,18.646252505010022,4.251185139898642,12.013064578593212,50.68909021132525,False,4.342463998360068,2.790825761017719,8.025441607045927,4.432916195687977,11.201854092834298,30.793501654945985,False,40.74129593313562
DG,Dollar General Corporation,Consumer Staples,27484438528.0,15.971795,15.061901,1.66,2.958934,1.92,0.030199999,29.0,0.235,0.30660930299520633,0.05157871377807827,0.03539691832546433,0.019771965455013914,-0.03636722488207754,0.04125293834210786,0.04125293834210786,0.002364212894035496,-0.1445747747593945,-0.1445747747593945,9.557603646662358,0.6777566251596485,0.9456629920759704,1.8466548605362665,0.17766890876627503,0.07346003920656174,2.5834383023164404,0.15379062909355667,2393338000.0,0.08707974869349312,0.02905044659641433,-0.19476983927696825,-0.013987870908643242,124.58000183105469,-0.056968800313302266,6.08248570909376,10.534799599198397,12.71422319670872,7.767590889286925,37.099099394287805,False,8.702625600027332,9.808723956643083,14.048069447108617,10.360285752621628,8.878444746540518,51.79814950294118,False,44.448624448614495
DLTR,"Dollar Tree, Inc.",Consumer Staples,22172272640.0,14.535055,14.943435,1.48,6.474714,0.0,0.0494,25.0,0.662,0.364046610824344,0.08515954213416582,0.06606806169443329,0.024641772987505552,-0.05105691959895556,0.0799582484358976,,0.05677443192490654,-0.07403956187376659,,19.334502923976608,0.0,0.9034087071877269,1.879038056938933,0.3415537031612027,0.12316287845972834,3.6465078887977773,-0.24576741234331478,1400000000.0,0.06314192607727198,0.058418075603498903,-0.0710636033376937,-0.0011495747231308672,118.16999816894531,0.02809621291422697,7.331009977362281,14.659008016032063,16.21041365605495,7.632430895096093,45.832862544545385,False,9.356839030389995,6.226448854416823,10.018915505201596,9.285195266390076,6.390072607831274,41.27747126422976,False,43.555166904387576
D,"Dominion Energy, Inc.",Utilities,56606289920.0,22.269896,16.868437,2.59,2.0277252,4.15,0.0309,11.0,0.622,0.49018538713195203,0.2987398521749667,0.18163092208893736,0.02675262874413917,0.06484689766212409,0.05798731389635825,,0.1369871604453885,0.36031646804360906,,2.4386745796241347,0.6381726300648922,0.9227600841632662,1.682804387442836,0.1030842760375477,0.054060837229588175,0.7183292116698144,0.016875014156283452,-7280000000.0,-0.12860761604918128,0.765842723857991,-0.06013877218326093,0.016825540798267483,64.36000061035156,-0.2425453176790767,15.768612735089317,17.034198396793588,7.576046716744529,16.3002432589437,56.67910110757113,False,7.383291480893078,10.385758908288441,7.397659041469915,6.690293965950938,10.015277897830408,41.87228129443278,False,49.275691201001955
DPZ,"Domino's Pizza, Inc.",Consumer Discretionary,10308269056.0,17.990763,14.937593,1.46,-2.587438,2.55,0.099700004,28.0,0.946,0.3995065581051313,0.1922969946927061,0.12180257708815032,0.012011820652233295,0.0277111460182716,0.02876024391390608,,-0.0010601563303695508,0.0998427924870453,,4.8473557446982225,0.8738305737988236,0.9557040196476402,-1.294052869646888,-0.15423791289832567,0.726400533708083,2.9034531456579,,671504000.0,0.06514226552993846,0.024404483082368117,-0.24603796456348329,-0.11368868918374853,311.6000061035156,-0.16970764386146386,13.05173756188973,7.512535070140281,14.801190032803863,17.172302367236284,52.537765032070155,False,9.53308905174328,14.065852372298306,17.060357242848575,15.485266420907156,10.685884691848905,66.83044977964622,True,59.684107405858185
DASH,"DoorDash, Inc.",Consumer Discretionary,87504519168.0,105.18229,24.797428,2.46,8.819162,0.0,0.0448,43.0,1.788,0.5087847196908946,0.052854122621564484,0.0681635926222935,0.08991468906157266,0.2096215538839069,0.2772574009717286,,0.037641420856003194,,,,0.0,0.6926952331742411,0.3279178710256155,0.09319246486594239,0.08044665334421512,6.12579539133608,0.14101122952634726,1826000000.0,0.020867493671889805,0.1484289567689728,-0.2060777574996437,0.06287235681172544,201.9499969482422,-0.7642433151056134,7.054379441427196,20.28932865731463,9.05703136685937,9.415137725710412,45.815877191311614,False,8.107612019337536,4.602027162977867,8.316774088751576,4.567188576924105,10.096594346961709,35.69019619495279,False,40.7530366931322
DOV,Dover Corporation,Industrials,25461297152.0,22.667866,16.23615,1.49,3.3049545,1.11,0.0433,18.0,1.146,0.397669541607976,0.16970638873603952,0.13518027830710413,0.006076171282496742,0.0065737249272050935,0.010445978801371991,,0.036759775802365995,0.008863280077781921,,12.511031957147543,0.45026070849149125,0.9770888594353069,0.48274187105665933,0.14772796327340523,0.11788603502606723,5.1676400767854025,0.19991172655874911,1113312000.0,0.04372565911916034,0.027217926169569598,-0.16074447666177705,-0.08788765423097213,189.0500030517578,-0.28373716343655825,13.482929243717178,9.17492985971944,12.14313737217693,15.580662729341144,50.38165920495469,False,12.365218059755033,10.88744174725774,12.8501447957522,12.110384961351555,11.478822715878641,59.692012279995176,False,55.036835742474935
DOW,Dow Inc.,Materials,20969551872.0,,16.086222,38.89,1.3221899,4.82,0.0579,16.0,0.424,0.06337570056044836,0.003953162530024019,-0.06562750200160128,0.03948350459996746,-0.09625421155173057,-0.11108214737616817,,-0.03257624000849499,,,0.18265895953757225,0.0,0.8385431818844988,1.224262868565717,-0.16385557221389305,0.003926391947153193,1.4800819273184649,-0.08237955284659415,-1447000000.0,-0.06900481273193705,0.08083967173738991,-0.28774303065880236,-0.06236610911876268,29.030000686645508,,1.8640473552323062,5.604158316633267,3.0415791963136583,3.9884240209130075,14.49820888909224,False,7.048582995951417,15.882977218147596,12.867590582031745,1.8169103144672558,9.28077189039675,46.89683300099477,False,30.697520945043504
DHI,"D.R. Horton, Inc.",Consumer Discretionary,38568009728.0,13.1449,11.747857,1.17,1.6251414,1.31,0.0475,12.0,1.371,0.23696657557284004,0.12917221404713522,0.10467614976759396,0.04032105593119075,-0.09694487077962702,0.007612158904120037,,-0.10713484737294944,-0.15094915834459988,,,0.8040979395211685,0.958497601435589,0.2493179112375157,0.14820755340961703,0.12409011384133092,5.847840295946918,0.07640255265040952,3283500000.0,0.08513532389036427,0.004011631980940369,-0.15090295427316172,-0.06400744057800958,137.88999938964844,-0.10628023035549909,6.784091191192284,6.805991983967935,13.687611230624785,6.4803637991963985,33.7580582049814,False,10.577068279266815,13.123224021548644,15.377321552030232,12.796028815928903,10.179488287665313,62.05313095643991,False,47.905594580710655
DTE,DTE Energy Company,Utilities,27588315136.0,21.2809,15.8489,1.75,2.2708278,3.47,0.0271,14.0,0.388,0.3030858732768433,0.15985835335778426,0.09244972808903504,0.04115964621803214,0.06770108271081109,-0.06307993398170852,,0.29208413230252755,0.10519685059243877,,2.393939393939394,0.8716853959965939,0.7897710614294311,2.1368771844265626,0.11883280500690889,0.06211996453587801,0.9664135505996427,0.0577125563931713,-1020000000.0,-0.036972174450370904,0.2800682939167826,-0.1298811703112044,-0.05631618025990822,132.5800018310547,-0.2552523624470769,7.7849668748380045,11.485771543086171,8.478452159084199,10.875962143583287,38.62515272059166,False,9.050427919848307,8.929634743947556,10.38691557050212,6.715404876298007,10.84808540063964,45.93046851123563,False,42.277810615913644
DUK,Duke Energy Corporation,Utilities,93112033280.0,17.98494,16.650122,2.24,1.7320802,3.63,0.024400001,18.0,0.364,0.5117721872382666,0.2660607376616931,0.15410863293730806,0.019391792074421807,0.04275706691642056,0.03867971409471327,0.03867971409471327,0.017297906915052015,0.2489559910240613,0.2489559910240613,2.36020913593836,0.676535444931359,0.9475202745709617,1.7528066046834614,0.09582963620230701,0.053437230254082736,0.6920451481049553,0.016748849431704516,-1694000000.0,-0.018193137238297886,0.4350280733318857,-0.07201027412203734,-0.027433004867992803,119.41999816894531,-0.07421865182758475,15.864373490630502,13.865911823647295,7.507469013927624,16.08177010214455,53.31952443034997,False,6.624472573839661,7.972512169792951,9.17573873259843,7.730036959874092,11.24948333713136,42.75224377323649,False,48.03588410179323
DD,"DuPont de Nemours, Inc.",Materials,17146114048.0,54.73707,15.943983,1.72,1.2454518,1.89,0.040599998,16.0,1.085,0.34501387063804934,0.12556577602569718,-0.11373923200467222,0.018665675982793558,-0.029769554695667194,-0.19269293381346742,,0.003472701494657924,,,2.747603833865815,0.0,0.6209160649356692,0.2294705079387887,-0.05596666427185861,0.025698255884864008,0.37922557851427113,-0.19385912574610764,172000000.0,0.010031427501210565,0.08482990217550007,-0.1435605086102747,-0.05743832008714632,126.98999786376953,-0.7087169079382583,7.311128402806269,6.3915430861723435,4.1298970604738425,10.594187200464733,28.426755749917184,False,9.676617297869797,11.052574803660672,11.89794719636276,1.6493992682584007,7.980011236926268,42.256549803077895,False,35.34165277649754
ETN,Eaton Corporation plc,Industrials,165171167232.0,43.272636,26.366879,2.52,8.157133,1.03,0.0186,25.0,1.168,0.3758743806470417,0.18977703293500436,0.1488997376858059,0.02084623781905035,0.04545359423030121,0.09769979247934413,,0.030791621970189517,0.18405587326575312,,21.61410788381743,0.7886808849873792,0.8828846641192416,0.5421879021879021,0.2103989703989704,0.14729047965229802,6.079016849550307,0.04467404441979905,3553000000.0,0.02151101829418838,0.06251821626348003,-0.012505595980911426,0.09353504543719136,425.3699951171875,-0.39068008244286295,12.104312987744775,18.414018036072143,12.928693611624906,15.181851188459117,58.62887582390094,False,7.470933907309657,3.755603783994288,4.227778386342395,12.042671867414146,9.117814850030253,36.61480279509074,False,47.62183930949584
EBAY,eBay Inc.,Consumer Discretionary,47948750848.0,22.079918,16.003529,1.48,10.278546,1.15,0.040599998,27.0,1.339,0.7145045045045045,0.20513513513513512,0.18297297297297296,0.02126541289687844,-0.03478319054123036,0.042572293921697035,0.042572293921697035,0.06254092066357525,,,9.25609756097561,0.0,0.9461015175533387,1.5557963163596966,0.4400866738894908,0.19843313993392217,6.487743558206736,-0.036088442388849895,1434000000.0,0.02990693135147261,0.19522522522522523,-0.05203399439208249,0.07168159441970103,107.75,-0.2751997992021528,16.78124851922778,14.455240480961926,17.098576049421172,12.049311371447935,60.38437642105881,False,9.799877005073538,4.810397384305835,5.687193995616703,10.912141573493471,7.375315301864703,38.584925260354254,False,49.484650840706536
SATS,SATS,Communication Services,,,,,,0.0,,,,,,,,,,,,,,,,,,,,,,,,,,,,,12.5,12.5,12.5,12.5,50.0,False,10.0,8.0,10.0,10.0,8.792246520874752,46.792246520874755,False,48.39612326043738
ECL,Ecolab Inc.,Materials,77421150208.0,36.483486,29.325445,2.45,7.6994705,1.06,0.019299999,21.0,0.89,0.44464343456955946,0.17986841777976767,0.12906996990274358,0.02711272037128613,0.05983571362549428,0.04264019904644334,,-0.005906723638082263,0.238834954001786,,9.44644023514043,0.6927776772130112,0.9462411671910558,0.9208560199778933,0.2124288696933721,0.13113358661603908,4.8998731299468545,0.10528732036104782,1904300000.0,0.0245966379327083,0.06518792129940551,-0.09948150262840863,0.0063469966068811995,276.17999267578125,-0.19619948049920452,11.690522547107554,12.834118236472946,12.850650243165418,15.642760323377061,53.01805135012298,False,5.831556739951143,4.501086681378594,8.1929038572204,12.067665649686898,10.47372288011064,41.06693580834768,False,47.04249357923533
EIX,Edison International,Utilities,21549582336.0,5.8577404,8.607757,2.55,1.2351397,6.19,0.052800003,14.0,0.614,0.48071646736035617,0.27126365377646633,0.24336077030594813,0.07506107015390288,0.1822973355418554,0.03904776111316921,,0.020437153283930767,0.7868482857223624,,3.4048083170890187,0.17471465449790902,0.9290801202849925,2.3635587917401444,0.26742135502588316,0.0697137758490038,0.7658433147275299,0.040147935097003984,-715000000.0,-0.03317929734561701,0.33726769167054926,-0.238888205089493,-0.14859217313708661,56.0,0.4694671344602433,14.59222937963465,11.191382765531063,10.862049447395501,14.249649029384711,50.895310621945924,False,13.368583337603992,11.875590478353995,13.450032544149277,6.738387129853334,10.762598323104848,56.19519181306544,False,53.54525121750568
EW,Edwards Lifesciences Corporation,Health Care,48580247552.0,51.445126,24.982677,1.84,4.581591,0.0,0.0178,26.0,0.852,0.7801107521919705,0.2696618102709473,0.17692333047662998,0.03485490353078172,-0.07511865567887349,0.1077223514087009,,0.029741628976627132,-0.1098320017351817,,80.20588235294117,0.2983248510962968,0.8707110672918402,0.06823634112366507,0.10384421916112056,0.167476162429159,11.317670244359576,0.21198369774508818,1335000000.0,0.027480304594393518,0.22074625881732482,-0.07030300003766357,-0.012962374950044727,84.37000274658203,-0.5143820427225702,17.38338212715418,16.374739478957917,13.198799185757458,10.43291620273999,57.389836994609546,False,8.758793283110405,3.63390131109236,8.459586174246288,10.515356833722633,10.596594346961709,41.9642319491334,False,49.67703447187147
EA,Electronic Arts Inc,Communication Services,52925640704.0,59.743587,21.720531,1.3,7.7727118,0.0036000002,0.0395,13.0,0.642,0.789669366617979,0.15429557827645732,0.11777984331430089,0.026372930307863977,-0.040021685391735506,0.0046911288415614205,0.0046911288415614205,0.022203391974860515,0.034148922641525914,0.034148922641525914,21.92452830188679,0.7888049712000864,0.9917151113717588,0.22885866351271436,0.13113542282672974,0.16032846760745662,6.59140237560614,-0.024787793839486705,2323000000.0,0.04389176907639085,0.4060549727791794,,,,-0.6364374472527068,14.057089417896693,10.572895791583166,15.4280394031751,8.268613545045262,48.32663815770022,False,10.451604912964008,8.868028980333616,9.086774847870183,15.381953799100883,5.272635334239622,49.06099787450832,False,48.693818016104274
ELV,"Elevance Health, Inc.",Health Care,90807508992.0,18.413368,14.143337,1.3,2.0229387,1.64,0.028299998,21.0,0.696,,,0.028434400502197112,,,0.08338453671992796,,0.0942840970068572,-0.013296706478294062,,,0.9741800533737034,0.8997446416296075,0.7302766510186409,0.1290278474089604,,,0.0658287348429849,3174000000.0,0.03495305658345528,0.005604519774011299,0.0,0.15543883677872303,418.7200012207031,-0.2318984229283854,10.633802816901408,18.38075150300601,10.208830890531964,12.5,51.72338521043938,False,12.430507866550505,7.971730544557667,5.715127078903441,12.309879518072291,10.090716570144352,48.51796157822826,False,50.12067339433382
EME,"EMCOR Group, Inc.",Industrials,34434834432.0,23.31024,21.243032,0.31,8.46712,0.21,0.0208,7.0,1.13,0.19327130810714582,0.09234092971433301,0.07493143641433139,0.019972863944603163,0.041341391970068773,0.15320031490276653,,0.008545530149957875,0.46342279987006507,,130.49434276206324,0.5353505200801366,0.8146244110068942,0.12744042914099943,0.34644431161716127,0.4089348274115277,7.166017278308571,0.2301515140213568,1189313000.0,0.03453807807174416,0.00663765447485056,-0.12404446971416377,0.020212426466853447,780.6599731445312,-0.08868239880842071,6.2289662939943415,14.749488977955913,16.041349442404666,11.89730478772329,48.917109502078205,False,11.680682963494423,8.414119069254236,8.79907769538121,12.015496563599335,11.007930676808712,51.917306968537915,False,50.41720823530806
EMR,Emerson Electric Co.,Industrials,85241618432.0,32.449894,21.0074,1.73,4.1655946,1.46,0.015800001,27.0,1.233,0.528363676731794,0.19604795737122557,0.12727575488454707,0.018436224789445996,0.02537279075285409,0.09282630664203761,0.09282630664203761,-0.12348888199769756,-0.10801880427982646,-0.10801880427982646,9.126614987080103,0.0,0.877207917549068,0.6783847746770535,0.1130559116457943,0.08290436499628438,4.370968638994868,0.25081896672685633,2667000000.0,0.031287533590502535,0.023923179396092363,-0.0016399894778018856,0.06012679166273966,152.19000244140625,-0.35262038144099944,14.09518775861133,12.704849699398796,8.725552725097941,15.127456794307015,50.65304697741508,False,9.587181195442353,5.551846076458752,5.780707025112135,6.601759855170454,11.343923416025586,38.86541756820928,False,44.759232272812184
ETR,Entergy Corporation,Utilities,50324303872.0,27.007692,20.635138,1.65,2.6962755,2.43,0.0496,20.0,0.481,0.47716913810993794,0.2483317352409721,0.13697157712792293,0.04950417121658069,0.11121472686629794,-0.020204385975384764,,0.11186268904442698,0.1735707357143219,,2.4053197132235713,0.6062549869437288,0.9329378304095686,1.8242007524910255,0.10457129688533062,0.05461230655790177,1.1095668322572092,0.09258601899081609,-2790700000.0,-0.055454318992631334,0.6133887081219086,-0.09645448833739104,-0.006067690769108411,105.33000183105469,-0.23595329804560855,13.264625946578242,12.70080160320641,7.732058169479644,14.066678365687176,47.76416408495147,False,7.921582193067868,12.462557603686637,8.301768191297889,6.854254405616862,11.075546719681908,46.615709113351166,False,47.189936599151316
EOG,"EOG Resources, Inc.",Energy,78488141824.0,11.476635,10.215577,1.38,2.4302394,2.77,0.0315,28.0,0.272,0.6337791161101762,0.32105216544150206,0.2205296253653352,0.07022159188839719,-0.1623331593923512,-0.08514403108878354,,-0.042503941645439136,-0.13740315842426454,,30.851063829787233,0.8075049819180077,0.8686020025691437,0.2818355512352093,0.16692923943284282,0.1628670446012112,3.8732972354712283,0.06382710353177301,3450000000.0,0.04395568451265161,0.2920024798512089,-0.008944796618580974,0.11701047586710747,147.36000061035156,-0.1098804658334085,16.74433728335732,6.598897795591181,15.896961518551764,8.914871472140195,48.155068069640464,False,10.05921693230154,5.912753780749011,6.748870831479751,12.361924038098998,10.708207278070708,45.79097286070001,False,46.97302046517024
EPAM,"EPAM Systems, Inc.",Information Technology,6082620928.0,15.998644,8.385254,0.61,1.7285815,0.0,0.2043,17.0,1.383,0.28834613388611,0.0952900245113849,0.06920911201937455,0.010408164577689562,-0.023466838612483165,0.04190812675920319,,0.1462408133912384,-0.03433705986580604,,,0.9246968689206514,0.9270787013270716,0.03907945826555126,0.10270731252308125,0.15383804731720108,5.473033935266152,0.07002136211028587,612691000.0,0.10072812480876665,0.0077409870816792055,-0.4347555119265062,-0.1113003513614574,117.91000366210938,-0.47587720559317404,8.338685752572378,11.152274549098196,13.912142738576824,9.512895144503075,42.91599818475048,False,17.82289584721297,13.508690368014538,17.953608809040862,13.463440636158827,8.846594346961709,71.5952300073889,False,57.25561409606969
EQT,EQT Corporation,Energy,33821650944.0,12.752359,14.034533,1.79,1.338996,1.22,0.0373,26.0,0.576,0.4587503233784062,0.36086767529204616,0.24412714287202164,0.2636023615791394,-0.2781003807900933,-0.11718245847505004,,0.569539645687082,0.04814158339822172,,6.871302385484221,0.4319610027780869,0.5677550580957326,0.33084489802980943,0.08585335455031026,0.07474369102359446,2.0006652261040765,0.285842383693133,2837527000.0,0.08389676200899296,0.2739573268598194,-0.1453105650529919,-0.04052410014971046,54.06999969482422,0.10054406404336637,14.819528287787028,8.935410821643286,13.004481412890401,8.154729631601878,44.91415015392259,False,8.484138779275355,11.625732297007856,15.12588612404651,5.235413755223296,11.85003025326303,52.32120120881605,False,48.61767568136932
EFX,Equifax Inc.,Industrials,19854948352.0,29.649124,16.613304,1.4,4.537278,1.33,0.077,21.0,1.305,0.5644744423409334,0.1802946744588032,0.10870030455181497,0.013146395922169162,-0.025866740558181694,0.05848490317101085,0.05848490317101085,-0.009743198903404512,-0.017492759754185738,-0.017492759754185738,5.1587376354215735,0.8945369219243503,0.9222601556429628,1.1062050691744674,0.14340942162760897,0.08542642597824945,3.1588869931936108,0.05184274142058243,1134300000.0,0.05712933521107555,0.07924932093176393,-0.21406671884657333,-0.07515867227544376,169.0,-0.4396696509482034,14.095384296481619,9.175831663326653,12.97199049559508,12.595627390230913,48.83883384563427,False,11.942610908966671,10.345734568702536,13.991068520657414,10.949023946297638,8.369353051650569,55.597790996274824,False,52.21831242095455
EQIX,"Equinix, Inc.",Real Estate,102393577472.0,65.80342,55.514244,2.94,7.1195207,2.02,0.0191,29.0,0.973,0.5109037647824671,0.2133015080828903,0.1464684821525442,0.019307510962294046,0.04450073705163601,0.08265773019010236,,-0.01478051567764306,0.24179016861486846,,3.730550284629981,0.706383700516191,0.8994246204698114,1.6053970048036168,0.09536592257699915,0.049990210085159054,2.587184999056091,0.0715336710707315,-400000000.0,-0.003906495015367364,0.4677226863404578,-0.03231769022107227,0.06209239160905224,1037.719970703125,-0.15636232888807305,14.683449470644138,14.917685370741484,7.465549767048383,12.662015297477852,49.72869990591185,False,3.305958420881805,6.701601220224573,4.526618828590204,6.828981715774476,10.510221281009596,31.87338146648065,False,40.80104068619625
EQR,Equity Residential,Real Estate,24609972224.0,28.675674,41.35888,16.1,2.273409,0.042600002,0.0312,17.0,0.749,0.6287840271962234,0.2811129688531748,0.362024512929874,0.010142855348568286,-0.015657627597515822,0.04194040742424798,,0.0012706881091920155,0.12969295539086434,,2.8349337349004884,0.8276039094566883,0.947645913087645,0.767974076708244,0.10144356305244424,0.04462205268946188,1.9956790361572558,-0.003951715781393639,1289704000.0,0.0524057478919973,0.1160516348148117,,,,0.4422984443190419,20.335723783706197,11.102189378757515,10.028705421788741,13.387383816623908,54.85400240087636,False,9.578178650130681,12.682905659765042,11.428146044624745,9.03021027226972,7.596421471172963,50.31586209796315,False,52.58493224941975
ERIE,Erie Indemnity Company,Financials,12812585984.0,21.83868,17.48965,2.67,5.193404,2.39,0.1047,,0.305,,,0.13482597617974387,,,0.13315715446994947,,-0.0930757523116144,0.23275212765721442,,,0.7161642973464948,0.8368771042165434,,0.24495987078770276,,,0.1638456263989665,570965000.0,0.04456282289250626,0.027887199685674824,-0.15682156902115332,-0.014779117571692339,245.02999877929688,-0.199143446398775,12.676056338028168,9.633126252505011,13.363622979781455,12.5,48.17280557031464,False,5.8067100565435,8.967766599597585,11.28656554336159,8.740562248995985,12.040820295617598,46.842424744116265,False,47.507615157215454
ESS,"Essex Property Trust, Inc.",Real Estate,18810646528.0,42.180836,43.32152,7.02,3.29498,3.82,0.0588,25.0,0.706,0.6778342062526989,0.31892049413329304,0.35481907123498885,0.010134290512224654,-0.00045747991970873647,0.05510390234068829,,0.0006925473082561029,0.17929096618039386,,2.3293486168944755,0.6857370901234126,0.9289980324917633,1.2364728446312574,0.12084841082677719,0.03860644901589176,1.774332774929458,-0.01031054970357903,934075000.0,0.04965671959279081,0.07436266289417144,-0.06406252927187228,0.028327726796525354,272.9100036621094,0.027042707261657882,21.04883664860125,11.281262525050101,9.589793450032085,15.859369705184683,57.779262328868114,False,1.8664223850766157,11.118501168300124,9.350833177564372,6.765421454963484,9.563078053418618,38.664256239323215,False,48.22175928409567
EL,The Estée Lauder Companies Inc.,Consumer Staples,35137523712.0,190.43138,24.816534,2.12,9.231939,1.44,0.031600002,27.0,1.274,0.7550003322479899,0.11143597581234634,0.012093826832347665,0.014961080636736153,0.0001223365917303737,-0.018374524462719366,-0.018374524462719366,0.132605046592801,-0.4344237868227795,-0.4344237868227795,5.020958083832335,0.0,0.9542516703065465,2.4293221229637414,0.047819232790331054,0.06179149041445772,3.112197479404279,-0.12000162773964307,1316000000.0,0.037452838475084856,0.030367466276829024,-0.1487367048132167,0.050875516679384426,97.12000274658203,-0.8696825386656338,12.216121450844529,12.08625250501002,7.10288540587465,12.263203756595825,43.66846311832502,False,8.584883581885578,4.121685110663983,8.703106264361015,7.374115073329724,3.0009319576611477,31.784721987901445,False,37.726592553113235
EG,"Everest Group, Ltd.",Financials,14252378112.0,7.843638,6.2208834,0.97,0.93228626,2.16,0.0547,15.0,0.277,,,0.09240329887327216,,,0.12836140182450917,,-0.17227051836972454,0.3864321355935727,,,0.48005228943530565,0.8366110925352331,0.23214747736093144,0.10291073738680466,,,0.22350344475112416,3068000000.0,0.21526232155017358,0.0,-0.002452715329003981,0.07538055441699162,371.7099914550781,-0.2068880027354654,11.720321931589538,9.196983967935871,12.976509847543023,12.5,46.39381574706843,False,12.951536582449307,12.051919906535991,10.705733859546731,7.636184738955823,12.274461924107527,55.61983701159538,False,51.006826379331905
EVRG,"Evergy, Inc.",Utilities,18818893824.0,20.768448,17.8794,2.09,1.8407758,3.41,0.0937,11.0,0.51,0.522661701556629,0.25712895866881375,0.14351851851851852,0.016126557434926764,0.03489346174949168,0.005797706437296046,,-0.04201527752064524,0.04363736583688427,,2.4872626967386013,0.9107837730379464,0.9659378520271417,1.4873059199906078,0.08370755187696281,0.058316672297181696,0.8548076487766412,0.025280685132748282,-751700000.0,-0.039943899308329506,0.469152576489533,-0.04776681624727575,0.01873005546657755,81.62000274658203,-0.13910755392025437,15.955600470841578,6.547575150300601,7.3635711626819536,16.212960497652126,46.07970728147626,False,6.6840994892294034,12.809159310702928,7.430678741822131,10.727942341621846,10.044601953496413,47.69648183687272,False,46.88809455917449
ES,Eversource Energy,Utilities,25809752064.0,17.937172,13.936828,2.41,1.579202,4.6,0.0321,12.0,0.698,0.8469225179674922,0.2206049437066314,0.12492371142056642,0.021769672547106877,0.04173816034258307,0.033017102123918285,,0.13917732634109872,0.06402716482009607,,2.4038210648405087,0.0,0.9373087239340361,1.8592575255424202,0.10448500861657498,0.05978657396391183,0.7458699845655902,0.01536213301245648,-45097000.0,-0.0017472852853515888,0.3069752785142129,-0.08061394684340013,-0.01707644756910851,68.5199966430664,-0.22301977145561186,16.725061832700685,13.810871743486974,8.21639790084573,13.64896282131965,52.40129429835304,False,8.815507610311075,10.74664454468748,9.57769556078867,5.613969526441722,10.021631083066815,44.77544832529576,False,48.5883713118244
EXC,Exelon Corporation,Utilities,44465762304.0,15.926199,14.205312,2.35,1.5001738,3.89,0.0354,17.0,0.389,0.42930167367466404,0.2120949789760079,0.11410668645395333,0.016166551653100464,0.03822979394613055,0.08336312473906027,,-0.006466176651845311,0.08451471905993158,,2.4188998589562765,0.895648165590277,0.8992609967876789,1.739009653448156,0.09611778595735815,0.055300382640550164,0.7483588351764188,0.0518750164844628,-2275000000.0,-0.05116295959229171,0.3515953499876329,-0.1033494341238753,-0.04127348883701958,43.15999984741211,-0.10805384260236865,13.441206796291864,13.793466933867734,7.307745843460692,14.425927046521759,48.96834662014205,False,7.4611370197646,9.694988154734862,10.317660086278318,8.21300757035109,10.751901633676205,46.438694464805074,False,47.70352054247356
EXE,Expand Energy Corporation,Energy,22686072832.0,8.355066,10.898509,0.92,1.1449442,2.43,0.0364,27.0,0.323,0.5084912626138322,0.22733612273361228,0.1492329149232915,0.2294263372370756,-0.09836517937247877,0.021275059999324775,0.021275059999324775,2.3448104447902884,-0.28305498508032534,-0.28305498508032534,11.791489361702128,0.0,0.5877802999413944,0.27236516309613523,0.09791150823554742,0.09594239050845774,2.366188831662278,0.2674705990280375,1644000000.0,0.07246736851170839,0.24046271228156535,-0.20855592295657854,-0.05537557907802138,94.83000183105469,0.304419258926261,12.382021218118561,10.976052104208417,14.023998680003707,6.738278791692888,44.12035079402358,False,14.739976767625,11.52882796780684,16.083076275094786,5.765833986908911,8.83938071177677,56.957095709212304,False,50.53872325161794
EXPE,"Expedia Group, Inc.",Consumer Discretionary,33705031680.0,17.421215,11.49396,0.72,27.873945,0.68,0.0559,36.0,1.25,0.9011742347111925,0.14681327631846874,0.08783004140365167,0.01847893678377412,0.04490190235772476,0.08087962506974211,,0.009748083939316227,0.5433480265398722,,7.234113712374582,0.5232387667690364,0.9017826674326679,4.996105919003115,1.0077881619937694,0.773726390737927,1.659138187702358,-0.1745583650280481,3110000000.0,0.09227108965589319,0.13893979501798684,-0.11443620428762741,0.0758634795037795,280.8299865722656,-0.3402320102243156,14.443367404122712,13.355230460921844,22.78903464983918,14.374068112504238,64.96170062738797,True,14.123456157433509,8.355659278250148,9.338445929124441,11.93855190895061,7.150790906733512,50.90690418049222,False,57.934302403940094
EXPD,"Expeditors International of Washington, Inc.",Industrials,25036195840.0,28.034935,24.29487,2.98,11.819577,0.84,0.0381,14.0,1.058,0.1292198786720654,0.09508945200062625,0.0732072762792044,0.005004826954160802,-0.011778373524389901,-0.13447253986862018,,-0.09563144081732292,-0.15798759812271512,,,0.6950289677417769,0.7122436792752838,0.24222321558578946,0.3439975581934877,0.4846546581123075,10.035019907827376,-0.08844802564805965,953400000.0,0.03808086524378298,0.0047972677590198,0.0,0.19465805615152224,192.60000610351562,-0.13340730056980696,7.971811349059746,2.556813627254509,16.521067935413797,12.633737958077166,39.68343086980522,False,5.91035890602846,8.440580417991821,3.47106140290016,10.500717904878938,7.443988244446366,35.76670687624575,False,37.725068873025485
EXR,Extra Space Storage Inc.,Real Estate,30377498624.0,30.11816,28.633898,5.58,2.1933963,4.71,0.029000001,20.0,1.176,0.7077694370639951,0.44085343720374165,0.2883750964458769,0.04954689847350581,-0.09844454582270606,0.20629197785498432,,-0.23506476053719333,0.04208766281825094,,2.344396125529811,0.9175173806248402,0.7573155310319198,1.041582974557152,0.07250703222159244,0.05243886757952865,1.4674907726290052,0.6032631992832258,1829054000.0,0.060210816652130156,0.00625869345222058,-0.07025124539409555,-0.01425441418356803,137.63999938964844,-0.04928129739665375,19.086162541877524,13.51380761523046,7.793319024910366,10.437569589001306,50.830858771019656,False,4.275252395838671,11.518110923606152,11.753572632549862,6.565562016673447,13.713436770680268,47.8259347393484,False,49.32839675518403
XOM,ExxonMobil Holdings Corporation,Energy,682536271872.0,21.28077,15.382733,1.41,2.6314204,2.48,0.0108,22.0,0.175,0.21994103209274324,0.10477763541779225,0.08905080193266544,0.024130104559469682,-0.055824358687682124,-0.06688991546295975,,-0.058818071945900816,-0.19715906600932198,,56.281923714759536,0.6932646183907916,0.9036174804637911,0.16784637567177874,0.11120106713546606,0.08375707222988943,4.808968760132308,0.09968322774947591,23612000000.0,0.03459449845096012,0.08755036198885476,-0.008612730338316643,0.11524596668327142,165.99000549316406,-0.27715336428146164,6.6761904646741534,9.038557114228457,10.178433399471581,6.743077407174323,32.636258385548516,False,9.864748287466474,5.150347407022782,5.933324310977426,10.786860929703687,11.268605756763765,43.00388669193413,False,37.82007253874132
FFIV,"F5, Inc.",Information Technology,23313977344.0,31.743252,22.775652,1.45,6.0678544,0.0,0.0367,10.0,1.03,0.8141306290785966,0.2562870943423599,0.22421109352372612,0.046547130086151856,0.10357022820205883,0.04631913174341684,0.04631913174341684,0.09552075352470091,0.2904988819003278,0.2904988819003278,,0.6613339154185063,0.9417392117781807,0.07288170180448268,0.19275617838423675,0.2701323559668655,6.993172194608191,0.133112409022637,906406000.0,0.038878222562623764,0.1888152219248774,-0.01021732879917847,0.19812703588160502,411.7099914550781,-0.2825041366272113,17.645516474199702,11.116813627254508,17.12948800507368,14.385995062206513,60.277813168734404,True,11.185303814550982,12.563877945089894,4.6708590039221125,12.818110312647486,11.900744544590165,53.13889562080064,False,56.708354394767525
FDS,FactSet Research Systems Inc.,Financials,9236726784.0,17.32555,13.173385,1.22,4.5720367,1.79,0.1446,16.0,0.711,0.5271743531167035,0.3223015589977896,0.2571510775501906,0.013926594286973284,0.029576171610675828,0.07984113351802002,0.07984113351802002,-0.002488134457079391,0.14578001475898184,0.14578001475898184,13.285686385910092,0.8269846783531223,0.9034755190898607,0.712815465330658,0.27306826294940617,0.1818713425791221,4.565965389924054,0.17979625407076383,617454000.0,0.06684770638334386,0.04686382846028079,-0.17171104587457417,0.037995403495793306,259.7099914550781,-0.23965559534906541,18.707140333237753,9.633456913827654,17.214609016249668,17.11824684126446,62.673453104579536,True,10.156801448606911,10.518711624586228,11.707851294378848,13.067403915442185,14.005850666750483,59.45661894976465,False,61.0650360271721
FICO,Fair Isaac Corporation,Information Technology,21282095104.0,27.780941,18.552761,0.69,-5.1942186,0.0,0.1,19.0,1.318,0.8223278377432166,0.47003193077997596,0.3274680554069605,0.03138043737110573,0.07619920371847022,0.1306838755794808,0.1306838755794808,0.024387904537970934,0.20399435115812747,0.20399435115812747,7.00181822263126,0.7538919876132177,0.8382071552876921,-1.7613164056950916,-0.3734402423209286,0.6361105233468709,9.572300177446373,,739400000.0,0.034742820027198765,0.11439928995830465,-0.4543284591417,-0.2025414581005878,985.3900146484375,-0.33217665305145705,20.68072638730273,12.890420841683367,13.660862166170752,17.669567216924044,64.9015766120809,True,14.910435777857495,12.56239452846109,16.427813518024983,11.82398382155456,12.81951924814748,68.54414689404561,False,66.72286175306326
FAST,Fastenal Company,Industrials,56594579456.0,41.79661,35.20669,3.24,13.908629,1.95,0.0345,13.0,0.713,0.45011889518931775,0.2019023230290836,0.15345405767940978,0.0041947882666713825,-0.006331926175855818,0.05515402516123835,0.05515402516123835,0.059606867778758364,0.05004934159261443,0.05004934159261443,267.0483870967742,0.9389631495820168,0.9319745054691352,0.11205497514960949,0.3190993001318592,0.30640646768477503,35.04506405738214,0.07627206622304539,1050600000.0,0.018563615280802626,0.029912810194500334,0.0,0.08021574032870679,49.31999969482422,-0.15766637533522454,15.833494757477748,15.071563126252501,15.147373618416212,16.754338722951054,62.806770225097516,False,3.8672765165103606,8.315916304277277,3.2572340819766463,17.149855357822304,10.422621975655943,43.012904236242534,False,52.90983723067002
FRT,Federal Realty Investment Trust,Real Estate,9939988480.0,23.196756,35.84616,3.59,3.1004474,4.06,0.00029999999,19.0,0.919,0.6724853886901621,0.3592822377294318,0.3214112863816728,0.008976043122180269,0.021830242249256282,0.05982700870532742,,0.0015468711759864043,0.021651973943254132,,2.5026032873310315,0.7573260290390577,0.9245002774227831,1.5477757315087028,0.1265346376785274,0.044434764003185946,1.2331837712574762,0.032207869511237996,331040000.0,0.03330386153526005,0.22779022263922283,-0.07841079873227483,0.027650426167201356,114.36000061035156,0.5453091803009006,21.480516465024778,10.902004008016032,9.645122893348592,18.50950041148279,60.537143777872195,False,12.154845487623634,9.391348250795094,8.783426106333744,7.3892987352361175,10.299615351370042,48.01853393135863,False,54.27783885461541
FDX,FedEx Corporation,Industrials,73838804992.0,16.809807,14.956726,1.31,2.3660161,1.56,0.0199,26.0,1.364,0.21771537162162163,0.069921875,0.04680109797297297,0.005610176157670919,0.010712735185236529,0.016601213758559163,,0.07461252553055701,0.037280381112766214,,6.8278350515463915,0.949594717303114,0.96383743348745,1.3569374664265175,0.14007646854362182,0.08270605165682667,2.5795400582551418,0.06650751604053085,5116000000.0,0.0692860617199085,0.04021326013513513,-0.05614308626514994,0.04058653593666092,311.989990234375,-0.11023808899174152,7.669021274582101,13.597414829659318,12.544171300357931,13.415434235368156,47.226041639967505,False,10.932045303131247,10.620561270850912,10.332291615820687,13.259117231719273,10.07474716915896,55.21876259068108,False,51.22240211532429
FIS,"Fidelity National Information Services, Inc.",Financials,19713769472.0,5.858679,5.6914496,0.2,1.2271162,4.61,0.0382,23.0,0.801,0.36864287721270017,0.16474665168118385,0.035777840217289504,0.018201779890429266,0.033162289541266154,0.031797154725512033,,0.024201420316170376,,,4.498721227621483,0.0,0.9575625864526934,0.9591337506295416,0.027483991654075834,0.05116693705381969,0.015324163491429899,-0.20070128447007507,1827000000.0,0.09267633988491839,0.09262901564109768,-0.4078131076578197,-0.1741360445302678,38.13999938964844,-0.02854387482229357,9.42025783707542,9.055891783567134,9.953090404639273,11.371096964709299,39.80033698999112,False,12.120133586156236,8.262445154799767,18.52529616645104,6.78030438629043,8.98411703690898,54.67229633060646,False,47.23631666029879
FITB,Fifth Third Bancorp,Financials,49607675904.0,18.301004,11.080535,1.72,1.5358275,2.92,0.0,20.0,0.913,,,0.28590862713978005,,,0.02874687207964821,,0.0844996037225788,0.010251591262329995,,,0.9607766519630124,0.9634905865894831,0.6425612226109372,0.1160928005892101,,,0.07829801626273913,3805000000.0,0.07670183959763358,0.0803763745607074,-0.03150440317339602,0.06950409197234758,54.720001220703125,-0.39453950176722546,14.476861167002014,13.273897795591182,14.153752331021394,12.5,54.40451129361459,False,10.503621517279079,6.231551567469332,10.236339807608328,14.34971887550201,11.116734376350593,52.43796614420934,False,53.421238718911965
FSLR,"First Solar, Inc.",Information Technology,22464409600.0,12.769089,9.021346,0.38,2.176693,0.0,0.114700004,31.0,1.733,0.4062437732020073,0.30594921691788446,0.2927991775262024,0.20601091438073016,0.4131324198801811,0.258374947984624,,-0.026637692059829576,,,36.18463211801228,0.23044275407131865,0.7070269128023435,0.06870785080257451,0.1602254268796381,0.20888867191726132,5.410787466663046,0.17791117249029997,1187230000.0,0.05284937468376645,0.21138465594354575,-0.3186544771431513,-0.07007265922220555,209.02999877929688,-0.29350120435373267,14.007843582524302,11.647905811623247,17.358563392973338,14.366473834535507,57.38078662165639,False,16.641879772459383,9.908652722788343,15.62020923920807,9.509468093512979,10.379203042613883,62.059412870582655,False,59.72009974611952
FE,FirstEnergy Corp.,Utilities,26683029504.0,24.801075,15.64047,1.54,2.0636127,4.03,0.067,12.0,0.441,0.6530815109343936,0.187740225314778,0.06759443339960239,0.015623126393757637,0.03443739202157628,0.06594636102267804,,0.07332550334331807,0.3594337447530833,,2.74515503875969,0.6373470901946574,0.914224074923299,2.1227817745803357,0.0815347721822542,0.05920810925838384,0.7559369253704649,0.07160747600388562,-1005000000.0,-0.03766438888992505,0.3117958913187541,-0.07998800371665674,-0.015616116120198555,46.130001068115234,-0.36936322316673775,14.02744894494154,15.243557114228459,7.194887382387108,13.732094447402815,50.19798788895992,False,10.400391192196656,11.97708720062309,8.916683908726192,6.851607643698172,11.319236753392687,49.4650066986368,False,49.831497293798364
FISV,"Fiserv, Inc.",Financials,27428528128.0,9.881227,6.382463,,1.0180197,0.0,,27.0,,0.5936394092388997,0.268862360213278,0.16420516208181946,0.03400237228702538,0.06104818645221352,0.06113528837230442,0.06113528837230442,-0.03535887039215108,0.11212321774644418,0.11212321774644418,3.721750489875898,0.8714068960660089,0.9221621640584274,1.1291485732009925,0.1349255583126551,0.08526447335754812,1.2901812287879086,-0.05772018079786423,4299000000.0,0.15673462243172395,0.08318784504317463,-0.23209761445398316,-0.10463821574939158,51.58000183105469,-0.3540819373950219,15.786155034455321,8.95436873747495,14.451988007068561,13.036749043907633,52.22926082290647,False,13.11603375527426,11.087499999999999,17.757651140106358,10.269356222288529,7.848373003088191,60.07891412075733,False,56.1540874718319
F,Ford Motor Company,Consumer Discretionary,55706714112.0,,7.251869,8.48,1.5594999,4.29,0.0,19.0,1.835,0.008971148146763712,-0.04896217699861695,-0.043691627462393266,0.04125580587878726,-0.08866937123866958,0.05815471849810683,,-0.03765364402192986,,,-6.878469617404351,0.0,0.9248741464393839,4.6099799732977305,-0.2275812194036493,-0.04061766124238788,0.8044974929762907,-0.0596870277292032,12467000000.0,0.22379708081389843,0.047071827924834594,-0.19029245769442346,0.02438814086291754,13.970000267028809,,1.5451290740995887,11.643867735470941,8.319551718298364,3.1873214890836032,24.695870016952497,False,7.25506072874494,7.720503180372558,14.985992547577556,3.4667055502360338,9.310873887112109,42.739135894043194,False,33.71750295549785
FTNT,"Fortinet, Inc.",Information Technology,114510700544.0,56.14029,41.312733,1.72,73.826866,0.0,0.0223,36.0,1.059,0.8045620330607682,0.3065915642096594,0.27257485734454967,0.04542660861549111,0.08709593329554702,0.15461947760091377,,0.01895797381837891,0.29304045174930526,,103.71641791044776,0.6594427707481426,0.820573694947641,0.8050909090909091,1.4976969696969697,,8.924895659088877,,2225800000.0,0.019437484788984858,0.17358374022001294,-0.08693609072896183,0.31563647201622885,156.07000732421875,-0.2641161454634452,18.798452442335904,18.00065130260521,14.862582199175556,15.410472237014087,67.07215818113076,True,6.82640632740566,1.7305687349905887,4.061314515898637,10.113878176142828,8.792246520874752,31.524414275312466,False,49.29828622822161
FTV,Fortive Corporation,Industrials,16672848896.0,28.936508,16.833235,0.98,2.730677,0.51,0.0657,13.0,0.973,0.6350171912192542,0.1731624630328677,0.13926089779038733,0.013606889114994192,0.00059950922474164,-0.10624788606146962,,-0.02350599847284611,-0.0846464771785671,,5.9767634854771785,0.8310999684443605,0.8013137769793447,0.5123810704434871,0.08975113893451514,0.06788657901828306,3.035338958361874,-0.12651878219051382,,,,-0.1036736385742835,-0.046034535897941535,54.689998626708984,-0.41826999304822826,15.343075371759598,3.3948096192384773,9.23668170195265,13.480790410030497,41.455357102981225,False,12.971548881941954,13.444970630233012,11.564949698189135,7.682481483678335,7.1165398910882525,52.780490585130686,False,47.11792384405595
FOXA,Fox Corporation,Communication Services,27723646976.0,17.171877,11.334961,1.14,2.3793888,0.88,0.2685,17.0,0.559,,0.204134065164078,0.09838841527502043,0.012161516514393147,0.018792416937698342,0.047201624551486354,,-0.11527651245863943,0.10792288447360199,,8.718204488778055,0.740175343633066,0.9098848746692282,0.6508427932576539,0.14490884072927415,0.17679885074738141,3.300640005353694,0.03863699021311495,1468000000.0,0.05295118644638739,0.029312156954338434,-0.08914443808135901,0.04965085965460895,65.94000244140625,-0.3399113562250649,13.61488645529565,7.222715430861724,14.576766027538024,15.93178765067532,51.34615556437072,False,12.861681955619328,11.228931816706691,10.529024401990036,11.811867063234224,8.872666176851933,55.304171414402205,False,53.32516348938646
FOX,Fox Corporation,Communication Services,24574570496.0,15.2213545,10.174065,,2.1091185,0.99,0.0771,,0.559,,0.204134065164078,0.09838841527502043,0.012161516514393147,0.018792416937698342,0.047201624551486354,,-0.11527651245863943,0.10792288447360199,,8.718204488778055,0.740175343633066,0.9098848746692282,0.6508427932576539,0.14490884072927415,0.17679885074738141,3.123526592530297,0.03863699021311495,1468000000.0,0.0597365475925183,0.029312156954338434,-0.09937097166116124,0.03685977847051156,58.45000076293945,-0.33159266476580646,13.61488645529565,6.862715430861724,14.931735601574534,15.93178765067532,51.34112513840722,False,12.289029535864977,10.025714285714287,11.579969880132722,11.811867063234224,8.938272538680959,54.64485330362717,False,52.9929892210172
BEN,Franklin Templeton Inc.,Financials,17096787968.0,22.891157,10.590087,0.43,1.4548836,3.92,0.0421,12.0,1.57,0.8034364417891389,0.1253947803482048,0.05984699054807484,0.05003913956738247,-0.10967826836302016,0.019569502798386873,,-0.045557902039991056,-0.25934511511218195,,11.58904109589041,0.5178059681725578,0.953612189809488,1.101185646392555,0.04345990163771548,0.03518928196417565,1.5429503386800305,0.017224377851871253,911600000.0,0.05331995704141846,0.017615469688850378,-0.014641287779185002,0.14500646393542768,33.650001525878906,-0.5373721389443094,11.325298137120077,5.218607214428858,6.818696282773942,3.2049063271530223,26.5675079614759,False,13.604930046635575,15.69565862919452,8.248415017488298,9.112992777820073,9.956500129656842,56.61849660079531,False,41.593002281135604
FCX,Freeport-McMoRan Inc.,Materials,102057762816.0,35.009853,17.185846,4.45,5.0753407,0.84,0.0215,22.0,1.401,0.28157437777349026,0.2508971638047463,0.08504726992089523,0.02419922393155036,-0.05788246745074099,0.04391666611007472,,-0.09568955918924019,-0.14023947619963217,,17.62059620596206,0.6766306708981242,0.931283946424401,0.5551616487644849,0.11661992698026351,0.16567010975752916,3.2563787482206186,0.06706187474258818,1116000000.0,0.010934983966011846,0.17341308122708857,-0.06165828229022463,0.1244796197818782,71.06999969482422,-0.5091140199874589,10.612221390769136,11.265320641282564,12.257325536464077,12.23063610398412,46.36550367249989,False,8.536975349766822,4.895025475433244,4.981173368813286,12.757178262450381,9.552683896620279,40.72303635308401,False,43.544270012791955
GRMN,Garmin Ltd.,Consumer Discretionary,54514667520.0,28.09841,25.685505,2.89,6.039441,1.49,0.019199999,7.0,0.866,0.5874393538958355,0.25892913951367735,0.2296435907489857,0.02659611684200828,0.04745084379198525,0.14235886942453901,,-0.053751265713305546,0.1955928747719815,,,0.785142795615898,0.8171690115310497,0.018371002981979287,0.18544164187627973,0.2259197901841425,18.787721228606262,0.13085518033164645,1362913000.0,0.025000849532834133,0.19276424504580003,-0.03409142694225706,0.1511631770548227,282.6700134277344,-0.08587336436474527,16.775066745518245,14.364519038076153,15.467827377705298,16.27129423439996,62.87870739569966,False,3.439698320777601,8.623032550139547,4.664035784687844,10.71228203278747,11.206910709655114,38.64595939804757,False,50.762333396873615
IT,"Gartner, Inc.",Information Technology,11340923904.0,16.150179,10.978263,0.68,-69.12625,0.0,0.17860001,13.0,0.953,0.6839304958762401,0.18095584177001078,0.11223728403475576,0.00945725158524294,-0.02160372619446449,0.05866587905959064,,-0.024353872694039012,-0.03353246417492051,,9.384891081363698,0.7471466418304211,0.9261233541227499,10.465352538854921,2.279502231891669,0.45524225083534225,3.2892042640692174,0.11984624470705918,1175223000.0,0.1036267424019566,0.017721716929655826,-0.28813224509723395,0.028308677075755344,179.58999633789062,-0.3202389273827863,15.819039030921477,7.489919839679359,20.860081925513803,11.943294040761,56.11233483687565,False,16.320290746340042,14.909859966249106,16.159954289632317,14.025135677977635,9.705289999135621,71.12053067933472,False,63.616432758105184
GE,GE Aerospace,Industrials,335817474048.0,38.167454,35.598602,4.16,19.037704,0.58,0.0154,21.0,1.35,0.3148620652055392,0.18929233453276634,0.1898157234761749,0.031761049813216695,0.06588384419335867,0.1631543559703441,,0.08993734777728767,1.9588744314613624,,10.29655990510083,0.3389116461309605,0.8130585758918518,1.09733897306848,0.4660277346468919,0.27858327109783415,3.395685958025187,-0.17855922557941106,7264000000.0,0.021630798160794103,0.062217860647693815,-0.13289424639847525,-0.0021413188389776735,323.6600036621094,-0.06730477752065935,11.06576839791029,22.100190380761525,16.343468635280594,14.313549886237109,63.82297730018952,False,2.6288371854660997,3.654305997273966,8.048561355965408,9.689955457894566,7.059404442907771,31.08106443950781,False,47.45202086984867
GEHC,GE HealthCare Technologies Inc.,Health Care,29081231360.0,14.798611,11.8165245,1.63,2.6310806,0.22,0.0476,18.0,0.821,0.39985454545454546,0.13391515151515151,0.10104242424242424,0.005514253173703382,-0.0035909822834417904,0.039896976391051275,,0.042307010088196005,0.02841263401056704,,6.277272727272727,0.8806824982003056,0.9520812990749774,1.0080932652471337,0.2007900568455535,0.13145754892082515,1.8197251338904121,0.03515716893255649,1505000000.0,0.051751591305382746,0.08446060606060606,-0.2405690969374919,-0.09491091976050839,63.93000030517578,-0.2015112431835663,11.939126054922436,11.493577154308618,15.173432985895955,13.750859272885704,52.35699546801271,False,11.60045439792275,14.099494061141037,14.832733618751046,13.292583235127202,8.36470308583283,62.189968398774866,False,57.27348193339379
GEV,GE Vernova Inc.,Industrials,254953160704.0,27.413233,37.967712,1.85,21.32242,0.21,0.032899998,33.0,0.967,0.19793527372071032,0.0364873384469896,0.1282967321634969,0.05864745991679967,0.1336411794127952,0.08682326316822997,,0.03865643678867529,,,,0.0,0.8967882237809036,0.10484881016281983,0.4369296833064949,0.6842857829472268,3.8151711260332983,0.016260000983217893,3710000000.0,0.014551692513854735,0.0649889671114847,-0.18520501892419236,0.04111247727465871,957.27001953125,0.3850140185945961,4.859584762217273,18.69367735470942,17.013356586209508,9.238127511255263,49.804746214391464,False,11.073907992961956,3.1839224054001427,7.43208218071104,10.418496780915236,7.910104589852192,40.01851394984056,False,44.91163008211601
GEN,Gen Digital Inc.,Information Technology,18113243136.0,17.49133,9.149762,1.5,6.8245378,1.65,0.0645,9.0,1.215,0.7846,0.431,0.1946,0.05442993146986131,0.04661652095266805,0.1465900735417971,,0.23512171470607907,-0.09984146523353599,,3.787346221441125,0.6185821317382031,0.8232073721947857,3.163538873994638,0.3726541554959786,0.1325532714245879,1.497224402981689,0.05875318627774795,1523000000.0,0.0840821264621046,0.0862,-0.023870960358650453,0.2125177709065101,30.260000228881836,-0.4768972971180579,18.57029463653165,15.806312625250502,17.764767129810917,15.507013361088251,67.64838775268133,True,15.469106066041443,17.69436603491919,6.768124691352986,7.624172441364001,9.96922810960325,57.52499734328087,False,62.5866925479811
GNRC,Generac Holdings Inc.,Industrials,11033464832.0,41.83222,15.81949,0.57,3.834198,0.0,0.045700002,16.0,1.913,0.3829129750041992,0.06870536952023772,0.03790649269317513,0.02676852673927144,-0.055360923893818775,-0.026671490695003963,,-0.08808625627298085,-0.23056933415327585,,4.09056961398645,0.6431502970071633,0.9472582567326518,0.569157604669768,0.060611102627162364,0.061862109969273035,4.193682928135848,0.05256812824695811,268128000.0,0.024301341789059502,0.09819566767328392,-0.3613947370231244,-0.1198565113338025,186.99000549316406,-0.6218347962407923,6.673866606103316,2.6292084168336673,7.4383037159021805,5.89332913782253,22.634707876661693,False,12.919805599685679,11.589778022976569,13.4251913101326,8.663186708382524,8.44442043391823,55.04238207509561,False,38.83854497587865
GD,General Dynamics Corporation,Industrials,96291299328.0,21.595875,19.14746,2.18,3.5840886,1.79,0.0114,21.0,0.321,0.1513035204567079,0.10192197906755471,0.08011417697431018,0.003032749566390668,-0.004937208386450925,0.10069361914442676,0.10069361914442676,-0.02747727390847525,0.07488202220107665,0.07488202220107665,13.323383084577115,0.8879492518658759,0.8717098320693488,0.38205448442744516,0.16431191944422763,0.13358504865671988,4.296158807459608,0.11330963201806865,3959000000.0,0.041114825821534896,0.022093244529019982,-0.07177512536506359,0.009461898106015543,355.8999938964844,-0.11337419761875825,8.504120553651292,14.92371743486974,12.54896022227645,13.507745558406349,49.48454376920383,False,8.138531577239105,7.072857305121048,9.336406463119486,12.187757821469651,12.890435646987637,49.62598881393693,False,49.555266291570376
GIS,"General Mills, Inc.",Consumer Staples,19166466048.0,,11.171217,11.74,3.4624298,6.81,0.111999996,18.0,-0.025,0.33627324338113174,0.1523615166679331,-0.004754512988070297,0.015828834438289505,0.0008053462306925052,-0.028500795823470426,-0.028500795823470426,-0.035835733403577374,,,4.928370786516854,0.29800666395169295,0.9621023957506364,1.8919168340480972,-0.011888605396015417,-0.0029211575079057207,2.099691037965191,-0.10992929117170813,1626300000.0,0.08485132292657063,0.029303214181040566,-0.20573438110096737,-0.06567013690768109,35.849998474121094,,8.433868615983837,5.28562124248497,7.34496840911521,13.444613206177081,34.5090714737611,False,7.157894736842105,14.556616797559549,14.783404916313295,7.0906349595889235,7.177794890734645,50.766346301038524,False,42.63770888739981
GM,General Motors Company,Consumer Discretionary,77439139840.0,38.39462,5.769989,0.29,1.211101,0.84,0.0248,25.0,1.321,0.06267464422572817,0.015722709559558748,0.014576881293272583,0.02428484502741285,-0.05008263066438613,0.05685834354915076,0.05685834354915076,-0.10370773164350888,-0.3524813768340873,-0.3524813768340873,4.001375515818432,0.5068046977177687,0.9194085455138865,2.1484644709501137,0.04412703087419624,0.015124004413499554,1.2381345936525803,-0.03395075725155139,1771000000.0,0.022869572204173905,0.13564012344678114,-0.03446917974251273,0.052587125749738596,85.62000274658203,-0.8497188147714445,3.0894916221336945,11.261783567134268,5.787459415001495,5.809429007116231,25.948163611385688,False,13.464980611216452,11.35922551437658,8.164417580533915,5.944050622638408,5.201102868952294,44.13377719771765,False,35.04097040455167
GPC,Genuine Parts Company,Consumer Discretionary,18429091840.0,534.72,16.096735,1.32,4.071761,3.18,0.062,8.0,0.656,0.3679278239578939,0.04998374289268527,0.0027137702616622677,0.011786442788581177,-0.023070247533534025,0.03220324726356383,,0.017491830081787466,-0.6179657473735348,,7.428546964637383,0.3529546220177995,0.9606018083736665,1.4775587379671358,0.014909593982895285,0.14649096268195877,2.2312517535788574,0.05279807914266721,420924000.0,0.022840192216438595,0.01933478492984876,-0.011181479198624727,0.12761441854885366,133.67999267578125,-0.9698968899611012,7.5436887504847565,9.465120240480962,8.576930547622368,9.736354504526311,35.3220940431144,False,10.562018483404225,17.118560556889722,4.615989878418584,11.323287212728335,10.623282046849338,54.24313817829021,False,44.78261611070231
GILD,"Gilead Sciences, Inc.",Health Care,178206359552.0,,14.533159,2.15,15.077634,2.27,0.0186,27.0,0.35,0.7882616670063175,0.3974254466408532,0.2890428639358739,0.03505713955562579,-0.004832535104683955,0.025736179862614117,0.025736179862614117,-0.03648003390214388,0.2283135051833185,0.2283135051833185,11.4267578125,0.30845670319857577,0.9597106056174469,1.0984054268346402,0.37485684080697734,0.2536536225866997,4.499248255547651,0.022436948852709415,9456000000.0,0.053062079399252705,0.2160858637320834,-0.023255312328925373,0.05892407550330295,143.72000122070312,,19.825375281992226,11.284488977955911,19.784775190409817,13.65282954930532,64.54746899966328,False,8.621457489878544,2.338023138832998,6.740711661449426,13.013303022088195,10.359149844018889,41.07264515626805,False,52.810057077965666
GPN,Global Payments Inc.,Financials,23363158016.0,42.04286,5.52197,0.21,1.0154812,1.13,0.0731,29.0,0.785,0.7257442954586096,0.19100561934668575,0.181693377445114,0.014906446926510716,0.004685391482323664,-0.0495682906305519,-0.0495682906305519,-0.05215497892233034,1.3243661484112557,1.3243661484112557,2.2656535974373617,0.35929162144713367,0.9115762439502847,0.9552885046188814,0.061170049046329146,0.032347916357955864,1.0084440629062996,0.008671508366717706,2038823000.0,0.08726658436345526,0.08016854146925244,-0.027567614670179933,0.1436580606836893,88.29000091552734,-0.8686585546273492,17.115314267049605,3.5091082164328657,9.495448312803685,11.117169724548578,41.23704052083473,False,13.327653359298928,12.591037839942882,9.847925720652515,4.901956301284661,8.869209643325815,49.537782864504806,False,45.38741169266977
GL,Globe Life Inc.,Financials,13154320384.0,11.350796,10.362484,1.3,2.142571,0.77,0.0005,11.0,0.462,,,0.19372312246363974,,,0.046733910187802596,,-0.023250447961698978,0.09093468251362524,,,0.8863478062070571,0.9392008789728069,0.43943665319347186,0.19436315094335518,,,0.14793925588393964,1253907000.0,0.09532282652360856,0.023769843375009467,-0.06079562047217935,0.08796585187948766,171.1699981689453,-0.08706984074068466,13.672032193158953,7.293416833667335,14.928479560622915,12.5,48.3939285874492,False,9.506457233639114,8.433565749334718,10.397443321184717,12.656666666666666,10.862606966894283,51.8567399377195,False,50.12533426258435
GDDY,GoDaddy Inc.,Information Technology,12420340736.0,14.316789,8.893221,0.68,1850.3773,0.0,0.0643,15.0,0.94,0.6361414635131587,0.22992870271252852,0.17672840378905696,0.047900411991514284,0.10417405260131693,0.06564722266304868,,0.007623614116025898,0.3543769910997754,,7.539072847682119,0.5264558847855276,0.9150471470685708,17.95722919572292,4.0678754067875404,0.32587047098604527,1.3916679678381767,,1575500000.0,0.12684837183519923,0.17478944073034275,-0.26335164051747617,0.053813588891079414,98.06999969482422,-0.3788257269140447,15.215889635274227,9.323557114228457,22.78019927671327,13.120900300140386,60.44054632635633,True,17.04391943832317,12.583489323034984,11.629620187657386,11.844051986172248,8.792246520874752,61.893327456062536,False,61.16693689120943
GS,"The Goldman Sachs Group, Inc.",Financials,299667783680.0,15.748738,13.901744,1.27,2.842654,1.96,0.0241,20.0,1.283,,,0.2946999982842338,,,0.07158868405111818,0.07158868405111818,-0.06775858646914598,0.15110522256979597,0.15110522256979597,,0.7076784034852022,0.8906566881178359,3.089892135838428,0.13743878628812853,,,0.02166525471325742,-47218000000.0,-0.15756782200659147,0.035413413859959164,0.0,0.08622527850807442,1029.1800537109375,-0.11727885751861507,14.54728370221328,13.984168336673347,8.838819071844533,12.5,49.87027111073116,False,8.473876390098907,6.354851366262089,3.7939844503124225,9.600240963855422,11.43986869298046,39.6628218635093,False,44.76654648712023
HAL,Halliburton Company,Energy,29940656128.0,18.764399,12.348997,0.77,2.7149458,1.9,0.0557,25.0,0.769,0.1570501262170934,0.13933465560764516,0.05783447529751172,0.017687265895421047,-0.012067029370430415,0.030076157483628574,,-0.029909252997441942,-0.06547403677283581,,8.78125,0.6636786936978807,0.942717813233475,0.7774591339260108,0.12264601854507218,0.1375995464034432,3.5260736032557483,0.0959021557142885,1672000000.0,0.05584379957646866,0.05652722683014785,-0.14516515722507073,0.012597805466381196,35.84000015258789,-0.3418922183438969,6.962110337342856,6.145521042084169,13.965720288785144,10.179261267366993,37.252612935579165,False,12.92476810331574,7.558018270915818,12.18183832406202,11.728964966775075,10.859581640591236,55.25317130565989,False,46.25289212061953
HIG,"The Hartford Insurance Group, Inc.",Financials,36936105984.0,9.423635,9.961355,0.12,1.9191848,1.76,0.0002,20.0,0.45,,,0.1366534858038545,,,0.08703196529784973,0.08703196529784973,-0.020482256804993604,0.2823757588276721,0.2823757588276721,,0.6947669947729982,0.8933733569724468,0.2303071816217925,0.2021181305653617,,,0.11541910252545695,5753000000.0,0.1557554551768962,0.006020448149335614,-0.03489428696457167,0.009987912905469902,136.36000061035156,0.057060783869493925,12.726358148893361,11.492855711422846,14.887451539292023,12.5,51.60666539960823,False,11.8325048258426,5.962275913545792,11.930639936984996,9.61987951807229,14.538247196661928,53.883547391107605,False,52.74510639535792
HAS,"Hasbro, Inc.",Consumer Discretionary,12911210496.0,16.288258,14.027593,1.62,18.33734,3.06,0.058000002,14.0,0.466,0.645821368557633,0.22504413672813903,-0.06857677663624955,0.08707848558473837,0.15165810022293985,-0.07063068574893083,,0.31026090498805425,,,6.4749082007343945,0.0,0.8541436455702278,6.119777158774373,-0.5987000928505106,0.2733403100268167,2.9827148890720796,-0.4250148903228492,694900000.0,0.053821444566741886,0.1241996894475996,-0.06634996483540495,0.01967871233377775,91.54000091552734,-0.1387910849643958,11.294311835410836,9.275611222444889,14.372550838427781,14.407301399041486,49.34977529532499,False,9.099429440202258,13.131827902901279,8.377755604621646,8.455745402487958,8.44215143919094,47.50690978940408,False,48.42834254236453
HCA,"HCA Healthcare, Inc.",Health Care,94712291328.0,14.123056,13.314754,1.29,-14.010436,0.73,0.0436,21.0,1.109,0.415,0.15826719576719578,0.08973544973544974,0.004572543915616345,0.007967526150872511,0.07868780037013456,,-0.01595897865674553,0.06330681239986924,,5.322508896797153,0.8879261336512746,0.9015126150208502,-8.079807532769205,-1.1256014600962336,0.22748651034228265,2.653445354558696,,7692000000.0,0.08121437980379635,0.0653968253968254,-0.19118001596367784,-0.029060995449055414,426.94000244140625,-0.05723279720762981,12.567911511607841,14.207194388777555,13.991086139542027,15.491564602798084,56.25775664272551,False,10.51757802490647,14.469155091841372,15.805185971814659,12.739714082865987,9.472166998011929,63.00380016944042,False,59.63077840608297
DOC,"Healthpeak Properties, Inc.",Real Estate,14391628800.0,58.0,145.0,4.32,1.7841448,6.01,0.0456,19.0,0.989,0.5999666254740458,0.19278288276542313,0.02527783761415363,0.013029631111098975,0.019782297663117565,0.1104698360850378,,-0.1929674005766524,-0.4775974394699176,,1.7829987744857099,0.36778132018544785,0.8458738693237582,1.352536914870667,0.009512814106063205,0.030643940261968608,,0.04066924450838294,1251959000.0,0.08699216866960882,0.0,-0.0655022738936637,0.10379362834226119,20.299999237060547,1.5,13.459216410496436,10.811072144288579,6.841769547646015,12.286948734085296,43.39900683651632,False,8.142520371034696,9.640000162263906,10.533476755053648,3.2379200263685544,10.772409024116172,42.32632633883698,False,42.86266658767665
HSIC,"Henry Schein, Inc.",Health Care,10065684480.0,25.463978,14.730718,1.75,3.1323338,0.0,0.0885,16.0,0.812,0.3113622572815534,0.057493932038834954,0.030188106796116505,0.0061575752051017925,-0.01192964667548465,0.013957826846691779,,0.013253300154534551,-0.09558671702257981,,5.053333333333334,0.8411183309132086,0.9724585307288335,1.058859784283513,0.1226502311248074,0.0887065910446903,2.860437919767693,-0.019833603434222802,521000000.0,0.05176001701972681,0.014487257281553399,-0.01603566138607233,0.09661806528515743,88.36000061035156,-0.4215075900552538,8.02319009359993,6.992785571142283,10.86203792014242,11.191763082732246,37.06977666761688,False,11.50190471309725,15.116417862010776,7.417958101550479,12.177767954828823,7.096594346961709,53.31064297844904,False,45.19020982303296
HSY,The Hershey Company,Consumer Staples,34824437760.0,23.807693,17.563452,0.86,7.632217,3.35,0.0733,21.0,0.097,0.33548561069861765,0.12504703839427686,0.07554015471013402,0.05849579042674923,-0.09212468168579765,0.03917965670073964,,0.04043090060183964,-0.18718789691390514,,6.503927831107711,0.6579044812074816,0.9527654778382686,1.2376287270178465,0.19049096888984743,0.11255669346741558,4.101739407944587,0.12009085687544996,1749148000.0,0.05022760200910133,0.04517558833913075,-0.25501210907844746,-0.07737780777292885,173.32000732421875,-0.2622782896268025,6.556100706499864,13.073346693386773,13.672116936299961,6.027617756692647,39.32918209287925,False,11.815652812654811,7.805372395664309,13.256625611682264,11.09396589681986,11.925901115048838,55.897517831870076,False,47.61334996237466
HPE,Hewlett Packard Enterprise Company,Information Technology,82422292480.0,28.481651,13.505724,0.47,3.1100981,0.92,0.047399998,20.0,1.442,0.3025717284814556,0.04793561931420574,0.001662001399580126,0.01700340771013575,-0.030215700169230537,0.06370170685761956,,0.1043324589823907,-0.5965543441598473,,,0.17872590922368625,0.9144830164480645,0.975251134154245,0.002308813998703824,0.03020934127279494,1.4437904738514267,0.07515992268654803,627000000.0,0.007607165259958564,0.14024959178912993,0.0,0.6823479835853116,62.09000015258789,-0.5258096519755824,5.742798519206501,16.179318637274548,4.821937796213,7.187490923173743,33.93154587586779,False,16.609858385008284,14.951953981956255,3.0208377241134436,6.092968503726658,9.844627884864725,50.52024647966937,False,42.225896177768576
HLT,Hilton Worldwide Holdings Inc.,Consumer Discretionary,68912627712.0,45.02794,29.286354,1.27,-10.963942,0.2,0.026199998,26.0,1.056,0.2820001661267547,0.22368967522219455,0.12102334080903729,0.011202247761558322,-0.01499720497842097,0.11125593900582187,,-0.014332166697605384,0.05100619354193814,,4.343548387096774,0.8655856267881823,0.8675526065963124,-2.430029695619896,-0.2704157386785449,0.279781483792829,2.882533833858557,,1944000000.0,0.028209633916796418,0.015366724811030817,-0.07302118475532829,-0.02008080389512162,306.19000244140625,-0.3495959619738323,12.385893529423456,15.220390781563125,10.382452256906031,15.354976521276079,53.343713089168695,False,9.234424913305658,11.569092457973646,11.060251847800801,11.830141280777857,9.16202783300199,52.85593833285995,False,53.09982571101432
HD,"The Home Depot, Inc.",Consumer Discretionary,308026671104.0,21.620447,19.266388,1.73,18.542942,3.02,0.0099,32.0,0.955,0.33315521334928316,0.12684976591390731,0.08595908503002739,0.01097989093224835,-0.02587286326088606,0.015185146415588768,,-0.012430880068735217,-0.06112921523210868,,8.660862354892206,0.9170351503275476,0.9685848267667001,5.100288769218762,1.1048154218371966,0.20706427949959214,5.511379154676556,1.0167710513531505,12646000000.0,0.04105488643134507,0.022339889363200815,-0.17145691041010408,-0.07848331904833182,308.739990234375,-0.10888114385424129,9.778396402353223,12.020180360721444,16.57816025503244,11.960963595875487,50.33770061398259,False,6.441611575189189,1.237838482507951,11.02380974691965,15.833417841814422,13.343266488028352,47.87994413445956,False,49.10882237422108
HON,Honeywell International Inc.,Industrials,64135979008.0,7.7770944,20.335276,3.35,3.4599142,1.38,0.020299999,22.0,0.901,0.3693445862934672,0.17539127183376957,0.12630201378131511,0.0069980494180666266,-0.005824540493529817,0.0182371617394117,,0.02674834126371338,-0.016168176690860236,,4.886160714285714,0.9066369874774188,0.947749624730712,2.5577531645569622,0.3401179516685846,0.14489381068320745,2.551650237553024,-0.059193222618740715,5422000000.0,0.08453913207317981,0.07472891405373644,-0.20114617595588152,-0.11195526292830227,202.36000061035156,1.6147652264578403,12.972458599959658,12.014699398797596,17.718063313486297,14.845161446483033,57.550382758726585,False,14.595833546866189,11.4644822158759,15.213858501924324,13.280413349548262,8.057329933442821,62.6119175476575,False,60.08115015319204
HRL,Hormel Foods Corporation,Consumer Staples,11320715264.0,33.72131,13.240813,1.48,1.4433062,5.69,0.071100004,8.0,0.315,0.1562688746885883,0.07394516510602867,0.03950030397747924,0.012031201521695444,-0.02922852585601056,-0.009525432287289193,,0.031174059851642108,-0.2180046612556802,,11.471231963915017,0.7193329665655188,0.9815081318860988,0.3616456345521442,0.06052229473327435,0.06390304051189116,3.293865439493352,0.01593037479595827,534349000.0,0.04720099282942269,0.025681306045847733,-0.17752900813372458,-0.10530784720701862,20.56999969482422,-0.6073458296845526,6.2094042184601665,8.112745490981965,8.070376904134458,10.549250859272886,32.94177747284947,False,10.951775739250756,14.054616894917892,14.902184841299317,11.64315868996136,10.1517849425188,61.70352110794813,False,47.3226492903988
HST,"Host Hotels & Resorts, Inc.",Real Estate,15450716160.0,14.826667,21.068785,3.34,2.3847308,3.6,0.0804,20.0,1.101,0.5260058881256133,0.13591756624141316,0.12512266928361138,0.008899917185661304,-0.01855563530739468,0.0760599281050931,,0.00541935523194792,0.06517077373075808,,3.5361702127659576,0.9184714500556012,0.9062858041523647,0.8600182982616651,0.11665141811527904,0.06897047404526757,2.102443646738327,-0.007608663967362261,866000000.0,0.05604918186523724,0.10533202486097482,-0.1150019692066029,0.07354080409627904,22.239999771118164,0.42100615060687596,13.496793642942215,12.454148296593186,11.777067336785521,10.020925110132158,47.74893438645307,False,12.702916004714806,13.557205491010578,10.888609221250425,9.641199160525428,9.510264499956783,56.30019437745802,False,52.02456438195554
HWM,Howmet Aerospace Inc.,Industrials,91568791552.0,49.061966,35.627396,0.8,16.02303,0.25,0.0215,20.0,1.186,0.34173533688802715,0.2581192438196801,0.1827435773145904,0.03893276429482491,0.08594901602522487,0.13371585224230054,,-0.008343332954969265,0.47596536438707937,,14.105960264900663,0.5346510588493738,0.8419194311878275,0.6002241733607323,0.28171118998692324,0.22311783142171246,11.484398405902933,0.14127781182661314,1431000000.0,0.015627595119974528,0.05937954435288415,-0.1861369312142069,-0.05563594185960822,229.61000061035156,-0.2738286109447795,12.586779141435986,16.42189378757515,14.30139140496092,15.820236481580094,59.130300815552154,False,9.478732127299747,4.628493217368728,9.539949930822257,10.440703231366058,10.524958942000174,44.612837448856965,False,51.871569132204556
HPQ,HP Inc.,Information Technology,31995543552.0,12.492958,11.306673,3.32,-347.84314,3.38,0.1,17.0,1.205,0.20602224432588842,0.06553937969074962,0.04573650420472014,0.007089582636605831,-0.015799040274279794,-0.04209584055759441,,0.03537275482418046,-0.06880130505286541,,6.52972972972973,0.8855055949689818,0.9214212395657169,-31.45086705202312,-7.309248554913295,0.501781098933443,1.7708517938160244,,2800000000.0,0.08751218729725177,0.045193959670856314,0.0,0.49034256513488417,35.47999954223633,-0.09495629457811351,7.219673813533397,6.126623246492986,15.284721813674107,10.198945877910635,38.82996475161113,False,8.53573685918789,17.431426786525606,8.664844368441887,14.547844514968437,11.010934393638172,60.190786922762,False,49.510375837186565
HUBB,Hubbell Incorporated,Industrials,24328353792.0,27.291048,20.093248,1.91,6.2180085,1.23,0.066300005,11.0,0.889,0.35316360401053964,0.20682339253327858,0.15178113130068782,0.027884176378776115,0.0635100676883949,0.05708836650420146,,-0.00917818642372148,0.1756728659660607,,18.858034321372855,0.8075862243328134,0.9292637021455451,0.6464045323423165,0.23054133423425766,0.16460592214040104,5.389645522401382,0.17683450889207486,874700000.0,0.035953932908014165,0.02653731649727954,-0.11730378387638685,-0.041524166453006904,460.3999938964844,-0.26374216189865635,11.791913908198852,9.460741482965933,13.800003319667534,15.383798470252213,50.436457181084535,False,9.428731273168315,11.666865548127474,10.367512205076302,13.692892456098102,11.46574898435474,56.621750466824935,False,53.529103823954735
HUM,Humana Inc.,Health Care,49208905728.0,38.73346,24.734383,1.34,2.5612338,0.86,0.0294,23.0,0.745,,,0.009162142152023692,,,0.11767273447695548,0.11767273447695548,-0.005969228414591743,-0.2491101083252254,-0.2491101083252254,,0.5593563920068569,0.8591281186017865,0.7005153763379962,0.06728209775159993,,,0.048667447257291885,375000000.0,0.007620571814232073,0.004210883514313919,0.0,0.4107683843239009,409.79998779296875,-0.36142077160160746,10.372233400402415,14.786503006012024,6.889154820715829,12.5,44.54789122713027,False,9.701199200532978,7.06252563769715,3.4314626093273635,8.15714859437751,8.727906474198289,37.080242516133296,False,40.81406687163178
HBAN,Huntington Bancshares Incorporated,Financials,34064195584.0,12.969232,8.979501,1.67,1.1453027,3.68,0.0256,19.0,0.941,,,0.2719222727831755,,,0.038776548989612136,,0.09989978767732849,-0.004037729034223725,,,0.9225324390314668,0.9463494769619469,0.7583600361515077,0.0908306630515159,,,0.11141010926126782,2215000000.0,0.06502428611701573,0.032837289386299345,-0.04906931496598508,0.00773338678880944,16.860000610351562,-0.307630474957962,14.376257545271631,12.66073146292585,12.332028438461036,12.5,51.86901744665852,False,11.214967799244949,8.414768773933925,11.805756502503868,13.358353413654617,11.871077880542828,56.66492436988019,False,54.26697090826936
HII,"Huntington Ingalls Industries, Inc.",Industrials,11021072384.0,16.778044,13.4242,0.86,2.0747285,1.97,0.033099998,12.0,0.225,0.1269625120153797,0.04894264658763217,0.04846203140019224,0.009732922287437882,0.0005162696674373413,0.05353361774943943,,0.0751995827489298,0.014749712571168416,,5.819047619047619,0.9069375642603787,0.9358165550589472,0.57618766016164,0.1192588212103292,0.06587461378378022,2.709740414856533,0.1328905764591708,794000000.0,0.07204380593241551,0.03220121755847485,-0.3651399650611209,-0.17996413180459023,279.69000244140625,-0.1998948149140627,6.080834282129613,11.557094188376754,11.194361372406595,11.08200004840974,39.9142898913227,False,13.735484036283502,16.18203689881223,17.27872905587684,10.936566694237044,11.51897311781485,69.65178980302447,False,54.78303984717358
IBM,International Business Machines Corporation,Information Technology,229211865088.0,20.794018,18.483696,2.27,6.6530843,2.78,0.025899999,23.0,0.708,0.5818674484719261,0.1849680170575693,0.15684968017057568,0.020824316365022584,0.04992754126044391,0.03718179905928398,,0.061783640785565926,0.8623374418634304,,6.455813953488372,0.421801180981356,0.951705248538388,1.978896103896104,0.3244609164420485,0.15280281176233892,3.286645519801356,0.14159904217012165,11455000000.0,0.04997559788452551,0.14886875148069179,-0.1955212983668494,-0.05271883589927858,243.2899932861328,-0.11110512648397258,14.497479491446324,16.219118236472944,17.091148111958812,13.165990947378614,60.9737367872567,True,8.877064862741078,7.515080969689103,12.52118670644557,10.899690926076868,12.116345405825912,51.92936887077853,False,56.451552829017615
IEX,IDEX Corporation,Industrials,16528738304.0,31.848013,23.292513,1.71,4.1396184,1.3,0.0294,14.0,0.972,0.44506146059291396,0.20824295010845986,0.13975415762834417,0.016459432874973246,-0.03507079325242515,0.028075999700655663,0.028075999700655663,0.05928538159166485,-0.0627525402081549,-0.0627525402081549,11.180124223602485,0.8948828790290428,0.964818018291758,0.4589944134078212,0.11997517070142769,0.10369180865096879,5.344463520558696,0.09838348161924548,616800000.0,0.03731682289692569,0.01839479392624729,-0.027077415131302726,0.0648198489336628,224.2100067138672,-0.2686352834633671,14.091928046277388,9.882815631262524,10.218969307973454,12.820738732633005,47.01445171814637,False,8.643690531098924,10.755751444148764,6.7959479065059725,14.095459958192293,7.83832852686254,48.129178366808496,False,47.57181504247743
IDXX,"IDEXX Laboratories, Inc.",Health Care,39812251648.0,35.592384,30.149883,2.82,24.685743,0.0,0.0304,13.0,1.538,0.6179747110743262,0.316014212879981,0.24617503721214898,0.020553665059927513,0.049106424974807605,0.08522326458275908,,0.039605437901157156,0.1598090756171313,,35.005430865849895,0.8199294434532524,0.8960907508368846,0.6079932327675078,0.6599446985547996,0.4531323317568564,19.07841257676072,0.3816021064334245,1043579000.0,0.026212508883617112,0.09048791017593691,-0.32964083395256466,-0.13531978843466191,504.70001220703125,-0.15291195442260916,18.644737346912777,14.853496993987974,18.02850264414557,17.68143970566878,69.2081766907151,True,4.424733938058388,7.468592360615305,11.825551148677054,14.927493781248595,10.922681303483445,49.569052532082786,False,59.38861461139895
ITW,Illinois Tool Works Inc.,Industrials,76371968000.0,24.028675,21.63193,2.45,26.388508,2.57,0.0309,14.0,0.997,0.44097481924707055,0.26277736225380205,0.19109947643979058,0.013482123764122418,0.024891346687645893,0.0023378226519090717,0.0023378226519090717,0.0221592699401442,0.0035034225297285726,0.0035034225297285726,14.438356164383562,0.9238197482756583,0.9939254228837564,2.856124031007752,0.9506976744186046,0.28133515546800375,8.103617685411644,0.014574966620998664,2707000000.0,0.03544494231181786,0.026115681874844178,-0.06585665670658672,0.011801893394270246,268.1600036621094,-0.09974520026593224,16.328360920333818,11.237545090180362,17.060254336949317,17.787523599748265,62.413683947211766,False,7.10159893404397,7.3120492308690865,7.033731247525722,17.673169563087228,6.6460875065810665,45.766636482107074,False,54.09016021465942
INCY,Incyte Corporation,Health Care,24621694976.0,15.473886,13.670618,10.82,3.847884,0.0,0.0788,23.0,0.77,0.9276244922919403,0.26118008061087183,0.2502605401574172,0.09877048529361071,0.0868974257746376,0.14839595478338863,,0.06458472800527545,0.5573268119270229,,553.0436573311367,0.053756496161982414,0.8138069358383079,0.007820449356533303,0.24898993280668055,0.4919262839681855,10.42840272463502,0.05745474684695284,1329631000.0,0.05400241540219136,0.41507849659673673,-0.014202239755423483,0.1418392604941361,121.47000122070312,-0.11653620816387047,17.644519715867634,16.298877755511022,20.64420176268271,13.970954155976184,68.55855339003756,True,7.3958386716547935,8.161076945544233,6.715173246374801,11.238332963018758,8.574855216526927,42.08527704311951,False,55.32191521657853
IR,Ingersoll Rand Inc.,Industrials,28296798208.0,30.26141,18.617558,0.59,2.780298,0.11,0.0388,13.0,1.147,0.4360663451358664,0.19736240180893752,0.07599105987530878,0.02389049946715142,0.04872220438825228,0.08948380588960547,,0.005289165469404777,-0.013012423129087791,,5.947223316266246,0.8184887324684315,0.8930576671737133,0.48063390751055524,0.057622549505441135,0.08442266659752032,3.0942545359160762,0.03140922989593675,1220100000.0,0.04311795246343653,0.017723405089597303,-0.22473336698551896,-0.09526337810799934,72.93000030517578,-0.3847755937347269,11.422444388664765,12.180250501002003,8.367884118993423,15.2568318245631,47.22741083322329,False,13.449794154324469,12.227727169468423,13.878762228543675,9.437599858316673,8.219163281182473,57.213046691835714,False,52.2202287625295
PODD,Insulet Corporation,Health Care,9151980544.0,25.23136,17.113527,1.08,6.4348764,0.0,0.072399996,22.0,1.079,0.7163324840293933,0.17495661164654186,0.09124478416602046,0.06396984464665512,0.14615097309601707,0.27541480232743965,,0.08657987879304208,2.7731578235555823,,7.976430976430977,0.22428429394280502,0.6931718645080617,0.6264106117600475,0.16307001913812447,0.1972364718729584,5.129777510391182,0.47064874547281943,349900000.0,0.03823216169634375,0.19220117425501274,-0.5966869227995473,-0.30976040117573606,131.9600067138672,-0.3217358477703936,12.312126496192842,16.341573146292586,15.675366490479762,12.36603814687515,56.695104279840336,False,12.45936042638241,7.612771954306484,14.417479318099264,7.826958035779913,11.063985651309533,53.3805553858776,False,55.03782983285897
INTC,Intel Corporation,Information Technology,544151666688.0,,50.34258,1.36,5.9300656,0.0,0.028800001,43.0,2.231,0.34766238434904356,-0.0004351692429947212,-0.005051747299112633,0.05345210208906393,-0.03748277922808686,-0.05712887978236014,-0.05712887978236014,0.01611227633269664,,,-0.021081576535288724,0.0,0.9127932432352327,0.4076355649670549,-0.002336346374287939,-2.619845248019321e-06,4.635873995053057,0.04058891012325683,-4949000000.0,-0.009094890823586516,0.5377178211265208,-0.2627658895536037,0.2794730046199917,102.94000244140625,,3.8151874375576016,11.889318637274547,5.174317218017411,3.385038969840732,24.263862262690292,False,10.595141700404858,6.334300804828973,6.99568696560703,3.3212470855919562,5.516554821270009,32.76293137770282,False,28.513396820196554
IBKR,"Interactive Brokers Group, Inc.",Financials,155677638656.0,35.41473,28.675714,1.46,6.9732127,0.38,0.026400002,13.0,1.349,0.8976716885149677,0.8598121698297789,0.09626296223830953,0.051253578198966365,0.11410606295954995,0.34597874218853675,,-0.09910085635012895,0.37321066363864785,,2.0831950699217825,0.6254724236622984,0.6629595265703712,0.0035427932127540555,0.18347939586052583,19.155945151919738,0.8534045191252423,0.23487387844733543,15744000000.0,0.10113205811651234,0.006554490315006848,-0.059998770845105215,0.13311065504077443,91.37000274658203,-0.19028850424667926,17.74282976886287,16.785941883767535,18.67336767159589,17.35435324587307,70.55649257009937,True,6.5647346213635345,7.830906243915104,8.175438056329867,8.706472475859858,11.116150920563575,42.393702318031934,False,56.47509744406565
ICE,"Intercontinental Exchange, Inc.",Financials,88363491328.0,21.98324,17.885084,2.16,2.988078,1.32,0.0107,14.0,0.934,0.5615506329113924,0.3954905063291139,0.2622626582278481,0.010941201719070134,0.008296649957175384,0.0946705327442019,0.0946705327442019,-0.1128813705166971,0.3185757365811548,0.3185757365811548,6.225404732254047,0.681854736883567,0.8677485726867618,0.7013314888466194,0.11464637731281342,0.08016115491545513,0.9298416571008408,0.08391240760045915,3871000000.0,0.04380768507245916,0.06257911392405063,-0.0879564300017471,0.014428377008866893,157.39999389648438,-0.18642183772728677,20.029766365048985,12.965160320641283,10.398276874472353,17.79940213971051,61.19260569987313,True,6.05708160371718,7.1960331342896104,10.042371290624068,7.566048522917037,14.422624333053065,45.284158884600956,False,53.23838229223704
IFF,International Flavors & Fragrances Inc.,Materials,21345923072.0,,21.108253,1.74,1.5273186,1.9,0.086899996,18.0,0.953,0.3616161616161616,0.0773186409550046,-0.03314967860422406,0.014825238777580066,-0.007327661295799259,-0.043387980933718207,-0.043387980933718207,-0.052159715943056434,,,3.6768558951965065,0.0,0.9445621928044923,0.46764165606895575,-0.0255051575526353,0.032957439429222614,1.4216129650236704,-0.07102543543082696,254000000.0,0.01189922774214334,0.1184573002754821,-0.03150702146428873,0.09577224589850199,83.61000061035156,,7.314661794450633,5.659238476953908,4.92102160923119,11.10774797889335,29.00266985952908,False,9.44736842105263,15.600077562147074,6.616316772848042,5.655353322472065,5.772625118852105,43.09174119737192,False,36.0472055284505
IP,International Paper Company,Materials,18196021248.0,,11.428686,1.58,1.2586542,5.38,0.1549,11.0,0.883,0.29605652872979604,-0.0004231192350004231,-0.14876872302614877,0.0342530455857878,-0.08331145154443759,0.0375292471900297,,0.5048661062986388,,,-0.018148820326678767,0.0,0.7982490495164495,0.6958251837863357,-0.23713495649828017,-0.0003291803825159382,1.099444247185688,0.20391517811963866,-159000000.0,-0.00873817401249058,0.07857324193957857,-0.1901332081989852,-0.06414959246782018,34.36000061035156,,3.5438515779426814,14.52259519038076,3.217177673611811,4.430604637653095,25.71422907958835,False,9.939271255060728,18.231392711105343,12.272179054040265,1.4076285462148386,13.154572564612327,55.0050441310335,False,40.359636605310925
INTU,Intuit Inc.,Information Technology,85935079424.0,19.01656,11.767789,1.0,4.605437,1.72,0.0342,31.0,0.976,0.8017064528161134,0.2879988810145468,0.2128869824692279,0.030281605790329687,0.0693880792328096,0.14286998540558393,,-0.017367220256735705,0.24187118990547196,,24.12890625,0.7198851424326576,0.8264115502208305,0.4433972198820556,0.24041701769165966,0.2064213487772549,4.936236550668206,0.03220946568462768,8617000000.0,0.10027336982472654,0.16770794479671763,-0.5137602647322176,-0.18799749833832485,321.57000732421875,-0.381182032922884,18.553284032062123,14.911482965931864,19.54747596319505,15.766810282228782,68.77905324341782,True,15.973026529322333,7.5757352177581625,16.82383589978002,11.575702138965013,9.302532630305127,61.25083241613065,False,65.01494282977424
ISRG,"Intuitive Surgical, Inc.",Health Care,132258340864.0,41.338184,30.529533,1.64,7.19058,0.0,0.022,30.0,1.465,0.6599600584220096,0.29265651236499846,,0.02153650691034216,0.03919310713855123,0.17386716793068868,0.17386716793068868,0.03267757630862167,,,,,0.7905241607091118,,,0.17700222235413615,33.43043923589025,0.17306061721719868,2490700000.0,0.018832082602345385,0.18396971593788192,-0.3562983775043913,-0.1637500458954488,369.1499938964844,-0.26146893632289214,16.95369819548633,19.9825751503006,13.48613684712359,16.889764970712108,67.31217516362263,True,7.263926613027212,3.0567586162134095,12.479740528362877,9.320864745011086,12.96121885289056,45.082509355505145,False,56.19734225956388
IVZ,Invesco Ltd.,Financials,14251612160.0,,9.874277,0.9,1.4306607,2.66,0.0404,13.0,1.605,0.3523858807294852,-0.1090934750905584,-0.04417368396292986,0.15945898549071263,-0.33043950494722657,0.01776834885182499,,-0.010219730814317679,,,-8.432727272727274,0.0,0.955404378201457,0.7999754721609026,-0.023031640912435616,-0.02743118533417849,1.547402417611091,-0.07015621870826827,1441000000.0,0.1011113678805023,0.013219174860046102,-0.015253203740684364,0.1654409004610429,32.279998779296875,,2.8964171246231585,5.950521042084167,7.077277494137581,0.53030449726485,16.454520158109755,False,11.81578947368421,15.38821006685273,9.36437856347007,4.630324089613152,8.738698245310744,49.93740043893091,False,33.19596029852033
INVH,Invitation Homes Inc.,Real Estate,16265763840.0,25.266056,40.312664,13.14,1.7963604,4.36,0.0327,23.0,0.831,0.5842455343795616,0.27567401996705376,0.21541232610900393,0.006687370986662156,-0.01550550071122947,0.06837165898740327,0.06837165898740327,-0.034607653967423026,0.15323152093111347,0.15323152093111347,2.12946081109001,0.819585514782549,0.9138112927527551,0.8793183557163742,0.06169106576907854,0.03343007813025076,1.2754524947521724,-0.025289521184322816,963478000.0,0.059233492473969175,0.08894308275833768,-0.08838127275275685,-0.00834680987439025,27.540000915527344,0.5955265831754667,19.336911946755528,10.585260521042084,8.777713556633582,14.047568620806505,52.747454645237696,False,11.286014451903858,11.339668494840007,12.38712942972235,7.112826019399482,11.545438043674709,53.67107643954041,False,53.20926554238905
IQV,IQVIA Holdings Inc.,Health Care,43087339520.0,32.04039,18.103693,0.93,6.9822087,0.0,0.026600001,18.0,1.186,0.33292458614347026,0.14022072348252607,0.08338442673206621,0.008508124935965535,0.01343376997801532,0.04214942539507627,,0.03065052360080981,0.07622907166755444,,3.1371742112482854,0.8946388103677161,0.9476207730310846,2.4525603567584193,0.20913424573273873,0.09401914319237584,2.1726713570002083,0.04096984137168991,2051000000.0,0.047600989591106695,0.03697118332311465,0.0,0.24849162543776804,261.7699890136719,-0.4349727640643576,10.241824144487575,12.48309619238477,12.864531923522552,14.336362976230815,49.92581523662571,False,12.227771229436787,10.554443759330175,4.484194579240147,11.4871733932719,8.12920304261388,46.88278600389289,False,48.4043006202593
IRM,Iron Mountain Incorporated,Real Estate,34289410048.0,81.68794,42.218777,2.7,-26.767372,3.0,0.0295,10.0,1.204,0.5538108739872296,0.20341545903589198,0.020949943470752363,0.0033742321008355257,-0.0015942067395038617,0.10584603013300264,,6.327733674060809e-05,-0.36207891019012406,,1.6585741592652712,0.27022886925224665,0.866168393124781,-19.42038741823453,-0.14739038559357884,0.05650643386390625,1.0398824739065278,,-1007116000.0,-0.029371050671043612,0.34007598377046244,-0.09577027520271819,0.035484771037075154,115.18000030517578,-0.4831700126114087,14.59380448426666,14.946192384769539,5.993499667507322,13.479976521276079,49.0134730578196,False,6.9812432737149575,16.629773317323295,9.284996600291404,3.8900112597191945,10.882703777335985,47.668728228384836,False,48.34110064310222
JBHT,"J.B. Hunt Transport Services, Inc.",Industrials,25395255296.0,38.145275,26.736408,1.93,6.9451222,0.67,0.040700004,22.0,1.289,0.13306202400580844,0.07209451445342216,0.049860589497742164,0.009273535285772393,-0.017790262776547952,-0.06783654566877806,,0.050581284339023855,-0.1485843579178191,,11.502659362284923,0.7462130826989222,0.8988220582544671,0.4114339489801786,0.16781703662044523,0.1299687087195834,6.696197194491192,-0.009330439979771565,947585000.0,0.0373134661949728,0.060895170769531305,-0.06400099196541809,0.09878367391644856,270.45001220703125,-0.2990899134951838,6.63619583518546,7.827264529058116,12.947028087361534,10.80575591809072,38.21624436969583,False,7.616691436478245,6.935649217887974,6.397363262740744,11.259204009091349,7.856253781657879,40.065161707856184,False,39.14070303877601
JBL,Jabil Inc.,Information Technology,33330675712.0,39.859646,18.89269,0.82,25.202438,0.1,0.034,9.0,1.292,0.08878598751761627,0.04818468559157103,0.022045500301993155,0.0033007483723300544,0.006037603925999613,-0.03802902514729234,-0.03802902514729234,0.19950288410571154,-0.12950019724898332,-0.12950019724898332,9.768707482993197,0.6742110174139242,0.9113610792216417,2.2247191011235956,0.43423661599471247,0.35902295123889194,3.448899522878139,-0.1485381273583628,1172000000.0,0.03516280348250025,0.01657606872022012,-0.17466875598488868,0.052971348398304606,318.0799865722656,-0.5260196239575233,6.359421803198708,8.351012024048098,16.717134303030498,12.231489325652321,43.65905745592963,False,12.824151420420575,8.595130622444342,8.246669469147543,12.938298394287974,2.4356933497827264,45.03994325608316,False,44.349500356006395
JKHY,"Jack Henry & Associates, Inc.",Financials,11296542720.0,23.149424,20.586836,1.93,5.5019803,1.51,0.0708,15.0,0.564,0.43653302488386964,0.24958663134118528,0.19760574357426428,0.01217063729963665,0.018231027890834833,0.06986892255213517,0.06986892255213517,-0.0009312252332810272,0.11098755909683233,0.11098755909683233,117.88249489511787,0.8502455133323242,0.9124881997405643,0.01949366187951065,0.24502363362832116,0.23515615290905276,9.380586609271361,0.08454505637786491,506506000.0,0.04483725796063736,0.16974899964195023,-0.10662470176151073,0.018673785550431192,161.1199951171875,-0.11069770029699219,16.22164311960748,9.397805611222445,17.656049888246628,14.326771796485453,57.60227041556201,False,4.9289277233980755,9.929123125851886,9.776226919325284,14.982353689250596,11.778702881525078,51.39533433935092,False,54.498802377456464
J,Jacobs Solutions Inc.,Industrials,16749773824.0,46.661186,17.175516,0.43,5.089702,1.02,0.033,15.0,0.679,0.24812866533003963,0.07179131992655229,0.024051639169218597,0.006953594672291819,0.016605802572804376,0.07134040631933236,0.07134040631933236,-0.013873354665047799,-0.23411522658847594,-0.23411522658847594,5.9239032019096225,0.6340754404257486,0.912384051642344,0.7443011947625897,0.07947029326190594,0.10187207184894487,3.094540536034467,-0.1561984087925561,607472000.0,0.03626747479596295,0.006586319969362706,-0.07989689140084022,0.06762645701152623,141.85000610351562,-0.631909999030029,7.337969769817337,9.406773547094188,8.500268692675208,13.451275596650044,38.69628760623677,False,12.881301354652452,10.083771013175829,7.76471368576571,9.134812730679837,5.824661124164106,45.68925990843793,False,42.19277375733735
JNJ,Johnson & Johnson,Health Care,640020840448.0,30.881392,21.331726,4.26,7.526924,2.02,0.01,22.0,0.235,0.6787871710212011,0.27173993821196907,0.2845646704107524,0.013701480820958713,0.009044601294854404,0.05599284954178807,,0.0174792784441518,0.14318799294699724,,26.360453141091657,0.5986925936232259,0.931201568177517,0.5878176199352497,0.3287059746885117,0.19183663574911403,,0.020162583224072383,19313000000.0,0.030175579886557037,0.21107725627169746,-0.0010156837504260235,0.10388929492969848,265.5799865722656,-0.30923690227435346,19.65906659564436,16.433376753507012,16.554507431158747,16.688580142324632,69.33553092263475,True,7.002767385845332,3.6398946907249954,4.37822472359512,12.97443473253596,9.292829976661768,37.288151509363175,False,53.31184121599896
JCI,Johnson Controls International plc,Industrials,88444305408.0,41.129578,24.134521,1.66,6.560183,1.1,0.0215,19.0,1.304,0.3641295134768605,0.1198508221732497,0.13947279199864385,0.009273850609768906,0.022356031263718282,0.04567632285300438,0.04567632285300438,0.00024968143433535747,0.29029705391118465,0.29029705391118465,12.458149779735683,0.614043156681495,0.9432059007029793,0.7642917923725536,0.2545834300301694,0.1104028800971868,2.912255781972272,-0.07376498463632564,965000000.0,0.010910821172130698,0.018392947957280897,-0.0044320819517432745,0.06732189619635301,146.00999450683594,-0.41320766772759016,11.469851444423501,12.92004008016032,10.52837330541899,14.434713414338962,49.35297824434177,False,9.130895642221425,10.377444830271955,4.198233457540374,11.363472507576464,9.484285590803008,44.55433202841323,False,46.9536551363775
JPM,JPMorgan Chase & Co.,Financials,946925731840.0,15.269182,14.256049,1.65,2.67828,1.68,0.01,21.0,0.975,,,0.3137142762872085,,,0.12497052294076494,0.12497052294076494,-0.020263575001088455,0.1483084087887887,0.1483084087887887,,0.8122708759425858,0.8531856539056495,1.379496631147948,0.1574007140531622,,,0.07428403688812413,-147782000000.0,-0.15606503765912066,0.0,0.0,0.11004406609469165,356.2300109863281,-0.06635149152063285,14.627766599597585,17.625611222444892,7.999881404174572,12.5,52.753259226217054,False,6.961666581253522,5.002314045563705,3.560134486431776,9.703654618473896,13.75966807848561,38.98743781020851,False,45.87034851821278
KVUE,Kenvue Inc.,Consumer Staples,34151354368.0,20.917646,14.340908,1.41,3.2350802,4.72,0.0435,12.0,0.426,0.581327691087014,0.17951600105792118,0.09719650886008992,0.008770747896266492,-0.000283330045757757,0.0038646439492577844,,-0.022129267858805222,-0.10696349118471904,,6.313953488372093,0.7240530060827652,0.9836933909101134,0.8057594054807246,0.13655364607524384,0.10864250212933643,2.089338245074353,-0.1861482098474695,1722000000.0,0.05042259763535244,0.031407035175879394,-0.0655828298467678,-7.721054498252722e-05,17.780000686645508,-0.314411000167036,14.612051251971561,8.063386773547094,12.345573153521302,16.238448225783024,51.259459404822984,False,12.139009890842,15.13135279418446,10.053602883018192,12.13111110845189,9.034618376696343,58.48969505319289,False,54.87457722900794
KDP,Keurig Dr Pepper Inc.,Consumer Staples,42716327936.0,31.70707,12.384207,0.99,1.7064419,2.93,0.062,17.0,0.414,0.5420104800337289,0.22002047822682647,0.1252183340360176,0.0097675402152725,0.022040823962047346,0.05705594810720571,,0.045308710955065,0.1312710754418307,,4.844827586206897,0.7750266692388764,0.9295134411221329,0.6325834770340178,0.0814782881329362,0.06956310901886711,1.4365673771863556,0.005147382419260937,1488000000.0,0.03483445492387373,0.03029572968740589,-0.04094103792634313,0.05902224384930847,31.389999389648438,-0.6094181203119683,15.886987488189455,14.936232464929859,7.648576272485422,18.256710800213003,56.728507025817734,False,12.43300193033704,15.823076685921984,8.433948600324054,9.301167260215706,9.492263808453625,55.48345828525241,False,56.10598265553507
KEY,KeyCorp,Financials,23306088448.0,12.697675,10.221417,1.42,1.3534954,3.75,0.0,19.0,1.023,,,0.251063829787234,,,0.012139724073507496,,0.9498673554617414,-0.015541988668153928,,,0.15091557595133287,0.7905189163603508,0.5391295814729404,0.08974044453167165,,,0.14848331060154796,2101000000.0,0.09014811750533351,0.014687714481811942,-0.04342008740541196,0.0311114253651132,21.84000015258789,-0.195016646748322,14.225352112676056,11.43498997995992,12.380586272328731,12.5,50.54092836496471,False,10.45118638856147,6.760503180372558,11.642249341893143,6.6136546184738965,12.49276082634627,47.96035435564733,False,49.25064136030602
KEYS,"Keysight Technologies, Inc.",Information Technology,57651683328.0,44.03641,24.808956,0.66,8.776468,0.0,0.0195,12.0,1.208,0.6208372093023256,0.16297674418604652,0.15813953488372093,0.04749601920142498,-0.08314871706856602,-0.0027752224099102385,-0.0027752224099102385,0.1682968541078974,-0.08893183515536873,-0.08893183515536873,9.125,0.7476672523024688,0.9579415759155347,0.4723686447883013,0.14453324264580852,0.10367708226080335,8.343436021137743,0.12223675357684782,1281000000.0,0.022219646089290335,0.2111627906976744,-0.03265059112932036,0.11838047190257471,338.6400146484375,-0.4366262826601896,13.107560945421401,10.537505010020041,11.925786447464995,5.373596117538849,40.94444852044529,False,12.124404243324962,8.423586194586877,4.34558115426841,12.244168499535151,5.98137695565736,43.11911704737276,False,42.03178278390902
KMB,Kimberly-Clark Corporation,Consumer Staples,32579946496.0,19.397234,13.105854,1.99,18.652603,5.22,0.172,15.0,0.273,0.36012646683285704,0.14294400194564358,0.12287955250197605,0.014161057907008319,0.010056765266585332,-0.06583329792377168,-0.06583329792377168,-0.0014151630467469957,0.01477544050045787,0.01477544050045787,9.18359375,0.8370296716696465,0.90297752811914,4.857523302263648,1.3455392809587217,0.20526742428066327,3.3307234886549777,0.40032078609699684,1639000000.0,0.05030701938694798,0.06919194989967775,-0.13812891677605826,-0.025456891048190947,98.1500015258789,-0.32434418226846157,10.719233627643106,7.192094188376753,18.329454206759593,14.071449750689839,50.31223177346929,False,11.231520866430923,9.773589926656715,10.52035425534954,12.919553973074347,10.199165874319302,54.64418489583083,False,52.47820833465006
KIM,Kimco Realty Corporation,Real Estate,15555605504.0,26.965117,26.352274,3.37,1.5141029,4.83,0.0575,21.0,0.956,0.6905149066686105,0.33534490653777643,0.27322864741911185,0.005448473830616812,0.004125192747523099,0.07396715816335053,,-0.09159386025929042,0.6681121432568882,,2.173487867811845,0.46971154324222186,0.8969153641037975,0.7992794536018467,0.056269267528856304,0.03066967688113205,1.2736307304629195,0.029801298673237886,1120015000.0,0.0720007330934175,0.0,-0.07909451578161472,0.016130423250285325,23.190000534057617,-0.022727251656278667,21.711848625474783,9.843897795591182,6.909120397096437,17.730968920946893,56.1958357391093,False,5.486641384376228,13.673320081781009,12.378220870864132,4.597184977056775,10.438910018151958,46.5742773322301,False,51.385056535669705
KMI,"Kinder Morgan, Inc.",Energy,68658126848.0,19.909678,20.026997,3.3,2.1706407,3.82,0.025,20.0,0.551,0.5287240951762414,0.27891598275963864,0.18043337072681112,0.035791995182517536,0.06719723275963863,-0.040941527613036044,,0.13691583521706946,0.06247317863991286,,,0.8925341571628663,0.8864226536609637,1.0198960272126307,0.0980681599383865,0.0594685020555575,1.2475455133141842,0.004533447116719547,2891000000.0,0.042107178461193544,0.1786621007262207,-0.06243865544913454,-0.00981981401743877,30.860000610351562,0.005892561396522934,15.430513110342819,11.795310621242486,10.075450495931669,15.86985646512078,53.171130692637746,False,3.7483045491040157,11.455454987992471,10.271415331747074,9.430805884291043,9.758730227331663,44.66471098046626,False,48.917920836552
KKR,KKR & Co. Inc.,Financials,93356531712.0,32.29393,13.642553,0.46,3.1836221,0.77,0.0198,20.0,1.791,0.1799646014086965,0.025521118160656043,0.12341312351022078,0.0867543872204618,0.08761896587323971,0.5112422937117458,,-0.6233078427843494,,,0.1595740767566811,0.1336723567163337,0.532542625119947,1.7648335036050895,0.07670765539464512,0.0061904034684907745,0.8882256904275203,0.18001015688578814,316995000.0,0.0033955310269870877,0.008369888414677066,-0.2025755672611717,-0.01211576508684447,101.08000183105469,-0.5775505489731353,3.916916902633452,15.459939879759519,3.067910559360987,7.563483322844555,30.008250664598513,False,12.72326995678095,5.827587784773154,10.221811616147187,1.289144424775548,11.101737401676894,41.16355118415373,False,35.58590092437612
KLAC,KLA Corporation,Information Technology,236014616576.0,49.220707,26.939522,1.75,37.18403,0.52,0.0251,26.0,1.444,0.6130145227989652,0.4168629187164512,0.3557406044239115,0.023023897926261246,0.036272723694625864,0.08964649002419045,0.08964649002419045,-0.12179067363747799,0.12561164927732893,0.12561164927732893,19.90149064829138,0.7635035662043266,0.8528209126233929,0.9688011628676089,0.7607729037988479,0.44951897142432906,14.872323367143927,0.2956024691740158,3767134000.0,0.015961443637059362,0.14051079732384372,-0.4006026265000728,0.02117505670562404,180.63999938964844,-0.452679092967925,19.678276648078118,13.969559118236475,17.923240314151357,17.253969598683256,68.82504567914921,True,8.88798066246434,2.833398292983709,9.230303459703455,13.109814838184821,13.603531773784173,47.6650290271205,False,58.245037353134855
KHC,The Kraft Heinz Company,Consumer Staples,29171265536.0,,11.755093,0.99,0.8103034,6.5,0.1149,17.0,0.082,0.33313286825435007,0.18591131424905782,-0.2343837703472055,0.015113962616124327,0.014229230050454844,-0.019809627469887126,,-0.005171593864234894,,,4.896515311510032,0.0,0.9702989530560623,0.509288594470046,-0.14031298003072196,0.060782338886307824,0.5016323218459153,-0.05054129914423433,3661000000.0,0.12550021168886186,0.03211450565311523,-0.033141743122085836,0.049289080702346826,24.600000381469727,,9.118432265692569,7.37317635270541,9.588083041433514,15.870655225831435,41.950346885662924,False,11.487854251012145,12.837422762380736,11.693699527795578,7.709170076202008,9.595708358544387,53.32385497593485,False,47.63710093079889
KR,The Kroger Co.,Consumer Staples,34860040192.0,31.616217,10.613089,0.55,6.3218765,2.46,0.0469,22.0,,0.23300957722057408,0.012801235420815215,0.006881510681242465,0.006775133729133223,-0.015028628734913311,-0.0013868956327633963,,0.022962607442747578,-0.232125430012445,,2.9577464788732395,0.6509277248057938,0.9914336505053252,4.1660199088915135,0.1714189303188797,0.05910940076965365,4.2742937583113285,-0.16117460492984126,3456000000.0,0.09913930049894533,0.02611045637420246,-0.18184697177573236,-0.056037796010723735,58.4900016784668,-0.6643150254187589,6.193249057889671,10.172515030060119,12.137709192100463,10.8647552887641,39.36822856881435,False,13.75371120107962,6.9683655156746935,13.894126234077897,9.216696378940112,8.351521306940962,52.184420636713284,False,45.77632460276382
LHX,"L3Harris Technologies, Inc.",Industrials,45723136000.0,24.802021,18.259794,1.25,2.388963,2.04,0.024400001,13.0,0.746,0.25726046192545166,0.09833066544706151,0.0734507203292934,0.009247535898689069,-0.014727592670392475,0.08619178709998354,,-0.07282890356413001,0.14781970124872168,,3.6013400335008376,0.8151022579491003,0.8908612611263207,0.5661319073083779,0.08179271708683473,0.06021209220776811,2.1887658571601962,0.01962355450366493,2682000000.0,0.05865739392853544,0.043905785501943746,-0.31810261800445044,-0.1913584647070859,245.5399932861328,-0.2637779800283211,8.394990442130837,11.170320641282565,9.581371108471899,11.554321779542043,40.70100397142734,False,12.065452091767881,14.924367008502628,16.40029528897523,7.833509183704424,9.264262252571527,60.48788582552169,False,50.594444898474514
LH,Labcorp Holdings Inc.,Health Care,25265895424.0,25.390383,15.717674,1.26,2.9283378,0.92,0.025999999,15.0,0.851,0.28759936065139013,0.10867492850333652,0.06282388526129433,0.027300550978525667,-0.039016808615148973,0.05552020379451106,0.05552020379451106,0.0028033512808996047,-0.11837788875203903,-0.11837788875203903,6.765729585006693,0.5707816824101164,0.9263706293140835,0.7570941321144342,0.10168449383976426,0.0822251381553638,3.287068779262814,-0.05134708382762976,1206000000.0,0.04773232769951324,0.031143158181440256,-0.06348823088043845,0.10515756464419182,311.5400085449219,-0.3809595546471276,6.468883344575172,10.231713426853707,10.113885531389093,6.933400300140388,33.747882602958356,False,12.690949623328038,8.889123125851885,8.16162026928304,8.834749740116788,5.6523353947461485,44.22877815332589,False,38.98833037814212
LRCX,Lam Research Corporation,Information Technology,373168930816.0,51.774303,25.59424,1.47,29.920738,0.44,0.0248,31.0,1.859,0.5046900724797688,0.35294212594408997,0.3127229778385542,0.028745129870666807,0.05360453460814374,0.10055823901653271,0.10055823901653271,0.023367684763978047,0.1721891634146271,0.1721891634146271,52.266610999209604,0.716068311743642,0.8115337416132509,0.29946168370403436,0.5825869637054072,0.6785308969295469,24.98742600941157,0.14951706838281287,4891252000.0,0.013107339856253335,0.14386099930744137,-0.31179468197045823,0.08344314773229007,298.2200012207031,-0.5056574687253637,17.47388358017168,18.81859719438878,18.004621723476355,16.46419494602314,70.76129744405995,True,9.937067595961667,2.284548095021743,7.762459903436849,13.01339764603261,13.876173787315631,46.8736470277685,False,58.817472235914224
LVS,Las Vegas Sands Corp.,Consumer Discretionary,27741042688.0,16.600777,12.1995,0.92,47.74805,2.8,0.13939999,19.0,0.819,0.49788737804409616,0.23730506261043252,0.1249903971729277,0.20759100765287689,0.4246529944839118,0.4685532350721122,,0.06287199554173692,-0.03878465677238663,,4.140750670241287,0.8300891296550392,0.5995592913974294,9.927044025157233,1.0232704402515724,0.19246601394011706,2.18571114842565,-0.2572924697844491,1780000000.0,0.06416485566240011,0.11615579626642084,-0.36061482327088357,-0.16080313740868094,42.83000183105469,-0.26512475891941684,11.921665879140852,18.35133266533066,19.488820346303076,14.476575737038292,64.23839462781288,False,12.893985206443565,12.148873401700527,14.17689304998347,9.218490079676819,8.389143400466764,56.82738513827115,False,60.53288988304202
LDOS,"Leidos Holdings, Inc.",Industrials,16208714752.0,12.088181,10.106428,2.46,3.0603716,1.33,0.033099998,15.0,0.572,0.18044718760917666,0.12227786188424362,0.0843134971468499,0.020548249046435176,0.04357544454609413,0.06057944749313893,,-0.04855627745220663,0.2833920068730529,,10.344827586206897,0.3679569802468968,0.9215500747730049,1.0648901545972336,0.29454841334418225,0.17784768158788752,3.5882045654955936,0.045718544372050474,1625000000.0,0.10025471018912777,0.007278444159776406,-0.3200927382417477,-0.11690324091321475,128.86000061035156,-0.1639413738096742,6.7573132913226726,7.8537875751503,16.909695036896643,12.80301471656097,44.32381061993058,False,10.027443242966225,11.223891737521905,16.669661718791453,10.948729905097913,9.420736450860057,58.29046305523755,False,51.30713683758407
LEN,Lennar Corporation,Consumer Discretionary,19175251968.0,12.208589,12.413623,11.3,0.88689816,2.51,0.0023999999,13.0,1.398,0.09907659458435202,0.0804519937353844,0.060788691960501635,0.050421631055085694,-0.12113524703939484,0.005081632765289168,,-0.07068663609427595,-0.23346639573672778,,,0.7006776851684375,0.9781832513555152,0.26753875114261916,0.09463725744631563,0.0855862670397501,3.719207272850117,-0.03053622832677738,28183000.0,0.001469759043950624,0.005517575808348301,-0.3841701754218209,-0.13743301097957628,79.5999984741211,0.016794242151980013,3.7874863023064114,5.296422845691383,6.26424299230062,4.490923173742557,19.83907531404097,False,5.8704624267582295,9.811912280132407,14.559351173981007,11.515033259423502,8.865567464776557,50.622326605071706,False,35.23070095955634
LII,Lennox International Inc.,Industrials,12650590208.0,16.555405,13.971408,0.95,9.751705,1.49,0.0695,13.0,1.184,0.3339171943872346,0.20272169075895521,0.1551017265605451,0.028719959450061124,0.06316167041307524,0.032615465451786285,,-0.09947532055068235,0.17470233848290784,,22.698275862068964,0.7673074247110827,0.9464465744858062,1.5223970423867252,0.6928037142120196,0.2936242990952203,6.603681016310016,,,,0.022866821935210672,-0.36113098744004213,-0.23381947341897147,366.0400085449219,-0.15608177510607563,11.42143894847437,4.863406813627255,17.340464245484995,15.100577286149974,48.72588729373659,False,12.683920121628319,10.315212078925164,13.748788732394368,15.326987933264547,10.065606361829026,62.14051522804142,False,55.43320126088901
LLY,Eli Lilly and Company,Health Care,994487042048.0,37.452164,23.61627,1.11,29.35898,0.62,0.0089,29.0,0.502,0.8304361834333144,0.45560686724251676,0.31666641096058545,0.07662053405038341,0.16548795226287316,0.31687374880620434,,0.12705942291697753,0.4895796127525276,,,0.3412105758184476,0.6260475782911181,1.6017712455247786,0.7778405879027699,0.3856322811143023,8.916043624632191,0.35568631894740355,5964000000.0,0.00599706154815051,0.3710704367971279,-0.0684752882562002,0.0407989595032656,1115.699951171875,-0.3694284260850722,19.520568001926943,23.722775551102202,18.14147701248565,16.515848138645495,77.9006687041603,True,10.506542646782487,1.1574965924579736,4.984119140808339,8.879525374224169,11.461772841213588,36.98945659548656,False,57.44506264982343
LIN,Linde plc,Materials,214918168576.0,30.117573,23.840984,1.81,5.4993043,1.37,0.0117,25.0,0.727,0.4883481433531454,0.2722885894191726,0.20296592714647207,0.03470214515038246,0.07866672153762364,0.006176060609136114,,0.025126677477296987,0.1848491233539813,,19.94396551724138,0.7921972714665293,0.9848801460380531,0.7339260033991372,0.18036344620211792,0.1172938981761858,3.728424388406087,-0.015074024244634221,5089000000.0,0.023678779852436778,0.15912434531866063,-0.09863306037415016,-0.030949384791241392,466.2200012207031,-0.2084028816000546,15.25087345397885,13.608537074148296,12.858728557994453,16.775142808733115,58.49328189485471,False,8.340875313893301,3.227917667294087,9.214259447149427,14.439315115538038,8.344843979600657,43.56721152347551,False,51.03024670916511
LYV,"Live Nation Entertainment, Inc.",Communication Services,39638056960.0,,90.11704,4.43,476.61063,0.0,0.1534,24.0,1.116,0.25546392133835705,0.048913501095930914,0.019680330533939257,0.006232252943529753,0.007552761669506497,0.14744538940043328,,0.0694588560307765,0.23013444135326533,,3.90050722551126,0.5301059128268608,0.8327747274111688,38.3915766013424,1.8301077093949603,0.2307177591697135,2.354802665303328,,304979000.0,0.007694095608868109,0.043264927361592445,-0.0707771649318346,0.039890445357764495,170.14999389648438,,7.097893838597827,17.584048096192383,15.291641033169034,12.199623614271191,52.173206582230435,False,7.48582995951417,10.524316219900046,5.009314858726396,8.579032902627837,8.792246520874752,40.3907404616432,False,46.28197352193682
LMT,Lockheed Martin Corporation,Industrials,120978202624.0,19.530178,16.019543,1.0,13.750327,2.63,0.0139,19.0,0.104,0.10152169278328536,0.10301407099456347,0.06685054898198486,0.01473820863879241,-0.023501447919112572,0.043838941337237536,,0.004991318773255801,-0.04343906714672796,,6.915026833631485,0.855292934935358,0.9424477996664811,3.228686207409612,0.746466299657789,0.2695287502970718,3.377860023238389,-0.10150872011913636,6908000000.0,0.057101195506020615,0.02197260419997868,-0.18903036562678055,-0.05445756334317768,524.1900024414062,-0.17975437807069658,6.492759569248586,13.725420841683366,18.523380857775976,9.94193856803989,48.683499836747814,False,12.428722731853979,4.563762737716622,12.299316874880112,14.347012655832092,8.579501253349468,52.218316253632274,False,50.45090804519005
L,Loews Corporation,Financials,22239690752.0,13.381304,37.513794,1.32,1.1633055,0.23,0.0307,,0.507,,,0.0917143485915493,,,0.08961731661273986,,-0.04521277042495419,0.26576940497846047,,,0.7299660328079767,0.888739137701602,0.5078133361875201,0.08921117414106818,,,0.09202245722414881,2700000000.0,0.1214045658326967,0.03185519366197183,-0.06171034504904343,-0.0011730889441345365,108.79000091552734,1.8034483036929732,11.710261569416499,9.676653306613227,13.331474309690506,12.5,47.218389185720234,False,14.992398230239669,8.763400402414486,13.076650964611197,9.730883534136547,9.63750108047368,56.20083421187557,False,51.7096116987979
LOW,"Lowe's Companies, Inc.",Consumer Discretionary,110426652672.0,16.637363,15.107322,1.34,-14.846497,2.54,0.0182,33.0,0.846,0.334758825301903,0.11766682891778504,0.0771156386899381,0.012333055126509654,0.012998534375290277,-0.038458186348783285,,0.06250943995698585,0.011113158938779844,,6.648984937786509,0.9188345593274199,0.9327622975939754,-4.505092265806192,-0.6709690430573763,0.22865680183503093,3.0068926319424714,,7651000000.0,0.06928580931204847,0.025647266068655403,-0.25489774278794997,-0.13517909598470426,196.82000732421875,-0.091964153213463,9.148513132747025,12.723476953907817,12.940201040553006,13.4410974488067,48.25328857601455,False,9.066178103486564,6.124686992925294,17.402809587749623,14.353406525604735,10.676938369781313,57.62401957954753,False,52.93865407778104
LULU,lululemon athletica inc.,Consumer Discretionary,10956971008.0,7.9750204,10.923251,1.0,2.306993,0.0,0.1278,27.0,0.864,0.566005440167168,0.19910786662583538,0.14223542233350747,0.016868225190040737,-0.01371960012782944,0.11034694078962404,,-0.05212969683753659,0.22703226358985762,,,0.7144937357578961,0.8665015599316364,0.3624544523805685,0.3182656030827274,0.3147912305181752,5.142312301708845,0.16367741551634074,921675000.0,0.08411768173221035,0.061319150469259454,-0.523747642637849,-0.31353779899741097,98.97000122070312,0.36968314212713493,15.117619941651784,10.373166332665331,19.741888379683786,13.614991286246791,58.847665940247694,False,15.633364082064947,9.966232394366196,17.795151991053828,11.358774610637672,10.270507390439969,65.02403046856261,False,61.935848204405154
LITE,Lumentum Holdings Inc.,Information Technology,83154591744.0,,23.350882,0.63,17.686687,0.0,0.0866,26.0,1.541,0.4166887856668879,0.1779031187790312,-2.3009621765096218,0.18464087206189203,0.22747867056171373,0.19481931003065855,,0.6219480974862739,,,24.59633027522936,0.0,0.6238868026529653,0.35986993690647945,-1.4933784103878205,0.0991661204232606,14.696915680756167,0.5074019632120608,300100000.0,0.003608940813802428,0.26801592568015925,0.0,0.26381532226655835,927.030029296875,,7.05470827553455,20.62815631262525,7.895145383393398,10.473302028368106,46.05131199992131,False,12.374493927125506,6.0803600636074515,1.4210723162504442,6.583307935036022,11.096594346961709,37.55582858898113,False,41.80357029445122
LYB,LyondellBasell Industries N.V.,Materials,20574285824.0,,9.93658,1.53,1.9278386,4.33,0.0541,17.0,0.353,0.0854641329220973,0.02755944682121182,-0.024707325970881835,0.034467374963119926,-0.07491622264024583,-0.15766098558982566,-0.15766098558982566,-0.09879322369069432,,,1.7063655030800822,0.0,0.7501250680944945,1.4515969053759175,-0.07389406863717517,0.0308587947729623,1.8311273362871172,-0.07198895297423091,384000000.0,0.01866407433457847,0.06679269061121614,-0.1928920634024398,0.05343753621083854,63.689998626708984,,2.5448899689257427,4.196492985971943,4.45771061381768,5.0527121556857235,16.251805724401088,False,10.103238866396762,14.946597812682548,10.284792568800224,1.6613418440786116,6.358357758586819,43.35432885054497,False,29.803067287473027
MTB,M&T Bank Corporation,Financials,34759278592.0,12.655936,11.374188,1.45,1.3624382,2.5,0.044899996,18.0,0.563,,,0.2959925249169435,,,0.06326236932550966,,0.06121031889432955,0.12694475791587712,,,0.8494543253895568,0.9203141055757478,0.4459334407238578,0.09771395277101827,,,0.048424303958299664,2860000000.0,0.08228018865323176,0.014846345514950166,-0.019945169303664374,0.08347078781962994,239.8300018310547,-0.10127642870507565,14.567404426559358,13.747665330661324,12.376747243669437,12.5,53.19181700089012,False,8.822434616238745,10.268226455507234,10.021028434297467,11.594979919678716,10.190595557092228,50.89726498281439,False,52.04454099185226
MPC,Marathon Petroleum Corporation,Energy,115586473984.0,13.605842,11.6606865,1.94,5.8734603,1.01,0.031400003,18.0,0.527,0.07537358985372912,0.04346679326897716,0.030497592295345103,0.033218927393796664,-0.06343475249243571,-0.09232974945771899,,0.0197303693985577,-0.34672593811933494,,4.084985835694051,0.3415443080921714,0.8673222322032942,1.9844056832621,0.2337414808825228,0.10068990258968875,3.8060253690941566,-0.14514161330451347,4767000000.0,0.04124184980899988,0.026269979427124546,0.0,0.517539955081342,395.92999267578125,-0.14296472794553988,3.1894646256612633,10.329138276553106,12.4553695930677,4.391677155443674,30.365649650725743,False,8.738225798185827,7.167582592328162,4.110881859105955,6.580449714762909,7.458617858068978,34.05575782245183,False,32.21070373658878
MAR,"Marriott International, Inc.",Consumer Discretionary,87275872256.0,34.01321,25.438421,1.66,-19.364151,0.87,0.0304,25.0,1.104,0.1994195371572596,0.1580615596120064,0.09932788512945849,0.006563736429439183,-0.009174756760207514,0.0802476100443279,,-0.015224190741777124,0.03323438465284245,,5.116192830655129,0.8702737516568115,0.9021350100035097,-4.530098117210289,-0.6897374701670644,0.24486124193226583,3.8532128423828165,,2608000000.0,0.029882256488369917,0.0230657603299473,-0.10710820910711814,-0.027463937310527917,334.69000244140625,-0.2521017275346843,10.137083432505271,14.362535070140279,10.282627151971532,14.605642155201625,49.38788780981871,False,7.137224756145476,8.443269779970143,12.173261263320285,12.7626902153963,9.588469184890656,50.10491519972286,False,49.74640150477079
MRSH,"Marsh & McLennan Companies, Inc.",Financials,84423442432.0,21.65361,15.504318,1.55,5.5686364,2.24,0.0139,21.0,0.577,0.422667803268967,0.23064378636818503,0.15418257292168563,0.013862808889485784,0.02408007980447846,0.09200031494213934,,0.027417515177320162,0.1089990235441034,,6.482291666666667,0.8665369802207622,0.8880871245445165,1.4204635761589404,0.27549668874172184,0.14047747231525803,2.698014664681768,0.12802935744069943,5001000000.0,0.059237101164503245,0.010785367480819836,-0.06791358894832777,-0.0022434684235940927,176.91000366210938,-0.283984610418309,14.79926952772791,16.71805611222445,14.914906089770048,13.800945200174276,60.233176929896686,True,9.102606809135791,8.353762737716622,10.035227151958402,11.30325038157494,11.574098884951162,50.36894596533692,False,55.3010614476168
MLM,"Martin Marietta Materials, Inc.",Materials,36217044992.0,32.689743,23.13686,1.97,2.6523118,0.66,0.042600002,24.0,1.101,0.3071544715447154,0.23658536585365852,0.1848780487804878,0.016626215826219884,0.039214809125854594,-0.0005954960264881182,,0.11849079649636768,0.09457902685746356,,6.326086956521739,0.6224084078262501,0.959203684919646,0.5686802232854864,0.11333732057416268,0.07497884071036914,3.716212609290824,0.11844000931756238,978000000.0,0.0270038596527141,0.13121951219512196,-0.24302675884352626,-0.12896920191201586,509.9599914550781,-0.2922287581153514,13.477551577800364,13.037074148296593,9.6550609723454,17.886848283874713,54.056534982317075,False,8.624498197782675,7.343692477445316,13.370603140139007,9.947429077859356,10.314698763938111,49.60092165716446,False,51.82872831974077
MAS,Masco Corporation,Industrials,13511281664.0,15.788017,14.703452,1.59,-37.017826,1.87,0.048699997,18.0,1.294,0.3542713567839196,0.16569690558053424,0.10711451996826236,0.009593975324856969,0.013277550741824573,-0.04492168924034623,,-0.016533613778194272,-0.014390490008494905,,12.405940594059405,0.9484390954688832,0.9403572086153793,-17.28494623655914,-4.354838709677419,0.3976497741874633,3.9268182077247817,,866000000.0,0.06409458566076712,0.020629463104998677,-0.15422786573425415,-0.01065800680457506,68.5199966430664,-0.0686954542802937,11.638662594925064,3.9011823647294595,13.58888318694757,15.052936050733406,44.1816641973355,False,9.881993201113788,11.979554423314077,14.672650458532125,16.59910664816107,10.280318091451292,63.41362282257235,False,53.79764350995393
MA,Mastercard Incorporated,Financials,498616074240.0,31.052374,24.720724,1.48,88.99156,0.61,0.0087,36.0,0.735,0.7788722515324327,0.5951023146595102,0.45646671342746487,0.009575357345997754,0.022992767508365763,0.1382198495222513,0.1382198495222513,0.04188307789371511,0.14658126716973485,0.14658126716973485,27.02770083102493,0.8218281507334853,0.8331972170897628,2.455732195941579,1.9345999741501874,0.9722416892840265,10.443456702686206,0.0710012561022555,16433000000.0,0.03295722069339118,0.03705284986734165,-0.03414161511011361,0.062306525463510364,569.1900024414062,-0.20390228457250964,23.068846713287762,20.837244488977955,18.507277239880608,20.150632957351018,82.56400139949734,True,6.949666034609404,0.6542910689946129,5.024871370209084,13.999972107280962,12.977117139062855,39.60591772015692,False,61.084959559827126
MKC,"McCormick & Company, Incorporated",Consumer Staples,13797462016.0,8.496689,15.56071,2.0,1.9723289,3.74,,13.0,0.634,0.3789599871350672,0.1596275017177609,0.11540429513325438,0.007038347338678054,0.015166435659970195,0.02507523864563521,,0.008110457356667674,0.04995555544760033,,5.565239551478084,0.9154491135591781,0.9685059530536808,0.7258781486969407,0.13761004096574567,0.08748276257837174,2.2300826522387065,0.07016706893377012,740400000.0,0.05366204300047409,0.032425478414689415,-0.2645461890772243,-0.0680885417262681,51.31999969482422,0.8313851430833823,12.341358448188101,8.683286573146294,11.964057222399626,16.98958585467396,49.97828809840798,False,15.224107005586019,15.32040322580645,15.514849029266877,12.895127086895117,11.171579220330193,70.12606556788465,False,60.05217683314632
MCD,McDonald's Corporation,Consumer Discretionary,178700713984.0,20.58109,18.0712,2.19,-174.6404,2.95,0.0194,31.0,0.414,0.5740747628789288,0.4610005579319323,0.31850474242142457,0.0069226849328356,0.014749155982143658,0.050637859467043134,0.050637859467043134,0.020560002990177205,0.11502031719255856,0.11502031719255856,7.834386852085967,0.8562231850252585,0.9380920332383541,-30.622346368715085,-4.783798882681564,0.18639926269158844,4.541896654613443,,7186000000.0,0.040212486227914006,0.12516273014692209,-0.24505900149740084,-0.11886939406424274,252.52999877929688,-0.12195126691540627,21.285587600824584,15.66312625250501,11.761046461218086,20.309931258169144,69.01969157271682,True,5.993730675276311,6.546560167456351,15.9229922986193,13.623427031653023,11.422338695102114,53.5090488681071,False,61.26437022041196
MCK,McKesson Corporation,Health Care,102775570432.0,23.658348,17.465483,1.68,-24.116602,0.43,0.024300002,15.0,0.307,0.036065736311132045,0.015997818704607987,0.011803782564509332,0.0016453865721567115,-0.0005609736816722839,0.13391523079521161,,-0.038560811772819475,0.10182629110950048,,26.129554655870447,0.7886186007079494,0.8346182504831194,-3.965930018416206,-2.192449355432781,2.1512114074465414,6.136733195610583,,5410000000.0,0.05263896835853078,0.0018466648489205066,-0.10453330224991071,0.04634084117525443,881.510009765625,-0.26176235973872736,5.733732291016733,15.709809619238477,13.152851260269477,12.042140678704556,46.63853384922924,False,10.393207946838858,10.883066787823717,12.28699166193918,13.702766032966256,9.269383697813122,56.53541612738114,False,51.58697498830519
MDT,Medtronic plc,Health Care,116350386176.0,22.570719,14.214388,1.65,2.3179245,3.17,0.0095,25.0,0.574,0.6501759982400176,0.18776812231877682,0.13202617973820263,0.010315529916577821,0.00107071302553699,0.05207603643755454,0.05207603643755454,0.048050983020994226,0.08507138362297084,0.08507138362297084,9.54965034965035,0.8604685466562598,0.9339053030688249,0.5652912277864263,0.09706245072074075,0.0713150395172167,2.9196089195865245,-0.013253633681140409,5426000000.0,0.04663499777123421,0.13136618633813663,-0.11506302284766111,0.038181835265119785,90.95999908447266,-0.37022883497862874,16.19109676125935,16.305761523046094,10.681499238480416,14.595330880573174,57.77368840335903,False,12.366729872392764,9.047012234698514,10.856385501650879,11.383449702020204,9.553466159564351,53.20704347032671,False,55.49036593684287
MRK,"Merck & Co., Inc.",Health Care,355100000256.0,116.07257,15.070352,2.87,8.473448,2.36,0.0123000005,26.0,0.226,0.7480118749134762,0.340050145360016,0.2807832520650351,0.13670406228887788,0.03166494218203919,0.03122213027882159,,-0.0542833874914331,0.07929570045355194,,16.29108327192336,0.34085162599092944,0.9539034344245159,0.9378968178534768,0.34699463939474584,0.21932452361848984,4.426605548739341,0.045813256711383143,12360000000.0,0.034807096567415895,0.3061174262817062,-0.02592042483378339,0.1696453745717554,143.92999267578125,-0.8701643980141045,17.998241591354223,11.819509018036072,17.768726078172882,13.374298058769424,60.9607747463326,False,7.94736842105263,2.557060264814695,4.511726129597055,13.036776731489073,10.007152735759357,38.06008428271281,False,49.510429514522706
META,"Meta Platforms, Inc.",Communication Services,1650860490752.0,24.270786,18.536509,0.86,6.321011,0.33,0.013099999,57.0,1.243,0.8199944269179861,0.41437855159579234,0.3008369574952977,0.08047266120489231,0.1661644343321163,0.19893831442939258,,0.0022592569043016764,0.37611669519530744,,71.48154506437768,0.5969356645748073,0.7609502435991571,0.38618965858508675,0.2782966539773433,0.22086936734053692,8.674776968064124,0.20002013665255247,46109000000.0,0.027930282575844085,0.6322611785078073,-0.09394837941863761,0.04920302728872352,648.030029296875,-0.23626251741496967,19.204728126548137,19.729669338677354,17.0711134060634,16.359000580916877,72.36451145220576,True,10.353627496199117,1.7476341922502758,7.578656000914208,10.921527548159384,10.970805601175556,41.57225083869854,False,56.96838114545215
MET,"MetLife, Inc.",Financials,61730230272.0,18.609196,8.895132,0.51,2.2575996,2.44,0.0187,16.0,0.759,,,0.044663864435456155,,,0.039213237633995535,,0.046412407537427536,-0.13846063138927578,,,0.5648514760076737,0.9463528414767782,0.7107190647228678,0.11898725262342419,,,-0.016824889249955843,17092000000.0,0.27688216818061506,0.0,0.0,0.1724816853118319,97.13999938964844,-0.5220034223939605,10.845070422535212,13.888837675350702,13.417768108355691,12.5,50.6516762062416,False,14.293086660175264,7.640291101447394,8.350083364283062,10.597269076305222,8.91654421298297,49.79727441519391,False,50.22447531071776
MTD,Mettler-Toledo International Inc.,Health Care,25917691904.0,29.192507,25.022018,2.4,2021.1251,0.0,0.0364,14.0,1.22,0.5937429449987446,0.2777891609847906,0.2158735386135353,0.005587556421351048,-0.009533188710046436,0.008991856613079108,0.008991856613079108,0.01759162453801839,-0.0012657820113404217,-0.0012657820113404217,16.32474640589652,0.9529248305000493,0.9745447920939431,-91.05483161279405,-36.77411575562701,0.4495686272928496,9.776605306660116,,848648000.0,0.03274396513174941,0.07612186472329245,-0.12405869413728199,-0.023388458600751363,1293.52001953125,-0.1428616254164125,19.684274807748377,8.457985971943888,12.486717374097095,17.691496829162027,58.32047498295139,False,5.755923401493021,7.529795709742325,8.69912374857665,18.30555100059645,6.446791975420205,46.73718583582865,False,52.52883040939002
MGM,MGM Resorts International,Consumer Discretionary,10036034560.0,24.623457,19.28264,0.51,3.992194,0.0,0.1576,18.0,1.282,0.4441938538859438,0.07628413627957581,0.011738266679811695,0.11089437044272786,0.20679527378992146,0.10136235579297104,,-0.049350129857154895,-0.4810621589981714,,3.1926322421141555,0.38857602370502864,0.8742008329003649,12.912293300553063,0.08471976614839108,0.0781859370147688,0.7328435706697674,-0.2047525541445323,1460451000.0,0.14552072247945708,0.06095029771036459,-0.16565575729238685,-0.0030989291124493895,39.88999938964844,-0.21689956044758452,5.646755593545489,10.027685370741484,12.224589509190464,9.748826063804037,37.64785653728148,False,10.866926322622524,11.86788440319335,13.513106190897924,5.746631105686873,6.433550868700838,48.42809889110151,False,43.0379777141915
MCHP,Microchip Technology Incorporated,Information Technology,40291246080.0,106.0,16.253572,0.22,6.245791,2.45,0.0808,25.0,1.736,0.5773482421336276,0.11241009102289364,0.04880015276569562,0.14719026675431837,-0.2563670902965039,-0.1764745300112236,-0.1764745300112236,0.49422146483614143,-0.5315729227199735,-0.5315729227199735,2.4596100278551534,0.0,0.6761374732435708,0.8605186244636528,0.03575648280579566,0.037991323577849595,4.068399154030737,-0.004172796180357152,871000000.0,0.02161759897598084,0.24972947741401624,-0.21134257288288705,-0.040297867046427675,74.19999694824219,-0.8466644150943397,8.275715315456589,7.919909819639277,6.705486722200354,1.7910454083361573,24.69215726563238,False,12.860323886639677,9.831217466086844,10.755151762501988,1.8831852053473555,3.242934880833575,38.57281320140944,False,31.63248523352091
MU,"Micron Technology, Inc.",Information Technology,1101452017664.0,22.074694,6.24902,0.14,10.93157,0.05,0.026400002,45.0,2.222,0.39790786023864305,0.2624270961528172,0.22844989030980792,0.3012566461160396,-0.053230618913181926,0.06713489726936261,0.06713489726936261,-0.1273834547837973,-0.005711543545194875,-0.005711543545194875,20.563941299790358,0.0,0.6599633362917889,0.28206406350964647,0.1576479276285424,0.144929910776827,25.00943399194019,0.027667039781541725,1668000000.0,0.0015143646507067606,0.5258440794049976,-0.15496975511106365,0.42397141530660687,975.260009765625,-0.7169147622159564,12.727470650845776,13.58246492985972,13.110008892374655,7.04584402381759,46.465788496897744,False,18.54846341755069,3.313809469721556,5.237501210100359,7.525723497976595,7.565824421062558,42.19132201641175,False,44.32855525665475
MSFT,Microsoft Corporation,Information Technology,3680323239936.0,27.39801,21.025343,1.6,8.320827,0.73,0.01,52.0,1.108,0.6794409337058032,0.4678081840892722,0.4030538905915218,0.021409374364143703,0.050079377728231234,0.1612397915820203,0.1612397915820203,0.028565305674399383,0.22723762407374193,0.22723762407374193,50.880694854146185,0.7364449296605984,0.8078815284960237,0.12845314170624364,0.30233483352811,0.26161943173728347,8.828608417440568,0.28969916491325165,66987000000.0,0.018201390376016237,0.45657683394658255,-0.03495901809326612,0.13609028929988423,495.6300048828125,-0.2325959805109933,20.634578713516582,20.89190380761523,16.93345383895748,18.4607336496103,76.92067000969959,True,11.265899656639162,2.9277172713701565,4.113811273319429,12.253002436400385,15.970388341885446,46.53081897961458,False,61.725744494657086
MAA,"Mid-America Apartment Communities, Inc.",Real Estate,14890771456.0,36.381924,38.05072,7.03,2.6642327,4.9,0.0357,25.0,0.715,0.3052089378333332,0.2803995788379658,0.20230127208678908,0.017344243681523645,-0.03094681740812183,0.030305400060254506,0.030305400060254506,-0.011537381455769394,-0.11162941280254979,-0.11162941280254979,3.343668525345871,0.8549973563434495,0.9601444259460046,0.9553773164770247,0.07863612617632894,0.055483368775113125,1.4936698279823744,-0.01931758793991356,717937000.0,0.04821355308026829,0.16306810928846974,-0.0914439345089857,-0.03555071686053689,124.79000091552734,0.045868822110672336,14.40807637873619,8.76686372745491,9.670477998937416,11.009445950525244,43.85486405565376,False,2.7698884504347525,10.191076621016421,11.636023230661863,10.141792829877572,6.762696155085298,41.50147728707591,False,42.67817067136484
MRNA,"Moderna, Inc.",Health Care,57477992448.0,,-32.215767,,8.496312,0.0,0.119799994,18.0,1.106,0.5483870967741935,-1.599375650364204,-1.4682622268470344,0.9182772466559318,-2.098448498046323,-0.5330301860051326,-0.5330301860051326,0.1271675067247381,,,-307.4,0.0,0.0,0.1508670520231214,-0.326242774566474,-0.32995380434782606,10.032004102760814,-0.23236748725301215,-2075000000.0,-0.03610077373313343,1.7346514047866806,0.0,1.1165211693394874,143.97000122070312,,4.919190883705093,11.088326653306613,4.509425656893382,0.03575664423682045,20.552699838141905,False,10.0,9.196918608424742,1.4660314013900848,0.40773855195940395,3.4681358489379925,24.538824410712227,False,22.545762124427064
TAP,Molson Coors Beverage Company,Consumer Staples,7258651648.0,,7.92515,3.92,0.71900856,4.93,0.2733,21.0,0.42,0.3836887835703002,0.14637189429843458,-0.19205084015510557,0.026000390887091742,0.0495211326873702,0.013516144991544188,,-0.03539881015138046,,,6.578055667607907,0.0,0.9587003249469389,0.620929982502957,-0.20914342687897716,0.08212704241334685,0.744659749150647,-0.06929437618692003,1067800000.0,0.14710721106091576,0.06432213126525922,-0.1780839812783606,-0.07333293967278642,38.93000030517578,,7.6106754777274634,5.633416833667335,11.284455288167816,13.902980829742944,38.43152842930556,False,7.5951417004048585,11.749959920815215,16.86750572399917,8.526486666184988,9.372828247903882,54.11192225930811,False,46.27172534430683
MDLZ,"Mondelez International, Inc.",Consumer Staples,80151093248.0,22.871794,18.573107,0.92,3.00149,3.33,0.028199999,23.0,0.402,0.2837532760723461,0.09393569816020966,0.06360121441731323,0.039069106059318556,-0.026587542886272436,0.06956578215167708,,0.04571732026663695,-0.03376101153377331,,6.043405676126878,0.6517117401058962,0.9168080387947156,0.8438733648115179,0.09486028330366128,0.05889601118719813,2.3240688328581163,-0.013128999505271133,3235000000.0,0.040361271055784666,0.03318888341074811,0.0,0.05053084592268466,62.439998626708984,-0.18794708451816244,5.605853697849081,16.8225751503006,8.069828061805262,7.058636297623082,37.55689320757803,False,10.988921915304326,10.726831472707211,6.684731871961995,7.910855393031838,9.400121013052123,45.71146166605749,False,41.63417743681776
MPWR,"Monolithic Power Systems, Inc.",Information Technology,60665065472.0,72.44483,35.401066,0.9,15.573049,0.67,0.0547,15.0,1.664,0.551787716644466,0.26111689868942706,0.2227171228819345,0.020462271018134297,-0.03249600281033771,0.1586149467868072,,0.05233174170696017,0.12398408861499366,,,0.27826764448877594,0.7841156520853486,0.0056553920334634295,0.17598287638358465,0.24101197301893995,57.55401893707705,0.28391230342856577,663261000.0,0.01093316218880747,0.1996818444564138,-0.23418243469302538,-0.031049223426994406,1234.4599609375,-0.5113375792309817,17.021171518637615,16.48370741482966,14.633502413464491,11.847914750447789,59.98629609737955,False,11.106928714190538,9.051919906535991,9.570822125450473,8.497086795073866,11.388862477310052,49.61562001856092,False,54.800958057970234
MNST,Monster Beverage Corporation,Consumer Staples,85022851072.0,39.816513,33.151535,2.2,9.079498,0.0,0.0313,23.0,0.515,0.5584764218214752,0.29168723791625206,0.22972669444704663,0.018114584865378234,0.04058464801441325,0.09536818669323455,,0.05759348915257003,0.16936853639253546,,,0.8102367712842002,0.8874871769158061,,0.23084650697567805,0.3011588683696502,32.816256113253075,0.05521371664986119,1940648000.0,0.02282501675175064,0.01899234213005177,-0.09939815806874197,0.01940154448197831,43.400001525878906,-0.16739230780957634,17.863877489852065,18.51560120240481,14.41003129945044,18.066436316986977,68.85594630869429,True,4.572558465296639,5.064155416369184,7.619497789985349,12.50543682490494,8.531376955657361,38.29302545221347,False,53.57448588045388
MCO,Moody's Corporation,Financials,82252316672.0,30.155556,25.089832,1.65,27.191277,0.87,0.0171,21.0,1.334,0.7443638248250842,0.44856180357605596,0.3186058564394921,0.03883387685816838,0.08334600255191549,0.12173969738374057,,-0.10922421042831394,0.21410784502578717,,12.320284697508896,0.7427915413713608,0.8416136365109599,1.8132708436112481,0.6065614208189443,0.30186731492332586,7.189974480199735,0.17188553134787554,2575000000.0,0.03130610910654837,0.04223892200051827,-0.07261907571063109,3.8020711784303066e-05,474.95001220703125,-0.16798642346372256,19.756155605725944,13.737214428857717,17.01496475702754,16.844459505252456,67.35279429686366,True,5.898375442013016,3.4597587135717536,7.136040159823037,11.965918166580842,11.110208315325439,39.57030079731409,False,53.46154754708888
MS,Morgan Stanley,Financials,336698015744.0,17.177885,15.714278,1.89,3.1619003,2.16,0.0,21.0,1.207,,,0.25560137040293485,,,0.09524171431647233,,0.0075765741508510565,0.15199094095750154,,,0.7342625008116588,0.868298994407857,3.319281209688978,0.15104092016626058,,,0.036873067418065064,-20787000000.0,-0.06173781557359958,0.04393172240244975,0.0,0.1134252599177556,214.3800048828125,-0.0852029804600508,14.26559356136821,17.616252505010024,9.503814491591966,12.5,53.8856605579702,False,5.873110234202837,4.460503180372558,3.4075365295219595,9.311044176706826,9.687505402368398,32.739699523172575,False,43.31268004057139
MOS,The Mosaic Company,Materials,8007791616.0,,16.089165,2.02,0.69851923,3.49,0.12060001,18.0,0.831,0.15780259533370947,0.08950084630447049,0.044862434038033916,0.08693643530926895,-0.16070830183515683,-0.1426545439066701,,0.2714616804367561,-0.46759196475084686,,4.466666666666667,0.0,0.7443287573819095,0.43686749580054446,0.04474178520302195,0.02982771184362068,1.9534429780892133,0.0008371534076205833,-534600000.0,-0.06675997898494765,0.11279081344794398,-0.07047858600970089,0.045462684988909464,25.190000534057617,,3.367908509050798,9.624599198396794,4.202395582174476,4.284334608123154,21.47923789774522,False,8.81578947368421,16.376978970597783,8.089466976299992,2.595075919015663,9.58529259227245,45.4626039318701,False,33.470920914807664
MSI,"Motorola Solutions, Inc.",Information Technology,77146587136.0,36.504307,24.402374,2.02,28.873335,1.04,0.023,11.0,0.881,0.5166067454203047,0.2532956685499058,0.18438623523369285,0.028315223124140438,0.062009452570976925,0.08634515122371456,,-0.0041182679179949805,0.16479620688892482,,8.219444444444445,0.8035501209020068,0.893847661517168,4.052282157676348,0.8937759336099586,0.2063848246589218,4.069092925375171,1.7490734980898321,2572000000.0,0.03333912873509075,0.10571819893853793,-0.03943949023758184,0.07510090060940351,466.1600036621094,-0.3315206887779023,15.258069066023733,12.948937875751504,17.227896663365073,14.916045408336156,60.350949013476466,True,8.830557406173662,7.130326312715001,5.06083569979716,12.12026110638093,12.20092488546979,45.342905410536545,False,52.846927212006506
MSCI,MSCI Inc.,Financials,40320147456.0,30.323126,24.652235,1.89,-14.99189,1.48,0.019299999,17.0,1.219,0.8244143566720764,0.5466866850068863,0.38357655978272487,0.006395538326225507,0.009623145859381954,0.11707823751600754,,-0.03193599305514491,0.11361862672349488,,8.164158197904607,0.8647293701666672,0.8567868486139382,-2.3769907403919324,-0.45292404710420636,0.43859310180539673,5.724283520454655,,1458585000.0,0.036175090916810364,0.0980893353526079,-0.11844923171251685,-0.034215795316792655,554.6099853515625,-0.1870153822531357,23.75911750137577,12.709599198396795,13.305837936859543,19.993912475190008,69.7684671118221,True,5.562983651924357,9.68011893944311,12.879014353871707,13.055386279067726,10.053677932405565,51.231181156712466,False,60.499824134267286
NDAQ,"Nasdaq, Inc.",Financials,50973147136.0,26.586006,19.48746,1.74,4.274999,1.27,0.016,15.0,0.974,0.4222948438634713,0.294480755265069,0.21641249092229484,0.018044086134170065,0.02769630296824921,0.09890131082105791,,-0.10383013620480638,0.1670021710816938,,6.872881355932203,0.7287571179415124,0.8515766914991334,0.7741882718573648,0.14623374499059458,0.09611327550537566,2.5905076622352956,0.25735543016608053,1989000000.0,0.03902054536074074,0.032195594287097555,-0.07211968081575827,0.004169538988583338,91.19000244140625,-0.2670030992996843,16.286657651018015,11.885881763527054,11.085027145105505,15.328090961901534,54.58565752155211,False,7.468465467466134,10.768599987018888,9.07710676227752,8.445250633971005,11.837431930158182,47.59685478089173,False,51.09125615122192
NTAP,"NetApp, Inc.",Information Technology,39142379520.0,28.186703,18.041443,2.05,26.124804,1.04,0.054899998,16.0,1.432,0.7074368231046931,0.24476534296028882,0.18425992779783393,0.02632868649366443,0.06258992642460823,0.028668334111952687,,0.005212401551941852,0.0005230126476536423,,15.55045871559633,0.8845508802035996,0.9553956533770497,2.0229459659511475,0.9444855662472242,0.651633950694652,3.9004699186817002,0.052423743839056236,1869000000.0,0.0477487578149158,0.17169675090252706,0.0,0.4207701700723712,199.27999877929688,-0.35993070917162606,16.944571265216585,6.993206412825651,21.054250320142536,14.71997385874038,59.71200185692515,False,11.620868139189255,8.28249432076329,3.495512760130765,17.118111710679337,9.36396836373066,49.880955294493305,False,54.79647857570923
NFLX,"Netflix, Inc.",Communication Services,322288943104.0,23.88889,20.256954,1.41,10.689132,0.0,0.0221,45.0,1.526,0.48486575802475956,0.29494704605507255,0.24303813935832022,0.053769603749783526,0.1167805741765191,0.12639718371360664,,0.002011489252001203,0.34711854154857535,,17.16217820762128,0.5947177576141918,0.8379251773078936,0.5433992418249104,0.41258687422902035,0.3589546874601327,9.39496799362556,0.08604479182890534,9461053000.0,0.02935581006558762,0.09029074540276576,-0.3082244389102252,-0.09030004396521198,77.4000015258789,-0.15203452316118496,15.430971601466364,18.287685370741485,17.64892772335695,15.864912620419231,67.23249731598403,True,7.531414954133142,2.1310931719348347,12.099617126695264,11.592807668829971,9.172681303483447,42.52761422507666,False,54.88005577053035
NEM,Newmont Corporation,Materials,133618712576.0,15.890977,12.574593,2.78,3.8103967,0.82,0.0188,21.0,0.543,0.5321363977237638,0.4862587674798183,0.31254135603687855,0.19116709492528894,0.3515546130526257,0.23911830284606483,,-0.3681979387088292,,,48.1353711790393,0.0,0.6716673628539191,0.16502790326866862,0.209200696843535,0.20611352235600341,4.777698888639143,0.20504148149777346,7299000000.0,0.0546255824448874,0.14120605231814373,-0.018242667345536853,0.1452270682873586,126.80999755859375,-0.20869604178522186,16.81696187486553,15.884048096192382,17.72379419446821,16.20836762356586,66.63317178909199,True,10.2467500298946,5.255754689426883,6.880214904028634,8.708369863599396,11.29566081770248,42.386750304652,False,54.50996104687199
NWSA,News Corporation,Communication Services,15790737408.0,28.582525,19.474506,2.66,1.876474,0.68,0.032,8.0,0.923,,0.12649534780682323,0.06346920691182986,0.018496795934972936,0.042371533528241107,0.0405993172034298,,0.04391300168680873,0.5667130149011448,,,0.148735065788976,0.9485864211420121,0.34189537884119164,0.06720619282195636,0.08679554938892682,2.429983294522163,0.018743700848886213,811000000.0,0.05135922275479841,0.04718653079308817,-0.038128945858044765,0.105889477448445,29.440000534057617,-0.3186569066238899,9.838933209558947,10.42625250501002,10.280482963885136,12.917869850413904,43.463538528868,False,7.000290404687473,15.18884224703057,8.721937433934233,9.088583291035539,8.275790906733512,48.27544428342133,False,45.86949140614466
NWS,News Corporation,Communication Services,17544667136.0,31.757282,21.637606,2.97,2.0849001,0.61,0.1016,,0.923,,0.12649534780682323,0.06346920691182986,0.018496795934972936,0.042371533528241107,0.0405993172034298,,0.04391300168680873,0.5667130149011448,,,0.148735065788976,0.9485864211420121,0.34189537884119164,0.06720619282195636,0.08679554938892682,2.5968123745475276,0.018743700848886213,811000000.0,0.046224872419260925,0.04718653079308817,-0.04654444037846317,0.08440722537676275,32.709999084472656,-0.31865686742335186,9.838933209558947,10.51625250501002,9.836770996339498,12.917869850413904,43.109826561322365,False,6.365542629699857,14.357464788732395,8.625575505772975,9.088583291035539,8.216148759616216,46.65331497485698,False,44.881570768089674
NEE,"NextEra Energy, Inc.",Utilities,171666178048.0,18.538288,18.729208,1.67,3.0053306,3.03,0.0,18.0,0.644,0.6226834962790019,0.2925725959433825,0.24934335327593754,0.07554044076793856,0.12274056693021201,0.09364770128221722,,0.22697030182425168,0.1812309778678871,,1.7541557305336832,0.7692571671755579,0.8718681195666517,1.751007178435394,0.12516481101670085,0.06403606403480615,1.1533103598150272,0.11656243124093102,3211000000.0,0.018704907609128248,0.3383189843864001,-0.14654295476862836,-0.05250358832823923,82.30999755859375,0.010298685617571504,16.50582151605697,20.73323647294589,9.900373544659928,14.299904390763418,61.4393359244262,False,6.873195647346213,9.508970922308041,10.87545769546284,6.48609167841809,11.784013311435732,45.52772925497092,False,53.48353258969856
NKE,"NIKE, Inc.",Consumer Discretionary,54592753664.0,17.44076,16.061943,1.45,3.671189,4.48,0.0792,36.0,1.11,0.42913487650329757,0.0818354239406871,0.06698564593301436,0.022326220689291347,-0.03365357385301421,-0.032401823147472864,,0.10030199802267362,-0.15051114861964698,,,0.6937703865521778,0.941610822353929,0.7422132526067945,0.20908173562058527,0.1650350108032137,3.2963823056322585,0.020087918088292023,2184000000.0,0.0400053093757055,0.014742014742014743,-0.41183097282846476,-0.23469853664847487,36.79999923706055,-0.079057162646582,8.42126357127525,12.15003006012024,13.546797832011368,7.806941956721693,41.92503342012855,False,8.408932506534105,8.2535868436425,14.875230319033879,11.90771493958094,10.20044947705074,53.645914085842165,False,47.785473752985354
NI,NiSource Inc.,Utilities,19858583552.0,22.026596,18.378714,2.14,2.073818,2.9,0.0392,14.0,0.54,0.503989641986089,0.2757971756345789,0.139938574568667,0.03528246337357078,0.07725343653089722,0.04320705110154299,,0.22674936020344041,0.04949355845874992,,2.767638616105152,0.8846432703408199,0.9065037476400237,1.7156961301996805,0.0983587475264812,0.059677810551599035,0.8020199157675576,0.07649069000593434,-793800000.0,-0.03997263943429916,0.47515883291680466,-0.13654754333177327,-0.06940495591629758,41.40999984741211,-0.16561260759492763,14.479589335448214,14.322915831663327,7.964957703754139,15.104214067870455,51.87167693873613,False,6.696381899246657,10.26597277211657,10.817977397855694,8.678841219179507,11.082007952286283,47.541181240684715,False,49.706429089710426
NDSN,Nordson Corporation,Industrials,17521623040.0,31.166502,24.29747,1.79,5.358062,1.2,0.0326,7.0,0.972,0.5515604005749928,0.25943811036122605,0.1735416613681978,0.008719836764915292,-0.011714252435354067,0.02527440495521427,,0.014516407715845989,-0.018955651314414235,,6.953704059295672,0.9612713418908835,0.967150990410867,0.6874681090074783,0.15917946386005125,0.11678163326679313,5.707607472148121,0.09876886634547377,661115000.0,0.037731379021837465,0.020797460460287992,-0.01959962917280494,0.09529879014297375,314.4700012207031,-0.2203979131183859,17.869666302221574,8.104078156312625,11.566618505040092,16.622561359345497,54.162924322919785,False,7.952493209655102,11.141543616537938,5.830302578146363,14.521794384012916,10.450643962313077,49.89677775066539,False,52.02985103679259
NSC,Norfolk Southern Corporation,Industrials,71935320064.0,27.280237,22.363474,3.82,4.4259415,1.69,0.0256,18.0,1.268,0.3634646962233169,0.37528735632183907,0.2358784893267652,0.024414649717065393,-0.03310809287392397,-0.015000939727698559,,0.007416515269328475,-0.042226923919494896,,5.771464646464646,0.7700582070262032,0.9758620547209033,1.1130764777770632,0.18479449411462018,0.11439930422135504,2.4424742806236113,0.06882175884317965,2157000000.0,0.029985270074296504,0.18095238095238095,-0.06569625417859518,0.034131031150907744,320.2699890136719,-0.1802316820048154,15.684206983089673,9.809929859719439,13.336819645427953,13.567495280050345,52.39845176828741,False,6.703821384034576,12.82323651586941,7.621731492402692,12.416019524752395,10.202588814936469,49.767397731995544,False,51.08292475014147
NTRS,Northern Trust Corporation,Financials,34613379072.0,16.073915,14.924878,1.05,2.7653697,1.75,0.023599999,13.0,1.257,,,0.2147927384250099,,,0.06147673310710999,,-0.24855303526499758,0.09141382909091744,,,0.7349627476252847,0.8897179965559362,1.0799743785644278,0.13404178146150225,,,0.0479450395384311,4759300000.0,0.13749885528656658,0.0957409972299169,0.0,0.16930691064553008,189.19000244140625,-0.07148457609736023,13.893360160965795,8.091442885771542,15.667372448144997,12.5,50.152175494882336,False,8.302533353832487,8.468612481339651,7.745506319866461,9.791084337349398,9.727504537989455,44.03524103037745,False,47.09370826262989
NOC,Northrop Grumman Corporation,Industrials,73726443520.0,16.501429,17.048965,3.41,4.1224737,1.9,0.0168,21.0,-0.11,0.19814558802497975,0.1020164942556133,0.09968060256471373,0.019154111724076273,0.0036338922120091183,0.04654085181148626,0.04654085181148626,-0.021917084323559398,-0.05118646115600245,-0.05118646115600245,6.43609022556391,0.6790623113007648,0.9407390498823099,1.0206908960057575,0.250809643756747,0.12057903936979443,2.9462656607988107,0.028811852452695463,3307000000.0,0.04485500509871875,0.03456166277351385,-0.277140870239417,-0.11740772011495243,518.969970703125,0.03318112631336336,7.165175112956708,11.608466933867737,13.858612385499125,10.268776927917896,42.90103136024147,False,7.219733852645244,11.174607808139157,14.186706935323912,10.811999836695044,7.390411680116927,50.78346011292029,False,46.84224573658088
NCLH,Norwegian Cruise Line Holdings Ltd.,Consumer Discretionary,6805163520.0,8.981818,8.757778,1.24,2.6450114,0.0,0.2133,25.0,1.881,0.4261907698243883,0.15882507128908077,0.04306711145517641,0.23167842566403987,0.4791871453802826,0.2659644216614605,,-0.07203697822224106,,,1.6369776383158574,0.0,0.7204327457724111,6.609464371045048,0.1915237333294719,0.09279290620113938,,2.1820063575978765,-1169860000.0,-0.1719076986999425,0.331679011501495,-0.40217833208946613,-0.2395710607934318,14.819999694824219,-0.024943725201290033,7.365560028047906,11.481072144288577,10.945230559025847,12.04549910441981,41.83736183578214,False,10.27328789354106,10.43471847212306,13.00032535986711,3.468481104157103,11.281376955657361,48.458189785345695,False,45.147775810563914
NRG,"NRG Energy, Inc.",Utilities,23850481664.0,29.092306,10.133569,0.44,5.6747026,1.7,0.0381,16.0,1.173,0.19379415882525314,0.06329567284211897,0.028131410152052876,0.05451227611865492,-0.0072112542098418525,-0.008849172407267458,,0.1158669745454374,-0.10888717763705125,,2.623481781376518,0.13079304016696802,0.9465403592771078,9.888161808447352,0.5139797739440809,0.10894761729627489,2.0934538110933323,-0.2399095754093471,765000000.0,0.03207482392922461,0.03737830885944063,-0.3618046807021242,-0.202623052662314,113.45999908447266,-0.6516752917420846,3.4379282467620764,11.461533066132265,13.500371043801401,4.77295226799632,33.17278462469206,False,13.772621671022735,12.261790095411179,13.614370686594208,8.181964786932635,7.795509551387329,55.626256791348084,False,44.39952070802008
NUE,Nucor Corporation,Materials,58858356736.0,20.888083,13.443759,5.21,2.6621857,0.86,0.024,16.0,1.881,0.11934510986643689,0.08183049178309842,0.05367144703637595,0.07942746401467854,-0.17125295396752788,-0.0783985002595462,,0.17191671846876877,-0.38796298534895957,,15.641176470588235,0.3147622535133854,0.8645571331391844,0.34013183034008404,0.08330149025601834,0.08180093992914002,5.425493960179619,0.043701724481077786,-188000000.0,-0.0031941088814838093,0.1053117498615129,0.0,0.20855811345558756,259.42999267578125,-0.35639096225345335,3.213419238740891,12.68492985971944,7.552484898096995,4.102549983056591,27.55338397961392,False,10.962503630058594,8.21818848575323,3.34603244619849,7.650756732389041,8.97573256115481,39.153213855554164,False,33.35329891758404
NVDA,NVIDIA Corporation,Information Technology,5271048421376.0,27.631645,14.022135,0.55,23.019087,0.46,0.0128999995,58.0,2.217,0.7106808435754708,0.6038168363141272,0.5560253406070261,0.19471743473089503,0.39706218368567014,1.0004509499443963,,-0.48729871845898776,2.0179613706779187,,503.42471042471044,0.10516274079106669,0.23063057226381645,0.07018748450344262,0.7633333969089534,0.7016914814347474,68.72122070972323,0.9235308545473904,96676000000.0,0.018340943256742626,0.11363910011206921,-0.010171892550584778,0.1044182782099609,218.2899932861328,-0.492533470229514,18.865860499968967,17.560120240480963,18.227518843760432,16.202915476593887,70.85641506080425,True,16.54485044158595,0.9454770558836894,3.1260941062194676,10.625181629111164,11.723117814850031,42.9647210476503,False,56.91056805422728
NVR,"NVR, Inc.",Consumer Discretionary,16417562624.0,15.822786,14.966965,4.97,4.8653812,0.0,0.0617,5.0,0.913,0.23094950659190888,0.16334783590355492,0.1295528989266422,0.020508974410125547,-0.050227387470035106,-0.006252610482764043,,-0.12492114839895893,-0.08088375976318773,,58.585677128489685,0.8911206392117861,0.9532087857298304,0.2724265686624825,0.3466653074140417,0.42801746526405043,12.496521958553211,0.03293399466403679,1096812000.0,0.06680723717152912,0.00236978991659612,-0.19316689021436598,-0.07901594639790584,6160.759765625,-0.054087883132591226,9.351966410367165,3.844238476953908,18.34846255641712,10.24930410998693,41.79397155372513,False,5.670339431831771,12.361443986499642,13.961692067210567,17.599459720845985,7.922681303483447,57.51561650987141,False,49.65479403179827
NXPI,NXP Semiconductors N.V.,Information Technology,59667087360.0,19.300163,13.076461,0.44,5.2364616,1.71,0.038,29.0,1.817,0.5473958757844976,0.2473714239139294,0.16472410139375662,0.01708082406057557,-0.03994398691530193,-0.02420874805294959,,0.022513854126414108,-0.10158612961649793,,6.512875536480687,0.8561776813931747,0.9623708735641412,1.2153937947494033,0.20097454256165473,0.12578265846490813,3.1850979791402247,0.10520395437304697,2283000000.0,0.03826230005539858,0.23612356345260413,-0.26117122095319606,-0.032229566158093075,236.6199951171875,-0.3224688827757569,16.259207368733954,7.646302605210422,14.931938767993305,11.84685578738442,50.6843045293221,False,16.548992979039614,7.892828584409683,12.273255108745783,13.342510422118295,10.899299853055577,60.95688694736896,False,55.82059573834553
ORLY,"O'Reilly Automotive, Inc.",Consumer Discretionary,69425012736.0,27.158228,23.50428,1.61,-38.15918,0.0,0.033,25.0,0.515,0.5159231316716373,0.19461329191915056,0.14274041963352588,0.005210872932069884,-0.010419303817379849,0.07260598606028323,0.07260598606028323,0.0075701845212179306,0.05320408910411012,0.05320408910411012,14.7219991151346,0.9363526866566774,0.9117563077665581,-11.12396247078674,-3.325083316739853,0.35980428969313716,3.8316772101242655,,1593178000.0,0.022948184482994922,0.06573026239130014,-0.1561455037358528,-0.06529433899337492,85.81999969482422,-0.13454294587997417,16.106549360777045,14.604098196392787,11.519183223867424,16.581812460667084,58.811643241704346,False,6.208365363262098,8.734658109950024,13.250842401263565,15.815301415903974,9.60133742996566,53.610504720345325,False,56.21107398102484
OXY,Occidental Petroleum Corporation,Energy,61437710336.0,18.129793,15.3110285,1.23,1.836326,1.82,0.0001,25.0,0.164,0.3493261705182235,0.17237067568193395,0.10772009447506137,0.08977559157308859,-0.2006434641881321,-0.16155184276526158,,0.029754817034811507,-0.44083176605797025,,3.449490268767377,0.1326433048180894,0.720732357301423,0.6480268635177887,0.06455014708331021,0.04313812511996632,1.548519663323633,0.06199095890041595,4105000000.0,0.06681564103788934,0.297642754596397,-0.045735416007987896,0.1282729879764199,61.459999084472656,-0.15547692684632408,8.237936635068577,8.399539078156312,10.64469993950425,4.727955414629423,32.01013106735856,False,9.27120808349989,8.876046439929903,9.240373290452656,3.036318203562709,10.178451032932838,40.602397050377995,False,36.30626405886828
ODFL,"Old Dominion Freight Line, Inc.",Industrials,37280645120.0,34.708492,27.03365,2.27,8.202847,0.65,0.0461,23.0,1.165,0.3302830276386915,0.247625304540854,0.18625009983827565,0.019832042381483096,-0.04640174975895736,-0.042440148127076416,-0.042440148127076416,-0.046008099622699236,-0.09413538167466173,-0.09413538167466173,4598.125,0.8789074798763509,0.9465406629754108,0.009277307166200772,0.23745986193177218,0.2419084515595887,22.20846737427672,0.05677205452152512,955099000.0,0.02561916503659473,0.0755103032190771,-0.19921167043645882,-0.08713878981523947,179.7899932861328,-0.2211228883121744,13.445515670421385,5.049609218436874,15.259281132115987,12.468079827661324,46.22248584863557,False,6.410820137002682,6.710493444538197,11.094813587406794,16.68275352722207,4.797829623052201,45.69671031922194,False,45.95959808392875
OMC,Omnicom Group Inc.,Communication Services,22518341632.0,213.54054,6.5598025,15.97,2.2434552,4.05,0.09819999,12.0,0.673,0.08494143666880888,0.02574702262055709,-0.003155414285631575,0.05947410204621779,-0.1200494236216835,0.06523414722082599,0.06523414722082599,0.0330329982226355,,,1.6889479680972275,0.2951829664548955,0.9142215097104389,0.8910574640123529,-0.004524398545551147,0.003619633078654889,0.9086230479159503,0.547238460152081,2788400000.0,0.12382794637228106,0.008673046972249724,-0.09733801852950108,0.014815086581981461,79.01000213623047,-0.9692807628003564,1.8045077084766092,12.136152304609219,7.321077173991419,2.446240983685917,23.707978170763166,False,7.0650079434223345,12.439501687544624,12.87700623211888,4.281897043621893,13.968516961472272,50.63192986818001,False,37.16995401947159
ON,ON Semiconductor Corporation,Information Technology,29642719232.0,49.764706,16.811287,0.16,4.106132,0.0,0.1066,25.0,1.997,0.33090369283117055,0.1252793808586583,0.020182139640390968,0.09420623082319093,-0.20676885242903598,-0.10369233936412636,,-0.011615646064809887,-0.6008129925266221,,10.593794076163611,0.36519502579774066,0.8510556674159473,0.39159162290018634,0.015768965112793715,0.08288520564599236,5.56851308222707,0.07431653700569796,1418600000.0,0.047856608190944526,0.1542515928878807,-0.36876141887000585,-0.03650744207974145,76.13999938964844,-0.6621845409877434,5.095812859275237,3.1306613226452904,10.303724065335409,2.341088977102193,20.87128722435813,False,13.219861972360306,10.572907606931913,13.947087343533822,7.23625055663078,8.998768260005187,53.97487573946201,False,37.42308148191007
OKE,"ONEOK, Inc.",Energy,60873773056.0,16.687393,15.539584,1.79,2.655344,4.43,0.0465,19.0,0.719,0.25995420619108506,0.17312438669005917,0.1008950608106099,0.05395454792846217,0.04773911845402934,0.1452650774509614,,0.3223956224582918,0.25367097399537375,,3.265283230510376,0.7339481012733844,0.7130278564346701,1.459461863464532,0.15090060040026684,0.08128921461059667,1.6600563405153874,0.512841870574813,2447000000.0,0.04019793545159285,0.09372862707781975,0.0,0.12649071247451388,96.62000274658203,-0.06878300283333655,7.67709502645268,19.446663326653304,11.460471206177667,11.162148424262963,49.74637798354661,False,6.948273800372401,13.11060378399429,5.733808057268561,5.993411040316165,13.618398305817268,45.404494987768686,False,47.57543648565765
ORCL,Oracle Corporation,Information Technology,432877174784.0,23.517998,13.681208,0.91,11.52454,1.33,0.025999999,41.0,1.732,0.658224089552682,0.33320961444244845,0.2536781626260077,0.02404384976025798,0.057495957878409554,0.10476732816565715,,0.08968983160877367,0.26191822744946003,,4.8801913459447706,0.6966322737556399,0.8664434692134264,3.674343652959443,0.4019713936200245,0.11715322830731935,1.7483694991150844,2.408973694433212,-23686000000.0,-0.05471759977138781,0.9788886084594028,-0.42222488430124805,-0.06548537629197392,150.27999877929688,-0.4182664697904983,18.90957618034503,20.927605210420843,13.901874256996564,17.120322408868663,70.8593780566311,True,15.976067237226461,7.1426715129486595,10.643726211222713,8.404499925150098,12.464214711729621,54.631179598277555,False,62.74527882745433
OTIS,Otis Worldwide Corporation,Industrials,26304251904.0,17.449495,15.206465,1.41,-4.576462,2.55,0.045700002,12.0,0.875,0.30282031737232346,0.1537661977686924,0.09590464971242464,0.005998984068693975,0.0024326208596679166,0.017850220319947985,,0.008260970344203247,0.03370116653270716,,,0.8851694024899299,0.9772423209928807,-1.5784495548961424,-0.25667655786350146,0.8252165760762605,2.845214690695023,,1444000000.0,0.0548960679539575,0.02106576120850946,-0.24438140027306163,-0.10001291689877052,69.0999984741211,-0.12854412119089975,10.95366873619869,8.117635270541083,14.21115026452881,14.917600571234932,48.20005484250352,False,10.839431831770272,17.36243931329915,16.627228392668382,16.790156190170883,10.685884691848905,72.30514041975759,True,60.252597631130556
PCAR,PACCAR Inc,Industrials,64600772608.0,25.783613,16.987793,0.99,3.1789575,1.14,0.0276,15.0,0.972,0.16655065249184386,0.10412096411294859,0.08352317471031612,0.02756455897595442,-0.023520891978544387,-0.004355093626742135,,-0.11336752230204686,-0.07600235745953676,,,0.7104882668471049,0.8926139395009642,0.8116850083056478,0.12332848837209302,0.08139361911432914,3.6259234689977218,0.1352341452276946,3029200000.0,0.04689108005536255,0.0644089605129936,-0.07254311488473775,0.024556288641826483,122.7300033569336,-0.34113993256104175,5.695859898267795,6.949509018036074,11.092050563260802,7.579428280970131,31.316847760534802,False,13.36338167717248,10.650692542350878,9.612444125197431,8.659319317180028,11.005661682081424,53.291499343982245,False,42.304173552258526
PKG,Packaging Corporation of America,Materials,20884639744.0,30.481144,17.86622,1.46,4.4527183,2.56,0.0349,10.0,0.797,0.21020546649906,0.13965492307521163,0.08611349048312994,0.01701023447232873,-0.03515045555182306,0.019711899650188602,,-0.002164881107728861,-0.09075401222536494,,15.871049304677623,0.8514150190341758,0.9421739703324419,0.9493040452370596,0.16835580687255328,0.1121094265461042,3.9827997411928315,0.07832267568612306,728600000.0,0.034886883802212644,0.09220962700099007,-0.04653434189643711,0.04384435803778352,234.39999389648438,-0.4138599259922791,8.04941937758656,9.251513026052105,12.610007817857849,11.474790627874327,41.385730849370844,False,11.777814790139905,9.8579423314078,7.243865236040992,13.335136587000198,10.96955225170715,53.18431119629604,False,47.28502102283345
PLTR,Palantir Technologies Inc.,Information Technology,401863442432.0,140.5294,71.89689,1.63,41.108654,0.0,0.030299999,27.0,1.621,0.8236651721415028,0.3159495165398041,0.3630996776634105,0.16621989450064104,0.4005307919776485,0.32917125287657845,,0.2739725404845935,,,,0.0,0.6012723085998142,0.031045035864408873,0.21997753431985953,0.22520109411283754,172.15259489569084,0.42270141689204,2100591000.0,0.005227126377277885,0.13217878173482597,-0.16581037207940752,0.11725011418606202,167.22999572753906,-0.4883854197057698,18.425977235762478,24.06897795591182,14.456821813866338,14.754387132691097,71.70616413823173,True,8.602564102564102,3.2305382293762577,5.628060517261786,7.11785376539417,11.020507390439969,35.59952400503629,False,53.65284407163401
PANW,"Palo Alto Networks, Inc.",Information Technology,270471692288.0,295.2232,67.77184,1.71,9.826151,0.0,0.026500002,50.0,0.908,0.7035714285714286,0.06054006968641115,0.026742160278745646,0.03608251722881474,0.004350187637286715,0.18536155384757969,,0.09623629944199144,-0.11285630576938566,,,0.06629938182875161,0.7796559283542738,0.09093554488578495,0.011166884911974392,0.014486826910646561,8.061888066375978,1.5052736992622098,4113000000.0,0.015206766982551545,0.26062717770034843,-0.13471857830717968,0.31364095071631465,330.6499938964844,-0.7704386376138461,9.315846294394103,22.250851703406813,5.559068725532754,6.215132884736407,43.340899608070075,False,9.219639898187532,3.545421886155644,5.47533597528375,3.68569497502204,11.259637825222576,33.185730559871544,False,38.26331508397081
PSKY,Paramount Skydance Corporation,Communication Services,11863235584.0,353.33334,12.458863,0.75,1.0095239,1.93,0.14140001,14.0,1.52,0.2963749015849108,0.05504398726594324,-0.21189196590558998,0.0658986023139843,-0.08677368572083351,0.007258458559833203,0.007258458559833203,0.0018428020750283006,,,1.869767441860465,0.0,0.9773571749803387,1.2663987000769692,-0.529376550072693,0.05469152279674517,0.5216139186385751,-0.20229993652729694,489000000.0,0.04121978329921362,0.009002841200835245,-0.32915391379382875,-0.007492056230519713,10.600000381469727,-0.9647390676464327,3.4001057898566183,6.251002004008016,5.30237391456574,2.9360567846250665,17.88953849305544,False,12.022130545448332,13.33732086064776,14.635838462825635,6.43884107903134,6.583043242521157,53.01717419047423,False,35.45335634176483
PH,Parker-Hannifin Corporation,Industrials,119774085120.0,32.789165,24.265608,3.18,7.77876,0.84,0.0105,23.0,1.123,0.37685473742964787,0.21554490906553794,0.16968231080515372,0.023384315196544582,0.054254586484892786,0.04086358943321322,,0.08708709703104442,0.2053740937142421,,11.556109725685786,0.7614078890863141,0.9492359193144292,0.5531030901064659,0.23682160477797976,0.15821108381018265,7.04643243995225,0.1425836741734139,3905000000.0,0.03260304594343288,0.021349830224661612,-0.054384856909863354,0.01858945607593336,950.22998046875,-0.2599504134978734,13.027183433830947,16.350701402805612,13.228587783960785,16.01342765164351,58.619900272240855,False,6.588026785561762,3.8126866034919193,7.06552904444925,13.491304235210709,10.889640418359408,41.847187087073046,False,50.23354367965695
PAYX,"Paychex, Inc.",Industrials,41222541312.0,23.680983,18.124989,2.02,11.024372,4.11,0.0642,15.0,,0.7428593366093366,0.3855190417690418,0.27028562653562654,0.011573571027877093,-0.020524376576906977,0.09154767502845429,0.09154767502845429,0.11317749420555198,0.041649684005753196,0.041649684005753196,9.315398886827458,0.9493822780957368,0.8828626555323733,1.2337822280527964,0.47123236325667317,0.2635524314168352,3.205217095887789,0.022569717662614286,2321800000.0,0.05632355323334026,0.036071867321867325,-0.09062347744625333,0.1193091266241118,115.80000305175781,-0.23461838556279532,21.552147523152648,16.58201402805611,18.63658872949931,16.81762235561795,73.58837263632603,True,9.938152342882523,9.468398779775429,7.83545945857702,14.075064143119997,11.297942778113924,52.61501750246889,False,63.10169506939746
PYPL,"PayPal Holdings, Inc.",Financials,46306639872.0,10.078799,9.285378,0.86,2.3363633,1.04,0.0437,32.0,1.286,0.4662064391655613,0.19281321596527193,0.15775352707102375,0.019838505862436528,0.045854861433692606,0.06426945232818149,0.06426945232818149,-0.024809729817480135,0.29331690847546654,0.29331690847546654,14.503401360544217,0.7085061838009599,0.9193503455854758,0.49303909952606634,0.25834320695102686,0.23968170982105952,1.9209079161427307,-0.00029603317301141185,5564000000.0,0.12015555469755333,0.1192270589653925,-0.2158354031117618,0.07093373110186477,53.720001220703125,-0.07872178024385647,13.729115051327664,11.150490981963928,19.911187026151687,12.172157138016168,56.96295019745945,False,10.944344795777173,10.01486061530473,13.533309781610559,13.138844338877657,11.05171539930378,58.68307493087391,False,57.823012564166675
PNR,Pentair plc,Industrials,9143641088.0,14.582475,10.946766,0.92,2.4090948,1.87,0.0612,13.0,1.018,0.4047653256704981,0.22291666666666668,0.15656130268199234,0.03706363900247783,0.07848947466317305,0.004364124986398155,0.004364124986398155,0.02811435159657628,0.10780514986246992,0.10780514986246992,13.413544668587896,0.8693713858111902,0.9903380123215553,0.45639925566008477,0.16897549881112375,0.14443529709178088,3.510795688743467,0.12629501167401114,746000000.0,0.08158675442532856,0.039439655172413796,-0.4626863919798848,-0.2948024676789195,56.58000183105469,-0.24932043428841813,12.376828865089312,7.203446893787575,15.506205139603399,15.101678607735877,50.18815950621617,False,14.474153982814874,13.354065197637437,17.493542382081536,15.479717693298333,10.307393190265522,71.1088724460977,True,60.648515976156936
PEP,"PepsiCo, Inc.",Consumer Staples,186213122048.0,17.913273,15.188198,1.4,8.426779,4.34,0.0174,22.0,0.361,0.541485227575193,0.143635879691243,0.08772957146659568,0.005341838582106441,0.01217694830870758,0.028259092561689236,,0.018359530703770055,-0.025721386919715927,,12.03479036574487,0.9382820453401003,0.9648071890842704,2.4454082132706065,0.4038028030971283,0.17865233874670827,3.4051953885002955,0.05967582667595117,7672000000.0,0.04120010402930893,0.0470055895661432,-0.1724419658712025,-0.05904380902503232,136.32000732421875,-0.1521260240939777,13.553090618471062,14.039729458917838,16.177290848069234,16.493343660744543,60.26345458620268,False,10.65780078238439,3.9624299019926,11.465245770770672,16.119352732814832,11.122244792116865,53.32707398007936,False,56.79526428314102
PFE,Pfizer Inc.,Health Care,157994942464.0,36.473682,9.568519,2.72,1.8544286,6.2,0.026600001,26.0,0.299,0.7432525288035923,0.2781604052477668,0.12417903769635182,0.12606718149668045,-0.09858286136948052,-0.14797605157261928,,-0.08486270674165203,-0.3719731171690229,,6.5170348184200675,0.0,0.725327072200769,0.7396387436976734,0.0898630833988621,0.12071888763714281,2.0480638288545214,-0.03308812917256354,9075000000.0,0.05743854745266791,0.20879208680228192,-0.026001398275585213,0.06810757721926002,27.719999313354492,-0.7376596363372362,15.126031130551661,7.387024048096193,14.124846389434925,8.304176550321923,44.94207811840471,False,9.051376005739764,10.614846985136627,9.383135192493704,5.805262375799888,9.659866885642664,44.51448744481265,False,44.728282781608684
PCG,PG&E Corporation,Utilities,30392664064.0,9.928058,7.659773,0.59,0.9403108,1.45,0.0,16.0,0.245,0.39582915580509326,0.19446561058752757,0.10840184479647083,0.05057176450472415,0.09880140394546115,0.04773157336794509,,0.021499516119946036,0.14218447907536813,,1.6013870541611626,0.8343269871343288,0.9381189614454875,1.8849108789182545,0.08306699446834664,0.05806387451613648,0.4602756462040135,0.12550718756919688,-3071000000.0,-0.10104412017101154,0.47270904351313414,-0.26948199596735517,-0.14737453637546294,13.800000190734863,-0.22847217451791677,10.215588777823285,12.86796593186373,7.085855855991461,11.922247906278743,42.09165847195722,False,14.616460820991133,7.870099954566107,13.58222470726999,8.474806702368223,11.07628144178408,55.619873626979526,False,48.85576604946837
PM,Philip Morris International Inc.,Consumer Staples,297788669952.0,26.029972,20.842833,2.23,-34.694027,3.08,0.0107,15.0,0.395,0.6711769336744735,0.36737354851407206,0.279177327297776,0.01686130797685315,-0.018181517287829574,0.08570152245500418,,-0.003745443368348242,0.07842242901394281,,9.40957781978576,0.787148548253674,0.8956026745211849,-4.886431859115469,-1.135481288773264,0.35292056632751184,4.337189690812387,,10664000000.0,0.03581063041021309,0.038599685101358,0.0,0.07856811506506296,191.05999755859375,-0.1992756273422039,20.201796354853194,16.3588877755511,12.00891579413484,15.707859321295443,64.27745924583458,False,6.9528177795999255,9.851758940741222,7.699390337971032,13.193133626725972,10.91848906560636,48.61558975064451,False,56.44652449823954
PSX,Phillips 66,Energy,103533961216.0,14.750995,11.900868,1.25,3.2861774,1.96,0.0161,19.0,0.704,0.09844684837130598,0.025540883543844806,0.03326131625067988,0.021734206448628536,-0.031050680665814585,-0.0799841840778086,,-0.04647692314546867,-0.26356148493606135,,3.113259668508287,0.3775152296628065,0.8932383449360819,0.6776887911181384,0.15134224727597703,0.059223989719611195,4.213914514940669,-0.004552690746569055,2729000000.0,0.02635850080445163,0.0168686166676739,0.0,0.41325606078176924,259.4700012207031,-0.19321591526537704,3.8911645076680705,7.323817635270541,7.81960282812098,6.3114561649803935,25.346041136039986,False,11.031696817506278,5.974547445966119,3.8371268748393,5.578550861936011,8.836113752268995,35.258035752516705,False,30.302038444278345
PNW,Pinnacle West Capital Corporation,Utilities,11647053824.0,18.445297,17.261633,3.73,1.6555549,3.79,0.104399994,13.0,0.437,0.41600737386700487,0.19993299548927432,0.11545656233151727,0.015423945315165024,0.03068095155701575,0.07284582276575913,0.07284582276575913,-0.04938173688390458,0.08431536042235233,0.08431536042235233,2.5301207674515602,0.8737095943309561,0.9071451568634131,2.0293361572580153,0.08749516423712453,0.042799140459885816,0.7311686260323705,0.052214323209728075,-819523000.0,-0.07036311606213111,0.4915071127216996,-0.09370269665492185,-0.014718114844771405,96.0999984741211,-0.06417158802051277,12.978154291419122,9.654929859719438,6.712495167394667,14.101200561552982,43.44677988008621,False,5.398998957959651,12.628049101057961,9.33184584178499,7.9568827889364115,11.914768307153128,47.230544996892135,False,45.33866243848917
PNC,"The PNC Financial Services Group, Inc.",Financials,97438007296.0,13.390351,11.41165,1.69,1.6784639,3.28,0.0176,20.0,0.889,,,0.30055899813667286,,,0.030076812103055017,0.030076812103055017,0.1415358180895618,0.04712874796241606,0.04712874796241606,,0.9046342466655539,0.9533881209822905,0.9424940166707931,0.11448378311463234,,,0.0979487846497149,4384000000.0,0.0449927099461523,0.0,-0.022531675407377372,0.08246362339534273,244.24000549316406,-0.14777065963394095,14.587525150905433,15.820541082164329,10.452310164889093,12.5,53.36037639795885,False,8.617605357112353,6.85601836827416,8.381349059876499,13.44738955823293,10.427090028995984,47.72945237249193,False,50.54491438522539
POOL,Pool Corporation,Consumer Discretionary,6288402944.0,16.126747,14.642381,1.6,4.9907703,3.01,0.11270001,12.0,1.055,0.2972849830112928,0.1096919194554539,0.0768337254385945,0.02522711435114602,-0.056299717391934345,-0.05053506371958916,,0.037561177060651416,-0.18417676006583727,,12.405473594184306,0.7062702048987051,0.9255386843870023,1.2951345267454644,0.34289069875948025,0.16897714565174826,4.094069688547201,-0.013669721714837269,309516000.0,0.04922012834678808,0.010650365372530248,-0.33575011711876246,-0.1532866809150046,173.0399932861328,-0.09204373330839762,7.052720339329626,6.631462925851701,15.303721753084051,7.597182553129687,36.585087571395064,False,8.504296281111737,12.270527844486272,14.747770256427,12.343546388083164,9.261215316794884,57.12735608690305,False,46.85622182914906
PPG,"PPG Industries, Inc.",Materials,23452649472.0,15.092991,12.178032,1.53,2.777778,2.81,0.030299999,21.0,1.063,0.41316535433070867,0.13662992125984252,0.0992755905511811,0.016691816547322262,0.029930805082053355,0.005541161450504539,,0.026336144358701494,0.15381527493822822,,9.0,0.8064430156033333,0.9836631768796497,0.994333207404609,0.19846366956302733,0.12309703458064544,3.684397357894505,0.06402704245251023,1163000000.0,0.04958927993992746,0.07565354330708661,-0.13321754584174222,-0.04853213431049531,105.5,-0.19313328948516564,10.512431042604172,10.593476953907814,14.540274297663169,14.952558454761098,50.59874074893625,False,12.111677684962164,7.063118874537548,12.66519823198828,13.709708724893833,10.742933702135016,56.292637218516845,False,53.44568898372655
PPL,PPL Corporation,Utilities,25646729216.0,20.16568,16.098026,1.27,1.7042557,3.35,0.056900002,14.0,0.583,0.42733908427339085,0.2354567573545676,0.13061269630612696,0.02553212484454355,0.06157672698250988,0.045945748857909585,,0.05049551763884014,0.16031534039047757,,2.63490099009901,0.7708452863831614,0.9440093943945301,1.3003158389893152,0.07936294603857268,0.05151138501730739,0.9558739768860024,0.02262475590451496,-1401000000.0,-0.054626848835210164,0.44569785445697857,-0.10468854897372883,-0.04214882964864851,34.08000183105469,-0.20171172011060365,13.163923861431764,13.415170340681362,6.743122296751475,14.416928886091881,47.73914538495648,False,10.209108457609455,11.571526092036088,10.157916488790757,8.314951738254457,9.991118506353185,50.24462128304394,False,48.99188333400021
PFG,"Principal Financial Group, Inc.",Financials,24871464960.0,16.361267,11.181087,1.06,2.0533283,2.89,0.0543,12.0,0.872,,,0.07584397299286423,,,-0.0377225619285263,-0.0377225619285263,-0.2112894206441247,-0.3707686887546414,-0.3707686887546414,,0.0872993004371233,0.8982628628870385,0.3327190568752682,0.09972315485657066,,,0.06004432454319497,4438700000.0,0.1784655631318309,0.006271799302422322,0.0,0.15354679003911806,116.16500091552734,-0.31661239927201246,11.368209255533198,2.7624348697394785,13.050729364326378,12.5,39.68137348959905,False,11.74263311638395,11.804914162393718,8.56543035903045,8.053092369477913,5.673869824531074,45.8399398318171,False,42.76065666070808
PG,The Procter & Gamble Company,Consumer Staples,337670406144.0,21.944109,19.631613,3.65,6.330675,3.0,0.0121,23.0,0.377,0.5017694641051568,0.22690504641970768,0.18436896773600514,0.00963856033516122,0.005774885211991182,0.020025694093399382,0.020025694093399382,0.029688739835360623,0.03073434194790914,0.03073434194790914,22.517673888255416,0.9529034302266561,0.9755201662467572,0.6476581424160056,0.2967030935078863,0.19763361104247276,5.4328088382749,0.04955237580774052,15147000000.0,0.044857351205188356,0.050659527530103866,-0.11808306665463655,-0.008841013045676036,145.27000427246094,-0.10538117542161313,16.660961818205223,14.635170340681364,16.206723506913104,17.287142373045455,64.78999803884514,False,5.703881173234937,3.7082600441357827,10.342748319531797,17.33645772688258,8.629739350458513,45.72108661424361,False,55.25554232654437
PGR,The Progressive Corporation,Financials,126458986496.0,10.848454,13.359075,66.08,3.6826696,0.18,0.0104,21.0,0.259,,,0.12903225806451613,,,0.2090378284670047,,-0.05041128734209446,1.50197443284857,,,0.22836690181068475,0.7604197364348635,0.2274511097186954,0.37291824687530917,,,0.24033875242388536,17200000000.0,0.13601247706143882,0.003970925522325045,-0.003357096695565837,0.04114545313161164,217.6199951171875,0.23142661617959576,12.525150905432596,16.65619238476954,15.932321656415628,12.5,57.61366494661776,False,8.220494029621278,4.602434769909782,9.27088143465254,6.6340963855421675,11.036498400898955,39.76440502062472,False,48.68903498362124
PLD,"Prologis, Inc.",Real Estate,131961405440.0,29.966887,39.867844,118.09,2.3602538,3.15,0.021300001,13.0,1.316,0.7457768243849037,0.3884246496097269,0.37863286844433536,0.004499984721350195,0.006683843421527058,0.13741104437395912,,0.04955378590449498,-0.0036414328810590035,,3.51172064233913,0.9180161247214899,0.8416337905735061,0.6707727445801415,0.06256875646722969,0.03681262539854769,2.164298893165227,-0.0002762236234524762,5008434000.0,0.03795377885905608,0.0,-0.06126824267309588,-0.005594383317615006,135.75,0.3303965807325932,23.10190030171683,20.232805611222442,5.0882639274969375,19.120449484436268,67.54341932487247,True,8.060668955738908,12.59764668657104,9.67252504887336,7.287269443493414,9.467067162243927,47.08517729692065,False,57.31429831089656
PRU,"Prudential Financial, Inc.",Financials,41137799168.0,10.810517,8.027067,0.68,1.3035825,4.7,0.0448,15.0,0.819,,,0.0586546820411042,,,0.02276427669035508,0.02276427669035508,-0.43976602525481945,,,,0.0,0.8817144628094085,0.7077501695542265,0.11024107528207658,,,0.01971154010608922,6271000000.0,0.15243887925044966,0.0,-0.011987557473291655,0.11840494656928913,119.23999786376953,-0.2574761225573208,11.066398390342052,6.1463226452905815,12.950388094614931,12.5,42.66310913024756,False,13.809742223133291,11.218720711364965,9.983675880842867,7.191445783132531,9.014784808932964,51.21836940740662,False,46.94073926882709
PEG,Public Service Enterprise Group Incorporated,Utilities,36073488384.0,18.007463,15.493042,3.4,2.0803516,3.7,0.0241,18.0,0.519,0.3482084155161078,0.24490466798159105,0.17348783694937542,0.07266761665301166,0.09419038226730533,0.07480837487525593,,0.2667824510396335,0.2698230007597,,3.100936524453694,0.6544199945276636,0.9035359541191657,1.4251560475797904,0.12430809091979743,0.06454899167891202,1.2387754066055054,0.07345368328570845,26000000.0,0.0007207509216528118,0.2689020381328074,-0.1370225898612113,-0.07300303506614926,72.38999938964844,-0.13963216250951066,11.40210059467103,17.50163326653307,8.976723363553521,12.755645785932126,50.636103010689745,False,6.7150019645022985,11.517270721100799,11.077496639063591,7.078595638412302,11.271328550436513,47.659693513515506,False,49.14789826210263
PTC,PTC Inc.,Information Technology,14190448640.0,12.479008,14.679158,1.21,4.1730747,0.0,0.088199995,20.0,1.002,0.8375515565345831,0.3643467169193049,0.26795780997989943,0.06364039433078111,0.1142126230396237,0.12315411374311114,,0.09571097124320369,0.32845197105690094,,12.958205118217583,0.47794438966447017,0.8463085656858436,0.35802012895725793,0.1918330031997562,0.15884817039578444,4.429239723443634,0.18558004631078773,856688000.0,0.06037074808087252,0.17110709375568134,-0.3412914112935486,-0.09292681611660764,130.77999877929688,0.1763080847451976,19.011469249658592,14.553897795591183,17.03401770820019,15.752995352664955,66.35238010611492,True,13.102521395992415,11.867809112740964,15.238756873900606,9.444418092420902,10.433550868700838,60.08705634375572,False,63.21971822493532
PSA,Public Storage,Real Estate,55401701376.0,28.319006,29.308382,4.62,10.757955,4.05,0.0419,18.0,0.935,0.7284526709884284,0.46858168537926037,0.36988105378128583,0.027429617841165516,-0.050154193638367595,0.048750479098311095,,-0.012018974436366972,-0.2569378203660425,,7.423737664001051,0.5425041913451327,0.9388691703278429,1.1087520631202337,0.1929415336811947,0.1183084868386747,3.546133957265968,-0.028090362186247275,2897071000.0,0.052292094431147025,0.05998574245669618,-0.08535648666314016,0.007990104223414831,296.5,0.03493681946322551,20.488257736842225,12.284488977955913,14.368468774015678,12.578187781381613,59.71940327019543,False,4.838090845419293,7.24671740118128,9.37010754180254,10.383378917494277,9.418121704555277,41.256416410452665,False,50.48790984032405
PHM,"PulteGroup, Inc.",Consumer Discretionary,22526916608.0,11.885427,10.530215,0.99,1.7054353,0.88,0.0573,15.0,1.201,0.26412987604575866,0.17205355167034014,0.12816173888642143,0.021303806177740574,-0.04304127536155186,0.026553866296244344,,-0.15276587246998466,-0.053582613906989374,,4923.277685950413,0.8654986415206021,0.9430704568790846,0.17686567773357273,0.1708628785989726,0.17065992386178871,5.961157629960407,0.1335998440251267,1748533000.0,0.07761972179446175,0.00708851277495959,-0.13810949384438392,-0.04904544115032031,118.26000213623047,-0.11402299639718454,9.727851391918222,5.747024048096192,15.09214580081371,10.62644018976618,41.193461430594304,False,11.295871128649274,12.727372622833776,14.692245513649851,15.630249512462264,10.791144437721496,65.13688321531666,False,53.165172322955485
PWR,"Quanta Services, Inc.",Industrials,97810407424.0,74.607796,32.99909,1.42,10.143757,0.07,0.0238,29.0,1.2,0.1501097782044521,0.055726611136347415,0.036109162256887775,0.003010213692518195,0.006618273107251195,0.18595310976676038,,0.0694211753849075,0.2792871815808562,,6.07040486526803,0.707300128841267,0.786817359087111,0.7181444598377155,0.11505363075027335,0.07977545401813067,5.484270796807809,0.18412316852004107,1620816000.0,0.01657099732724655,0.021389061828853025,-0.10592711166165435,0.06788681432860234,650.5800170898438,-0.5576991712769533,7.068162091157632,20.68002004008016,7.423138702038829,13.225153700924624,48.39647453420124,False,9.757093561557252,3.159166612578698,6.484085560013223,6.790277842443579,10.738784683205116,36.92940825979787,False,42.66294139699956
QCOM,QUALCOMM Incorporated,Information Technology,194354970624.0,20.796572,17.842451,0.79,6.954179,2.02,0.0353,30.0,1.679,0.5542859723602204,0.2798753500135489,0.1251241983560654,0.05113440523026,-0.0789481793982158,0.0006330832838727929,,0.04887827109012084,-0.24618857681374529,,18.66566265060241,0.6362813920402184,0.8981206745252582,0.6984344053569744,0.26129397340375365,0.1778303631404915,6.764062189057455,0.05590351600192722,12820000000.0,0.06596178095594801,0.23109926835877517,-0.26844022803177214,0.07402929127974524,181.97000122070312,-0.14204845875560648,14.322390396406307,13.824869739478956,18.620576128164664,8.991830856368303,55.75966712041823,False,13.029937306752764,7.024847147400532,11.519531697283087,11.757904329342841,10.14065606361829,53.472876544397515,False,54.616271832407875
DGX,Quest Diagnostics Incorporated,Health Care,25939947520.0,24.506779,19.491264,1.83,3.4396358,1.46,0.0313,15.0,0.549,0.3321250566379701,0.14100589034888988,0.08989578613502493,0.003945573812444274,-0.0034846489610362574,0.03743568077946513,,0.050795403823502006,0.015952753970668088,,5.617328519855596,0.9293855711572335,0.9256835656159916,0.9184100418410042,0.13835425383542538,0.08888630954514601,3.615405100636379,0.06756478156403434,1359000000.0,0.052390237063979994,0.04775713638423199,-0.02197252897312542,0.1363625028515542,235.02000427246094,-0.20465827026881012,11.012126342438492,11.393827655310622,12.284110928200443,14.267766374594567,48.95783130054412,False,8.981140777942912,9.04310702927241,6.952241481342416,11.641464676183244,10.0526190681995,46.670573032940474,False,47.8142021667423
Q,"Qnity Electronics, Inc.",Information Technology,26460475392.0,44.041813,23.50255,1.57,3.6451726,0.25,0.025,8.0,,0.4617164493058477,0.2132940681531342,0.14556163230963398,0.024860951816120518,-0.0041612420466554945,-7.010656220396427e-05,-7.010656220396427e-05,0.022305690262109656,-0.03664051448999661,-0.03664051448999661,15.6,0.8303646962757272,0.9215010453199393,0.5675828047921071,0.09753347427766032,0.07528219902080978,3.058067254709066,-0.19460813175374592,988000000.0,0.037338709352845174,0.13441312578880943,-0.22549661710219301,0.006464371278830935,126.4000015258789,-0.4663582536895109,13.52261772472913,6.4975150300601205,10.15270679216491,10.33264752868277,40.505487075636935,False,9.931404704555936,11.938922729927954,11.557639190110237,11.35784137564954,3.5472909578104495,48.333098958054116,False,44.41929301684553
RL,Ralph Lauren Corporation,Consumer Discretionary,20203741184.0,21.36673,16.21317,1.8,7.4257617,1.18,0.0896,17.0,1.353,0.6986505638055333,0.15987429909421405,0.11597757101484996,0.01862741312027808,0.04240890707732908,0.07988555170505496,,0.07878066339774815,0.2165438225342371,,23.935424354243544,0.7523696639247267,0.8942441336925313,1.0591257830646865,0.3312099669177166,0.26837329214332317,5.8714179256770205,0.05344593161185851,704900000.0,0.034889577805433045,0.05537001663688459,-0.1552527509420946,-0.05697302158706901,339.0899963378906,-0.24119554091805337,14.250179890301123,14.6098997995992,16.521134004595922,14.79287892724016,60.174092621736406,False,8.521541194759049,9.76591370805478,10.899576640369602,13.462483840970469,9.508838274699627,52.15835365885353,False,56.16622314029497
RJF,"Raymond James Financial, Inc.",Financials,33367064576.0,15.12293,12.217825,0.86,2.6242852,1.25,0.0463,13.0,0.917,,,0.15424071665944228,,,0.08453363915489276,,-0.0069286389206229815,0.12262888723348087,,,0.842964309193422,0.8916242787189772,0.33751899544109415,0.17075901783571942,,,0.09750112434894187,2246000000.0,0.06731188459459167,0.013581852333477822,-0.02643537915183673,0.08480000039697544,173.4600067138672,-0.19209934847281582,13.078470824949697,11.508517034068138,13.500759626709414,12.5,50.58774748572725,False,11.121559985650592,10.610805640293373,8.783828292268828,10.774859437751005,10.466807848560808,51.7578612045246,False,51.172804345125925
RTX,RTX Corporation,Industrials,266424811520.0,34.864197,25.16338,2.3,4.013807,1.48,0.0092,22.0,0.287,0.20077198288996986,0.10496258591695541,0.07597936864440256,0.021840067330448788,0.022903964096279733,0.09723101071987417,,-0.07406031578652111,0.09009361742712763,,5.068119891008174,0.7076451504153185,0.8666937641454683,0.6055023373438577,0.10318032033105985,0.07735586028348168,2.7346969275745487,-0.03512050432135161,7448000000.0,0.027955354298677595,0.06688261119826643,-0.07844681283014218,0.021272539452000444,197.67999267578125,-0.2782458176220149,6.509636107704426,15.036332665330661,8.86241148248427,11.27461030159268,41.682990557112035,False,7.183996993457352,10.454441974427208,8.227558552124105,7.377016864373683,8.227590975883828,41.47060536026618,False,41.576797958689106
O,Realty Income Corporation,Real Estate,56299974656.0,43.430656,38.31245,3.03,1.423513,5.47,0.0493,20.0,0.712,0.9254180061596239,0.4511485331367207,0.18412255797454227,0.026157427588659965,0.05981245771565036,0.1980234435312218,,-0.20153849856731787,0.06782819791926609,,2.3441753570050348,0.8954708149687254,0.7617315037023122,0.744087653001703,0.02684140537611602,0.03514543602199021,1.037901590501074,0.1115966700728992,3994754000.0,0.07095480991614037,0.0,-0.0885111827897169,-0.02200034721893032,59.5,-0.11784777093857392,20.056980641270314,14.453737474949902,6.782159900378418,17.495431330783752,58.78830934738239,False,3.2278395599514855,13.832436879340559,13.433961040074118,6.0025278699180085,12.204015040193621,48.7007803894778,False,53.7445448684301
REG,Regency Centers Corporation,Real Estate,13950861312.0,25.12458,29.644285,2.61,2.050169,4.05,0.044699997,18.0,0.807,0.7057277518725169,0.37531766487032064,0.3395248480229465,0.01611677411932475,-0.010552033550132567,0.08270360067960159,0.08270360067960159,-0.030869599646963564,0.029883106745005383,0.029883106745005383,2.824161080327043,0.8319448937612344,0.8956941717649143,0.7728692653278103,0.0763672217162862,0.037941337964059706,1.5240703237140976,0.042451369669567196,827692000.0,0.059329096712333516,0.0,-0.061207390710240894,-0.0024327639395474976,74.62000274658203,0.17989176336480045,20.996769973466805,11.051703406813626,7.128728974562406,15.06795517258072,54.24515752742356,False,8.53781239857189,13.557924644642046,11.329908375200493,7.237897325168774,11.050335143290456,51.71387788687366,False,52.97951770714861
REGN,"Regeneron Pharmaceuticals, Inc.",Health Care,80458293248.0,19.6453,12.89056,1.14,2.4722013,0.48,0.026199998,27.0,0.193,0.8535372902272205,0.25810679848566187,0.31408571488332204,0.05721980852219896,-0.13119238248189724,0.05620358857997587,,-0.0727794384746062,0.012632483058186539,,84.52054794520548,0.943685488937069,0.9244194440457664,0.0865696854134607,0.14412497720503312,0.10336683205896958,7.6122406930677435,0.11310580398950987,3765200000.0,0.04679691611645757,0.4925015164297318,-0.022012847874146042,0.0644047961250805,781.489990234375,-0.34383491216728673,18.23325904794126,11.352384769539078,14.368429341062408,8.682323183424504,52.636396341967256,False,14.279403474606674,5.847640845070423,8.060507368756147,14.26245851447214,10.137220157316968,52.58723036022236,False,52.61181335109481
RF,Regions Financial Corporation,Financials,25668636672.0,12.19838,10.588983,1.59,1.4706168,3.63,0.0866,20.0,1.003,,,0.28647355833111876,,,0.016520184038638863,,0.12761803735791677,-0.013393125873429002,,,0.9283354674726814,0.9659792769802218,0.25647219450716796,0.11321745523289398,,,0.0609268915960699,2151000000.0,0.08379876296065093,0.003986181238373638,-0.016621103543714297,0.06714118861978768,30.1299991607666,-0.1319353061636053,14.486921529175047,10.93872745490982,12.420085838840542,12.5,50.34573482292541,False,9.069756914193954,10.61253748296229,10.194794438027762,14.168594377510038,10.938218514996974,54.98390172769102,False,52.664818275308214
RSG,"Republic Services, Inc.",Industrials,68205883392.0,31.594326,27.645388,2.86,5.6648016,1.2,0.0216,24.0,0.4,0.4195648243023326,0.2002290398408776,0.12892532095714543,0.010779464236404692,0.021633821130197406,0.07084929833650078,0.07084929833650078,-0.03643193482730496,0.12858935886850031,0.12858935886850031,5.7874564459930316,0.8390729076628969,0.9112542690693973,1.1535762032085561,0.17872660427807488,0.10659605105335666,3.019785352398686,0.07306419818899479,2409000000.0,0.03531953374395494,0.11373636308842143,-0.021725648439397408,0.03863897130471913,222.74000549316406,-0.12498883502056662,13.9793223245463,12.325170340681364,12.893400653730582,16.897068790240596,56.09496210919884,False,4.828712482276773,5.39267638086584,6.519701935752446,10.781627173021555,11.777719061127307,39.30043703304392,False,47.697699571121376
RMD,ResMed Inc.,Health Care,31485952000.0,21.048216,16.504822,1.28,4.780752,1.21,0.104499996,16.0,0.766,0.6105551961875267,0.3375748194507312,0.26944518588053334,0.029732171100061773,0.06478322353759564,0.10212508025534905,,0.00014009318065105747,0.19281739531820086,,,0.7531668685722502,0.8754425469044196,0.12541681263365756,0.2313139094356252,0.2548936692869456,10.793710810554613,0.16828091491245933,1628656000.0,0.05172643342656433,0.09825127802650527,-0.14809398625067313,-0.02502820624554507,218.27000427246094,-0.21585648873994828,18.22788594660671,12.915941883767534,17.852293709820323,17.113266689257877,66.10938822945243,True,11.826679649464458,10.437383656779387,11.938084588667907,11.4808261872323,11.353876739562622,57.03685082170668,False,61.57311952557956
RVTY,"Revvity, Inc.",Health Care,13871304704.0,59.764423,21.095879,0.73,1.9188677,0.23,0.0847,17.0,1.089,0.5477370677204294,0.12486996905867577,0.08445262357009731,0.0526789836358708,-0.09938695054630299,-0.04815480072764722,,0.03504968170834733,-0.2488786985011987,,3.868687964419374,0.49748030779197006,0.9085834823162675,0.46869493376880594,0.03326745154723352,0.03277818248935759,2.810911960639736,-0.006019192235899751,509411000.0,0.03672408694570047,0.10131541768686904,-0.03388513773526931,0.17428605314091297,124.30999755859375,-0.6470161018705057,9.4882897049341,6.6263927855711415,6.677316722615291,5.124104419809266,27.916103632929797,False,11.987350313466237,15.885370448497433,6.914833814244494,5.764745761633802,7.64837064569107,48.200670983533044,False,38.05838730823142
HOOD,"Robinhood Markets, Inc.",Financials,101209694208.0,49.809734,33.198166,2.01,10.675201,0.0,0.0454,27.0,2.34,0.833445115135256,0.4681421864520456,0.4209702660406886,0.556120259739402,1.1794823926376126,0.4878747583673768,,-0.06654825964388866,,,,0.0,0.4821948552377363,1.2719912472647703,0.20601750547045952,0.1133289492517649,2.551548569192253,0.09528937342587862,1584000000.0,0.01565067469470523,0.21260898725687458,-0.2330698962323328,0.2115504635337127,112.56999969482422,-0.33350043587865774,19.284434952284418,16.711963927855713,12.75446300102225,15.671763808878348,64.42262569004073,True,6.8941645740446535,8.897298792756539,6.837995339175009,5.378186359629204,9.324855216526926,37.33250028213233,False,50.87756298608653
ROK,"Rockwell Automation, Inc.",Industrials,47572144128.0,39.519375,28.852493,1.88,13.615243,1.29,0.0375,24.0,1.515,0.48141932390314074,0.17058259410213378,0.10417166147206905,0.01774250069089366,-0.0014832787910160627,0.02438220649270817,,0.09709584805417684,-0.023129729774403307,,9.121794871794872,0.770914841545123,0.9360671304402267,0.9980842911877394,0.2378215654077723,0.1701006453861648,5.587338970626348,0.10264439490357269,1358000000.0,0.02854611716356734,0.10369216015344042,-0.13204000602981691,0.00901056990002631,428.3900146484375,-0.2699152504309595,12.296128423604289,13.123897795591184,14.743216768087752,12.212615578254344,52.37585856553757,False,7.0936042638241155,5.167032517686766,8.420205843580757,12.885663422495382,10.58849079436425,44.15499684195127,False,48.26542770374442
ROL,"Rollins, Inc.",Industrials,16710179840.0,31.572725,26.703676,2.78,11.689667,2.1,0.0521,17.0,0.736,0.5275239627231757,0.19304928145065872,0.1400420095452068,0.005006293504380686,0.0100298473112512,0.1173929088277419,,0.007240936622789129,0.12634411992570715,,25.424329434834373,0.8534332766128209,0.8595712286165393,0.7552857010843901,0.3832474363703967,0.23595232252434925,7.850622881547809,0.027419999961794117,650021000.0,0.03889970103397762,0.007467595485303306,-0.44546103622721606,-0.28846178194260935,34.72999954223633,-0.15421693882932175,16.199534836578323,12.452895791583167,15.529625049491244,17.41300164593116,61.595057323583895,False,5.44717197082287,8.341024372038683,13.709009040041469,13.381752830297584,9.457991183334775,50.33694939653538,False,55.96600336005964
ROP,"Roper Technologies, Inc.",Information Technology,38424965120.0,16.181591,15.993472,1.54,2.054759,0.94,0.0647,15.0,0.747,0.6924391015501423,0.28287250869977854,0.1944068332806074,0.000626972870332282,-0.0009243564106127811,0.13731706743631933,,-0.016792972759998345,-0.3033890929105755,,6.878153846153846,0.32143932580293033,0.83519278303139,0.47025123858863765,0.07727284158639941,0.061306146835125475,2.647456530219841,0.07424032611978859,2435600000.0,0.06338587406374202,0.013248971844353053,-0.12310698798642902,0.04085552070127981,388.5199890136719,-0.011625494674782001,20.81003267540764,11.026302605210422,8.834594021889023,18.019388100885898,58.69031740339298,False,9.913049420044754,17.268700590640616,12.105469098567061,5.591443669051364,9.826929725991874,54.70559250429567,False,56.69795495384433
ROST,"Ross Stores, Inc.",Consumer Discretionary,73710616576.0,27.867151,25.803003,2.42,10.938656,0.79,0.0312,18.0,0.861,0.2770614559404892,0.11900177925298451,0.09428533162635697,0.006977714193251956,0.012543221036603727,0.06761774010986832,0.06761774010986832,0.039816394707128,0.12363229364733974,0.12363229364733974,71.35514733013547,0.8492820815880993,0.9188126804055902,0.842405820950593,0.34667697140805986,0.3002484074792977,7.441456057167877,0.12996709571183218,2207608000.0,0.029949661290973272,0.03601120306538402,-0.07919721034412543,0.06509672484477658,230.74000549316406,-0.07407100926822406,9.603987751534966,16.207004008016032,16.20866818964538,14.792872876022656,56.81253282521904,False,3.767496882420267,6.657341143636009,6.572973810408088,15.471052996769885,12.111114341618276,44.579979174852525,False,50.69625600003578
RCL,Royal Caribbean Cruises Ltd.,Consumer Discretionary,69574991872.0,15.998771,12.819288,1.05,6.7969594,2.32,0.06,26.0,1.75,0.4935318389650942,0.27378164380506304,0.23798371807739488,0.1672823174151672,0.36043322751547024,0.2659259431555814,,-0.09807313384960821,,,4.949596774193548,0.0,0.7202209380208431,2.1953771047125636,0.4252266613529939,0.15418857754364543,2.1023398971387204,0.5180676491088672,1236000000.0,0.01776500387199355,0.29156908665105385,-0.19026055805670164,-0.09955720501498763,260.1400146484375,-0.1987329526749273,14.433275460531686,15.270400801603207,15.734630014121597,15.068378757806066,60.506685034062556,False,11.713925758895778,10.582492860388136,10.86912488317328,6.022500796742318,12.853919958509811,52.041964257709324,False,56.27432464588594
SPGI,S&P Global Inc.,Financials,121077309440.0,24.997564,20.31282,2.0,3.8436196,0.94,0.0238,20.0,1.077,0.7024647887323944,0.4027777777777778,0.29153625456442356,0.060632769082597716,0.13276615091077126,0.11107613003386319,,-0.057520967194288786,0.11240487410970945,,21.522648083623693,0.7766983403098785,0.8620670801047312,0.4363414399074758,0.1436373566357182,0.11128613665106322,4.017205176412138,-0.050722851251801426,5456000000.0,0.04506211795781378,0.012715179968701095,-0.1717885212036593,-0.03407212502431484,410.7099914550781,-0.18740802103756998,18.59838962544722,14.942975951903808,11.468988157355831,15.851727017475916,60.86208075218278,True,5.9350774697210396,5.914489193223859,12.21275577195424,10.774470978301247,7.750842769470135,42.587636182670515,False,51.72485846742664
CRM,"Salesforce, Inc.",Information Technology,203873566720.0,22.705774,15.474599,0.9,5.312232,0.71,0.040999997,54.0,1.202,0.7767609873570138,0.21473810957254666,0.179578567128236,0.07085683980633885,0.15547554259117385,0.09820006113830493,,0.008634906549350521,2.2973643337642913,,,0.29511844137067256,0.8809441251177599,0.29041966791789253,0.1260863684014744,0.10124032284566652,3.114650441794146,0.004452464035891834,14402000000.0,0.07064182096632327,0.1586273329319687,-0.060131713502868715,0.19848868235910433,247.72000122070312,-0.31847295758338834,15.465335887382222,17.32675350701403,14.55555001622747,11.994777799293217,59.34241720991694,False,15.035198756384634,7.375417180502371,7.602748629709291,7.571867781547477,8.062970006050653,45.648202354194424,False,52.495309782055685
SNDK,Sandisk Corporation,Information Technology,239153479680.0,22.12312,6.1700664,,15.465718,0.0,0.0643,23.0,,0.7147372580007902,0.615764519952588,0.5646483603318846,0.36174231486897807,0.8285479573498933,0.49285190975588256,0.49285190975588256,1.649100050575063,,,170.7945205479452,0.0,0.3266087399133263,0.01124809354346721,0.7265505846466701,0.9820470071328468,24.995079465781952,0.19162086922622157,11494000000.0,0.04806118654589337,0.07432832872382457,-0.2816429437020452,0.41239126689470057,1633.3499755859375,-0.7211032440270632,18.799919113543208,24.124809619238476,20.204405660815684,16.15629689693566,79.28543129053303,True,15.61181434599156,6.71453771013176,8.779796735789994,10.208704175835322,13.420705018898468,54.7355579866471,False,67.01049463859006
SBAC,SBA Communications Corporation,Real Estate,19676162048.0,20.007551,22.661211,10.84,-4.2498055,2.7,0.048899997,20.0,0.984,0.7545513738397998,0.5521116364058756,0.37427352610297393,0.10252085882411056,0.17413844986075272,0.02248756625700632,,0.06235125399669385,0.31682487601351084,,3.2600221911331952,0.6054101877834378,0.971545440146023,-3.15629340278672,-0.21708620075454532,0.12935277343274829,0.3809250174074709,,1066509000.0,0.05420310106199833,0.07986071025267313,-0.1506405678532347,-0.01741575591008085,185.47000122070312,0.13263292443937802,19.253340924145917,12.01761523046092,11.699331837793336,16.202618966936143,59.172906959336316,False,7.628674900493686,11.102316154994483,14.321033544063571,10.88095347928277,10.778330019880716,54.71130809871522,False,56.94210752902577
SLB,SLB N.V.,Energy,83201073152.0,27.346342,17.330551,1.48,3.191029,2.11,0.0425,29.0,0.774,0.18222807214069675,0.15285090175870952,0.0944886299988798,0.012074714686280217,0.005081153440742919,0.08326017106596773,,-0.11119672010156814,-0.006532947795186539,,9.78136200716846,0.8592310783470025,0.8878000288582919,0.44567007545290893,0.1292274694549772,0.12646719165927553,3.3184636348348238,0.13866260468682956,4543000000.0,0.05460266109429136,0.07435308614316119,-0.06238135648965846,0.10194738275599471,56.060001373291016,-0.36625706648443146,8.986908541279723,11.819068136272545,14.080882522959659,13.01806288425231,47.90492208476423,False,9.78510907258409,5.824277276562602,8.571078952416324,11.702132637215243,11.673459244532802,47.55605718331106,False,47.730489634037646
STX,Seagate Technology Holdings plc,Information Technology,188774842368.0,62.091995,14.992758,0.51,86.8833,0.36,0.0427,23.0,2.087,0.45576055760557604,0.34653546535465357,0.2610906109061091,0.1522293525507158,0.3384097882148919,0.18203419083564842,,-0.04809112500028734,,,14.880281690140846,0.0,0.7166791550407465,1.7803414859252422,1.46931241347485,0.8439018118484818,16.471987675115145,,3105000000.0,0.016448166297218115,0.10856908569085691,-0.13972022496356865,0.2748822806949976,830.1699829101562,-0.7585395991866584,14.994131131264146,16.820951903807615,18.31077451416244,15.150881057268723,65.27673860650292,True,12.831061343719572,5.073833484779645,4.928945584256044,9.709796394901911,9.251491053677933,41.795127861335104,False,53.53593323391901
SRE,Sempra,Utilities,54496051200.0,24.297375,15.054271,0.71,1.6669333,3.13,0.018,17.0,0.564,0.4661363304627062,0.2247847029630711,0.13406801926726025,0.02343117914819776,0.04769487679782419,-0.017312084045800646,,0.25063466985283045,-0.04946935307505618,,2.010443864229765,0.7636026509072196,0.8925224596859279,1.107768710065161,0.058107167710508,0.018512654899191797,1.0345670482347926,0.05224420104315208,-6047000000.0,-0.11096216820935459,0.7744854765727631,-0.13619846952658377,-0.0672627908790342,83.33999633789062,-0.38041574449914856,13.719227927063313,13.452184368737473,5.581397479471923,13.761811976569687,46.5146217518424,False,12.759562001400775,11.694243687934057,10.947310083625485,5.753545157366661,10.563834384994381,51.718495315321356,False,49.11655853358188
NOW,"ServiceNow, Inc.",Information Technology,137017729024.0,81.80864,26.476824,0.94,10.947464,0.0,0.0294,46.0,0.972,0.7753426720891701,0.13737008585630367,0.13164633227895767,0.04001668360884727,0.08837077598742858,0.22376517864742618,,-0.015540464893636807,0.7520749850690194,,79.30434782608695,0.4863703078950501,0.742910190381307,0.1853594569577291,0.13483492749151496,0.1211366085820979,7.370657641801722,0.3708800720579095,4533000000.0,0.03308330996499001,0.29153486970929354,-0.27916414609550005,0.11701093949716018,132.52999877929688,-0.6763566293242376,13.146101319595335,17.438236472945892,13.354031466458464,10.63842765164351,54.5767969106432,False,11.32609884008951,3.5763966054390863,8.65296218691459,9.069172347249118,10.911811738266055,43.536441717958354,False,49.056619314300775
SHW,The Sherwin-Williams Company,Materials,78486134784.0,29.853186,23.771746,2.07,20.241032,0.99,0.0291,22.0,1.089,0.48847685827362847,0.16105250208913943,0.1089533941622869,0.01261601222095353,0.025578505637848387,0.021007379883363875,,0.018577214837289257,0.08335028140928813,,8.164946236559139,0.8801731119118391,0.9740885229286516,2.8146488919818196,0.5585759954765892,0.16853194142709588,3.6185607206859154,0.14019859817230018,2654000000.0,0.03381488981848853,0.03383345422769711,-0.10197209373607721,-0.02668998274409136,323.30999755859375,-0.2037115904480011,12.931480765172982,12.809038076152305,15.230965925412681,16.66372174081425,57.63520650755221,False,7.798595807922922,4.499733724930227,8.625537043763595,14.96248519932961,10.943707321289653,46.830059097236,False,52.23263280239411
SPG,"Simon Property Group, Inc.",Real Estate,77758283776.0,14.455187,31.15053,4.58,15.0821,4.35,0.0,18.0,1.312,0.818993307413538,0.49892269705185244,0.727096922698623,0.01290767375864718,0.010671940689745807,0.0634817964117913,,0.013298606509936493,0.29324015534354664,,3.257367657090687,0.5848450258072544,0.9217265911123234,5.603919383564747,0.8885126495026754,0.09395825394958833,1.8408117229571348,0.1839207250841295,3202205000.0,0.04118152876450646,0.14680576101362164,-0.09740381556018936,0.02060657978482868,204.8300018310547,1.1549724676685262,22.84929568701706,15.218947895791581,15.386064888954628,18.26001476497071,71.71432323673397,True,14.077572216812719,8.098970922308041,8.318926720566807,8.159473932301148,12.910817702480768,51.565761494469484,False,61.64004236560173
SWKS,"Skyworks Solutions, Inc.",Information Technology,13288367104.0,43.522167,17.802988,10.84,2.3171947,4.13,0.36380002,17.0,1.518,0.41158335168465093,0.12826347598424234,0.11673884851599012,0.06737153299569903,-0.1557033456363939,-0.09344825684967506,,0.10274480167778191,-0.27942857206650984,,19.343173431734318,0.5610819926194551,0.8605258041157496,0.20897674176234562,0.08287158465199493,0.08188370693363563,5.7046036357603205,0.01725995812507497,1075900000.0,0.08096555367409573,0.24722895103868459,0.0,0.33509386501536165,88.3499984741211,-0.5909443571594218,8.44729971165614,6.878637274549098,13.013216055732983,3.085848622742895,31.425001664681112,False,7.717282495430396,13.529112903225807,7.160629497063517,8.469980452780774,10.038940271414988,46.91594561991548,False,39.1704736422983
SJM,The J. M. Smucker Company,Consumer Staples,12940560384.0,56.607475,11.13056,2.17,2.330736,3.7,0.0432,16.0,0.263,0.3352705255830912,0.14838303373145212,-0.015324442873084444,0.02397797769986203,0.009952700288690774,0.0199866543809879,,-0.029708283864543,,,3.52308499475341,0.0,0.9576498481705396,1.278725783758433,-0.02501894007720336,0.0843767396732993,1.2996367074037225,-0.08726622180521793,1156200000.0,0.08934698078682525,0.03506833574561646,-0.07639527289335996,0.11657182312823154,121.13999938964844,-0.803372964436234,7.434990670382829,6.644509018036072,10.540067187949075,12.455432783075953,37.07499965944393,False,8.830002220741727,14.803419874083211,10.256925994098465,7.763605578690422,8.99958942000173,50.65354308761556,False,43.864271373529746
SW,Smurfit Westrock Plc,Materials,22669881344.0,45.020836,12.670734,0.26,1.2552278,4.19,0.048899997,16.0,0.931,0.1938163507489015,0.07133006190063824,0.02241893582218801,0.03188512957617378,-0.056658686341274564,0.3215380139788915,,-0.2685075751435228,-0.1223550080307424,,2.6476190476190475,0.5822345305051304,0.5505963854488122,0.7515141594368964,0.038140448518579145,0.05194304607331774,1.5014034869544892,0.5038337672672195,1200000000.0,0.05293366920588678,0.07030373007472979,-0.07846482271744058,0.02175664350446715,43.220001220703125,-0.7185584470266169,4.155662760343695,13.559799599198396,8.411895069253651,6.428922399186715,32.55627982798246,False,13.373750832778148,15.590864542091259,11.772500120397844,3.5828066905957794,13.542981242976921,57.86290342883995,False,45.209591628411204
SNA,Snap-on Incorporated,Industrials,19420432384.0,19.11609,17.595314,1.93,3.2142184,2.6,0.0763,9.0,0.712,0.517290199957332,0.2575008242664029,0.19722270708481215,0.005797040916019165,0.008208103564286251,0.02113673668415572,,0.009317985678960455,0.03707165449655081,,26.291089108910892,0.9418372141385885,0.9717698506430742,0.21779223844364273,0.1714319430864156,0.18500896035525954,7.753452406987909,0.09797931976697027,1005700000.0,0.05178566471200562,0.014739822734237117,-0.07953175481360777,0.0004256421702015428,375.44000244140625,-0.07955476250634944,18.272939666202877,7.78814629258517,14.500771897509992,18.512459456842716,59.07431731314075,False,8.591374980782042,14.205512916206919,10.599512564229187,17.099435474782204,11.31160860921428,61.807444545214636,False,60.440880929177695
SOLV,Solventum Corporation,Health Care,14886064128.0,10.716911,12.101595,1.22,3.0993054,0.0,0.0298,13.0,0.687,0.5346546546546547,0.07591591591591591,0.1869069069069069,0.06302715060974183,-0.13232516649490822,0.007931997022665449,,0.0016481264206922456,0.05029474685902713,,1.8213256484149856,0.594831567756771,0.9899170030105068,0.997029702970297,0.3081188118811881,0.06235211146421436,2.2609063440647676,-0.24516893126210026,-10000000.0,-0.000671769240950028,0.1342942942942943,-0.039644198409171494,0.12242013420652656,87.44999694824219,0.12920551453679144,10.351392342648085,6.546022044088177,10.282025445228985,3.0605726872246697,30.240012519189918,False,12.002793009788347,13.697988738884924,4.910783222662547,8.647789229535894,6.400942173048665,45.660296373920374,False,37.950154446555146
SO,The Southern Company,Utilities,100277141504.0,21.157766,17.701971,2.09,2.534159,3.46,0.0306,19.0,0.316,0.4846885256995906,0.24650627685852536,0.14688864074713226,0.0347670247255599,0.06309837358314027,0.003109733900695355,,0.0476093963218853,0.07086187224622553,,2.249845583693638,0.9017741949543188,0.9252404630057699,2.0567247889826743,0.1205297645490893,0.056046570579929435,0.9667785933440358,0.05804110486344305,-2935000000.0,-0.029268883775301117,0.43098839373329273,-0.08998252849950905,-0.04553343146980605,87.16999816894531,-0.16333458834926137,13.782804441174253,13.344809619238479,8.31680891213851,13.986669167836565,49.43109214038781,False,7.008994003997334,7.583420685402739,9.267903175646168,8.879805599617779,10.850008643789437,43.59013210845346,False,46.51061212442063
LUV,Southwest Airlines Co.,Industrials,19196530688.0,24.525002,8.205996,0.18,2.7106936,1.83,0.0761,23.0,1.12,0.1744289634037701,0.015251398638777038,0.015714642055375407,0.015672039155147022,-0.02745457263862281,0.056251281802036646,,-0.032247775309487005,-0.06470213835438399,,3.7876106194690267,0.9109270353167047,0.9283096580233134,0.7494048364866558,0.05525623355469239,0.03124163604953892,2.160437132915506,-0.0927356756136467,-831000000.0,-0.04328907204672503,0.09524997327441827,-0.23329839900606733,-0.0814306813550993,39.2400016784668,-0.6654028407418683,4.520453799282107,8.209078156312625,4.431980787494416,7.828236191121653,24.9897489342108,False,17.047378670629833,14.470775134679041,11.604117100166924,9.156514685252986,8.130067421557609,60.4088530122864,False,42.6993009732486
SWK,"Stanley Black & Decker, Inc.",Industrials,13476724736.0,21.819069,13.980492,1.39,1.5042561,3.77,0.0531,11.0,1.173,0.30325040977105694,0.08297202982075821,0.026562417384867552,0.01975860202457738,0.02903455268562244,-0.037097214175564996,,0.01100929869643294,-0.27679233153970095,,2.431532055006779,0.0,0.9489443636665529,0.6622931990369536,0.04438627879751728,0.08173518327151508,2.1054880948179764,-0.02309565472752806,687900000.0,0.05104355943120452,0.018723893618146248,-0.06592675158523571,0.0772615424767416,89.23999786376953,-0.35925350435437914,6.348070621779798,5.504418837675351,8.683268822578396,11.26763324780946,31.803391529843008,False,13.724286373187107,17.774451061205944,10.104036894796772,6.884821225383542,9.390029388884088,57.87762494345745,False,44.84050823665023
SBUX,Starbucks Corporation,Consumer Discretionary,112563601408.0,57.406975,31.634052,1.19,-14.665083,2.51,0.039,31.0,0.965,0.22771108314239305,0.09629844773614742,0.049924161745248004,0.02467830201822693,-0.04105531331413738,0.048597955054982656,,0.022293150029485283,-0.17295595503336958,,6.599336527828972,0.6944643287196958,0.9388865090024835,-3.2867499938245683,-0.22928142677173136,0.17336570133204388,2.691806986999148,,2442000000.0,0.021694401826649844,0.06200180720947494,-0.070682373046875,0.015398783573809667,98.73999786376953,-0.448951072583079,5.856802665348125,15.118176352705412,9.702907834259419,7.673300818124605,38.35118767043756,False,10.023753395172449,12.267847893814498,9.952900526893613,11.856738419508606,10.659045725646124,54.760285961035294,False,46.555736815736424
STT,State Street Corporation,Financials,53127319552.0,17.069725,12.630402,0.72,2.222784,1.9,0.0001,14.0,1.418,,,0.2108843537414966,,,0.04822150244182688,,-0.0005743744283496638,0.02013961808422904,,,0.8291074973157492,0.9277252963028264,1.0403361948205883,0.10577924643511367,,,0.03390302852509364,10843000000.0,0.20409461820085012,0.07554600787683495,0.0,0.24539624667159582,193.39999389648438,-0.26006997769442675,13.86317907444668,11.760390781563125,14.920699265523785,12.5,53.04426912153359,False,11.671979364184562,7.549433536704097,8.140144918190686,11.66425702811245,9.479146857982538,48.50496170517434,False,50.77461541335396
STLD,"Steel Dynamics, Inc.",Materials,34368643072.0,21.505829,12.379976,11.95,3.6558366,0.88,0.0335,14.0,1.515,0.13160797401887628,0.08796879897270009,0.06522651317098634,0.07117259833858991,-0.16109590111364913,-0.06533213396467008,,0.10303807828920988,-0.32544696455957123,,22.828433961994776,0.4711572215316866,0.8901589956436313,0.4701437349380642,0.1323624997236854,0.10256188349098079,5.8309925529701125,0.03281038069202857,501509000.0,0.01459205121800626,0.052156398389774185,-0.07617204791597715,0.11030290381278458,239.7899932861328,-0.4243432327114663,3.6343196706135212,11.509228456913828,9.669804159020218,4.440800939148957,29.254153225696527,False,11.251234219921757,9.143377198675926,6.1085742691442775,9.61928271457595,8.72592704641715,44.84839544873506,False,37.051274337215794
STE,STERIS plc,Health Care,20549122048.0,25.98767,17.208958,1.79,2.8513832,1.22,0.0251,8.0,0.914,0.4424771306794252,0.18630704695159958,0.13179130376185583,0.007656507411907592,0.011805375312414407,0.09377842934242775,,0.024832497557234795,0.9406889584103595,,18.219110378912685,0.3760667582503534,0.8884987715021979,0.29055069881396517,0.10890082966757615,0.09387501330209976,4.909165872455238,0.057335754756487,972400000.0,0.047320756464855465,0.08118398220994288,-0.20169981635884685,-0.07953845904611095,210.75999450683594,-0.3378029657910848,14.247052105834445,13.008046092184369,11.74216554608014,15.803910296751706,54.801174040850654,False,10.43350586788295,10.20904345427403,13.811259834871297,8.989046073321164,9.643508514132597,53.086363744482036,False,53.94376889266634
SYK,Stryker Corporation,Health Care,105697386496.0,28.004065,16.458664,1.17,4.406281,1.28,0.0208,25.0,0.768,0.6396321070234113,0.2014253862079949,0.12924032489249881,0.016791615357111937,0.03279836035293501,0.10830480093614558,,0.009270693262870694,0.11241859089717776,,8.334431630971993,0.8631503108717156,0.8681481694872623,0.7073595004460304,0.1447814451382694,0.10616048205913624,4.146243853487206,0.10501890529771063,4283000000.0,0.040521342504169534,0.09491957318044275,-0.2849759223636786,-0.1621105044064049,275.55999755859375,-0.41227589637433,15.679279374687283,17.17261523046092,12.629470400226591,15.65175848380694,61.13312348918174,False,12.290148448043183,4.262022295060685,14.078182849633297,10.535878371832787,10.626004840522086,51.79223680509204,False,56.46268014713689
SMCI,"Super Micro Computer, Inc.",Information Technology,25939607552.0,11.457143,7.5292153,0.91,2.5690305,0.0,0.1848,16.0,1.996,0.10821604097086886,0.07092340305442439,0.05709876069142744,0.021029912452511193,-0.03592630892631761,0.7634291720222148,0.7634291720222148,0.3120002799588643,0.5161359760509889,0.5161359760509889,14.23872665412645,0.4647197617265745,0.3452459020394375,0.6050583267930305,0.1540426391827536,0.14109788924738884,3.7280042571321808,0.9436349712596839,-6971885000.0,-0.2687737270513352,0.023890363768625262,-0.22825251769289806,0.24480035970461614,40.099998474121094,-0.3428365780194941,5.000219047324046,17.46447895791583,9.584546861029017,6.358371254296364,38.40761612056526,False,16.360033481952204,13.729194521970534,7.470682366001281,8.028071892645126,17.117938220479495,62.70592048304864,False,50.55676830180695
SYF,Synchrony Financial,Financials,24724930560.0,7.7382894,7.2391143,0.96,1.6267419,1.79,0.0729,23.0,1.308,,,0.23710032708096923,,,0.0866934224036191,0.0866934224036191,-0.10984674363041368,0.05604041710790364,0.05604041710790364,,0.8021468684077049,0.8855783962837457,0.9055230824287248,0.21185733031134438,,,0.09206854319457691,9851000000.0,0.3984237681110802,0.0,-0.07779301287652357,0.02539800834069554,75.98999786376953,-0.06450716355994653,14.104627766599599,8.779498997995992,14.980344786691093,12.5,50.364471551286684,False,10.798869129981723,9.290412961640813,13.00478068410463,10.183092369477912,11.84636450074258,55.12351964594766,False,52.743995598617175
SNPS,"Synopsys, Inc.",Information Technology,76152569856.0,69.47203,22.673883,2.11,2.4441068,0.0,0.0273,26.0,1.227,0.7698457566565516,0.1297000160755796,0.18885545558958108,0.05715228390593582,-0.12160129938720685,0.15186745455184925,0.15186745455184925,-0.0009591472598807216,0.10604531738584089,0.10604531738584089,2.048058218741116,0.6145276614779689,0.8181452037298428,0.5045756432189353,0.047029042557149736,0.02210142440098557,2.924974236733358,0.7253176649020021,1349154000.0,0.017716460554793756,0.37549265130536824,-0.17658516399277419,-0.09177343373605822,397.3800048828125,-0.6736257311035823,13.589405215392386,14.938186372745491,6.382575334418647,3.665688386503365,38.57585530905989,False,8.58226139838398,11.615209158174856,12.013525012141814,3.692759056390598,14.203511343009136,50.10726596810039,False,44.34156063858014
SYY,Sysco Corporation,Consumer Staples,39865577472.0,22.734972,15.277981,1.53,14.936276,2.64,0.028900001,13.0,0.627,0.18496091209064136,0.03660426004990953,0.02077986588293733,0.0018118122390710708,-0.0032123138118657774,0.03471497882956953,0.03471497882956953,0.007079662559401817,-0.00245422923646077,-0.00245422923646077,4.316596931659693,0.9505168524771002,0.9561618189502945,5.614028507126782,0.659039759939985,0.150769362743005,5.055869996179384,0.09890479762893367,1938000000.0,0.04861336829652535,0.008278831029058697,-0.07423235734381571,0.043909011380880436,83.20999908447266,-0.3279964892853177,6.815858753758854,11.279248496993986,15.406318896022754,12.835425037517547,46.33685118429314,False,11.38804899297904,7.532294573894983,7.856355496059519,14.007280317697347,9.46807416371337,50.252053544344264,False,48.2944523643187
TMUS,"T-Mobile US, Inc.",Communication Services,195580215296.0,19.092146,12.628008,0.63,3.4830368,2.24,0.0358,24.0,0.331,0.6288713494660794,0.2101371321156394,0.12447202436897711,0.053871511900453646,0.10825327995844644,0.03534093085617829,,0.04870005779232084,0.6190452439552545,,4.917064122946476,0.5132060982448461,0.9463962005082367,2.065250071786903,0.1856662669121497,0.08121275196906953,1.5425955119201222,-0.052756295400801734,15427000000.0,0.07887812157611175,0.14180887565253825,-0.15068718747405688,-0.03901713731120717,182.3300018310547,-0.3385757682766516,13.650179935146141,15.848406813627253,14.58708996347985,13.899350099239962,57.985026811493206,False,13.371329370163483,10.086247809437268,13.554783010435841,8.799046952157967,8.584968450168555,54.39637559236311,False,56.19070120192816
TROW,"T. Rowe Price Group, Inc.",Financials,22673342464.0,10.671687,10.302044,2.56,2.0607224,4.89,0.1427,12.0,1.48,0.5127002788866408,0.33868321758626346,0.2853256411658555,0.028804188168437096,-0.04600329989108071,0.04077043516925727,,-0.06681247295169951,0.10238821108840179,,,0.8617612834171109,0.9369760929384657,0.04117825802708999,0.19218055082365723,0.23994789186931306,8.41157406100909,0.07103100026009779,1479200000.0,0.0652396091290301,0.03748564554054793,-0.06508928988450617,0.030197586489566285,106.29000091552734,-0.03463772878646084,17.330061158583963,6.630470941883766,17.07192288672558,10.945805296025558,51.97826028321887,False,6.696100035873519,12.83125219056273,10.943110900698308,14.055148487519926,11.45574379808108,55.98135541273556,False,53.97980784797721
TTWO,"Take-Two Interactive Software, Inc.",Communication Services,40288677888.0,,20.935333,2.89,11.378254,0.0,0.045700002,29.0,0.966,0.5723363980530016,-0.016315125292951146,-0.04479899044528574,0.09379578215528367,0.1987543152573395,0.07555159639473397,,0.12846545457541658,,,-0.6732796032238065,0.16471385891132184,0.8920179596171262,0.8426044603947705,-0.0849354866273605,-0.01742470093628775,3.793455015289935,-0.2704697340997728,461500000.0,0.011454831088846873,0.18589628027161828,-0.15953502623342822,-0.04290853111967451,215.47000122070312,,5.812306592414969,15.995811623246492,4.645543371723839,8.137913298155588,34.59157488554089,False,7.929149797570851,4.655907055234633,9.127073907950749,3.15461777509527,6.3574639121790995,31.224212448030602,False,32.907893666785746
TPR,"Tapestry, Inc.",Consumer Discretionary,23625920512.0,15.94751,13.357156,1.63,34.305153,1.56,0.0881,20.0,1.432,0.7782164363709053,0.2391744334224532,0.19086229729392068,0.03185616588958824,0.063162182825687,0.06315113223633251,,0.09082156005198933,0.1773910855686487,,34.68115942028985,0.3633088708731177,0.9106984017320121,5.711602369599769,2.2073399797717093,0.42825688266414985,4.054026821749417,-0.32771861381796696,1812500000.0,0.07671658757504923,0.020739111966217735,-0.2307287172132532,-0.13771496301007788,118.48999786376953,-0.1624299969086083,17.13655869773873,14.223767535070142,20.235768584824555,15.907936776879506,67.50403159451294,True,9.5772476468679,7.457748750567923,13.68617596042788,13.045758132253598,7.650834125680699,51.41776461579799,False,59.460898105155465
TRGP,Targa Resources Corp.,Energy,62238605312.0,27.935514,24.028133,1.25,19.87061,1.72,0.0293,21.0,0.722,0.2939342153943729,0.19562727929388135,0.11292965240217755,0.04833090858494595,0.11301779425341274,-0.06645468273311061,,0.019483937368236025,0.17168238620628862,,3.9061913696060038,0.7744618327104061,0.8718128818870188,5.7113986766191855,0.6268131295022654,0.1283563641645879,2.879078796602796,0.04795662887964314,584100000.0,0.009384850400678593,0.19575060340726907,-0.011578389127033045,0.16257408017533903,290.25,-0.13987145538113244,9.106182581148675,8.532049098196392,14.53354371934136,13.367224185506121,45.53899958419255,False,7.073890910333281,8.832213441941974,2.269405675431901,9.23061975243495,9.726445673783386,37.13257545392549,False,41.335787519059025
TGT,Target Corporation,Consumer Staples,70792241152.0,16.148188,16.330616,1.96,3.9674618,2.98,0.0349,34.0,0.986,0.2793376598587517,0.048835655659477,0.03535980148883375,0.008277056248889211,0.013571726040708672,-0.013437328806924498,,-0.008883351893155892,0.1004774271762201,,11.498876404494382,0.8288351813502702,0.9831233520908905,1.2551809464893289,0.2291988864831426,0.128427888775731,3.2248903953190453,0.1290318790413525,2835000000.0,0.04004676153581425,0.03556976522237068,-0.03138987380959065,0.2249210151903952,155.8300018310547,0.011297118908944956,7.176197472852325,9.458326653306612,13.555017409529855,13.020168707944038,43.20971024363283,False,7.6237294794923045,4.9897971701174795,5.726949771652226,14.41564216395925,11.971583542224911,44.72770212744617,False,43.9687061855395
TEL,TE Connectivity plc,Information Technology,61455826944.0,20.034027,16.42328,0.88,4.6395974,1.52,0.0375,19.0,1.158,0.3521608156644653,0.19603753910323254,0.10670837678136948,0.0123867724498718,0.01533610798720772,0.019694347779123156,,0.10121629357117545,-0.08796050001140376,,43.94805194805195,0.7336933020480886,0.9614717096284254,0.46245530393325385,0.1463647199046484,0.11350083532610476,5.019248997992608,0.05224373576778718,3203000000.0,0.05211873567202422,0.10224771173676284,-0.13256647966269347,-0.0033639936237157136,211.9600067138672,-0.1802307144739298,12.113303211635957,11.428507014028057,14.072181906482617,13.867429926901293,51.48142205904793,False,13.545294589931498,10.531951872525475,11.330620346827416,13.73229975980545,9.70306422335552,58.843230792445354,False,55.16232642574664
TDY,Teledyne Technologies Incorporated,Information Technology,27973068800.0,28.820522,22.591925,1.4,2.5634286,0.0,0.023699999,12.0,0.908,0.4275762828269614,0.18801713706380613,0.14631912875690878,0.004044835489029151,0.009876221810810853,0.03859891847624208,,0.0724318861112402,0.04301303066858253,,19.29194630872483,0.9391675738273865,0.9511404504927734,0.2512959035181997,0.0851063829787234,0.07349148361525377,4.914729053623413,0.08774752664320795,1074000000.0,0.03839407137196188,0.07106648788304935,-0.11350756178207966,-0.029593270772076564,603.7899780273438,-0.2161167309877316,14.963342993057124,10.189839679358718,9.05382609909377,15.262398944667666,49.46940771617728,False,11.2632860144519,11.280608327383659,11.376242166997931,13.729734294818742,9.194420433918232,56.84429123757047,False,53.15684947687387
TER,"Teradyne, Inc.",Information Technology,59365711872.0,50.764706,32.587082,0.7,17.28593,0.14,0.0519,15.0,1.778,0.582235431457569,0.21586201232341826,0.17368113844911512,0.03477167104571238,-0.05327012366830294,0.003681989032964239,,0.0776128417341821,-0.08171225703081175,,100.58501314636284,0.8040423186843437,0.9147484437482756,0.10131048819780868,0.1981745877316729,0.21722202861154774,27.436800029081212,0.044803007386092775,450406000.0,0.00758697210556714,0.22840110293841048,-0.2148936222570621,0.13413184149523424,379.7200012207031,-0.3580760223451308,14.702125136336292,10.03122244488978,14.609287259128696,7.58273224572784,46.9253670860826,False,10.89618032422829,8.761014473940417,6.395178633668134,14.41149060682797,8.56804823234506,49.03191227100987,False,47.97863967854624
TSLA,"Tesla, Inc.",Consumer Discretionary,1443322658816.0,332.21817,169.29648,4.4,16.614685,0.0,0.021,39.0,1.845,0.18026511436616155,0.05113522519957396,0.04000970187815706,0.050771630161951714,-0.11866173534644749,0.051943257367141005,,-0.0387827750383999,-0.32943989733298273,,14.346153846153847,0.4708061148806634,0.9182353484174908,0.17920060386914546,0.04619111971462313,0.044081781382028985,17.30265566881734,0.22479710363450578,6220000000.0,0.0043095006941153745,0.15752897381547448,-0.19957945418880765,-0.07178290453351535,365.44000244140625,-0.4904057174235834,3.379812828606736,13.862965931863727,5.761101075688347,3.6952304303625887,26.699110266521398,False,6.254847195886502,1.9321732004932821,9.55370927389897,8.04065340847776,10.61833347739649,36.399716556153,False,31.5494134113372
TXN,Texas Instruments Incorporated,Information Technology,245389656064.0,40.83587,25.242254,0.93,13.623689,2.11,0.026099999,31.0,1.314,0.5702409229725144,0.34724578667571543,0.2828299966067187,0.08279776260742211,-0.1718774408058104,-0.040677564911326236,,0.23768827727656155,-0.17008653159691034,,11.30755064456722,0.708902481530354,0.8985575925417206,0.8632704479813188,0.3073188717507528,0.19846500242764004,11.630184635394514,0.03736874007529534,2603000000.0,0.010607619089376418,0.37512724804886327,-0.11647546364466684,0.08768517475916635,268.70001220703125,-0.38186075134434505,16.65498572983458,14.786072144288575,15.659289622158907,8.538286053153893,55.63863354943595,False,11.518910469943114,3.1704233465307974,5.9020863028066985,11.89771067541131,9.673459244532804,42.162590039224725,False,48.90061179433034
TPL,Texas Pacific Land Corporation,Energy,25458554880.0,46.72152,5.0478663,7.33,16.362267,0.65,0.098000005,2.0,0.618,0.8545947706686378,0.741879752941029,0.6030844786329069,0.043699266355967804,-0.10062618782807953,0.061455817167499704,0.061455817167499704,0.013339573921588035,0.025492306019865296,0.025492306019865296,858.204347826087,0.9299326331364214,0.8977127119821975,0.011087067235951297,0.3299566044991216,0.35109080247541224,96.22232502831461,0.23586358316091594,32135000.0,0.001262247607983631,0.6436750648341873,-0.29298279519053805,-0.08723622159519494,369.1000061035156,-0.8919584315750001,20.90699763066835,9.908737474949898,17.228372590434596,11.428486711526357,59.47259440757921,False,7.737158133893644,10.915005841500616,10.526802747519602,16.247734308057357,10.888343457044293,56.31504448801551,False,57.893819447797355
TXT,Textron Inc.,Industrials,14085007360.0,15.254237,11.15237,0.93,1.7291805,0.1,0.051,15.0,0.898,0.18210689911480504,0.06763970538549902,0.06223393472531928,0.00602319209845997,-0.0009747945756479331,0.04768129392975795,,0.07867272054421831,0.022709192525066646,,7.944444444444445,0.9458203569403689,0.9424422928050532,0.49244444444444446,0.11695238095238095,0.08353178305675138,2.596316204285515,0.03450497745697745,929000000.0,0.06595665705069252,0.061085208460031085,-0.17835319159540378,-0.08714842244550546,81.0,-0.26890017507922553,7.4140449475581685,11.591503006012024,12.278363317399897,12.299795468848332,43.583706739818425,False,14.67924802268573,16.64089374959434,15.402508421727116,12.62095848731574,8.29419137349814,67.63780005482107,False,55.61075339731975
TMO,Thermo Fisher Scientific Inc.,Health Care,225479294976.0,32.47178,22.150167,1.8,4.2802496,0.31,0.0154,27.0,0.854,0.4093408443117804,0.18201404941984425,0.15045896267702044,0.007676853576791048,-0.007388154743575542,-0.0026639607700198464,-0.0026639607700198464,0.03862004026747411,-0.011940570899975023,-0.011940570899975023,5.715292459478506,0.9355221026370757,0.9751521540471848,0.7374501469844776,0.12552661636115117,0.09046263222838728,3.9438955729875826,0.06689309113183173,6293000000.0,0.027909436210849545,0.0655789213816011,-0.011797064575811088,0.12100365939084366,609.8200073242188,-0.3178640961474857,14.013057408538252,13.688787575150299,10.176727876070725,14.2484145810137,52.12698744077297,False,8.565844992227403,3.4117253521126756,4.835620652923628,13.387918087580399,6.068183389779898,36.269292474624,False,44.19813995769849
TJX,"The TJX Companies, Inc.",Consumer Discretionary,139214848000.0,23.42379,21.827238,2.46,13.386446,1.52,0.0198,20.0,0.593,0.30963029218843174,0.11889617703571193,0.09100245146756775,0.009059646214595844,0.021571601579127492,0.06530493123671799,,0.03165888993279156,0.16240182545565118,,97.0,0.8175103259808042,0.921224684896732,1.3237487733071638,0.5391560353287537,0.3096408156419227,6.065002052458268,0.16989801567378437,4917000000.0,0.03531950844783453,0.032415689392433576,-0.21544179645983735,-0.15859920841958838,126.0199966430664,-0.06815942253580651,9.598973720375191,16.806102204408816,17.154652281918246,14.856017330686932,58.415745537389185,False,4.4599326944430215,4.607587784773154,12.021334595810153,15.414155264158055,11.594368571181608,48.09737891036599,False,53.25656222387759
TKO,"TKO Group Holdings, Inc.",Communication Services,36019916800.0,67.01057,40.523735,1.6,4.165335,1.66,0.1121,19.0,0.643,0.5980797655660822,0.17634390117654114,0.04126647703526244,0.20073514587324925,-0.30112698634936563,0.6074013472470561,,-0.5451138416931061,-0.20389456625848734,,4.118974566405556,0.24066425091308297,0.5022042808465961,1.0871342793255492,0.052283403806034225,0.10524269175688461,3.9034881097270544,0.872864719050618,1158772000.0,0.032170313064132344,0.026810760628330543,-0.143158187906659,-0.037428839737626333,190.30999755859375,-0.3952635382746334,9.835310936117207,12.73501002004008,8.53907139876735,4.341143438059737,35.450535792984375,False,8.356616956217222,9.508209417797106,10.863643459132074,5.092054655973232,12.565130953409973,46.38565544252961,False,40.91809561775699
TTD,"The Trade Desk, Inc.",Communication Services,6738081792.0,17.07143,14.22859,1.0,2.6158338,0.0,0.24120001,30.0,1.005,0.7862547319254604,0.20347486641503387,0.1530595756493493,0.06113000824234748,0.1314414273434181,0.2244193656887754,,-0.07160300337708111,1.0250113775885277,,,0.3154098504447975,0.7401072959561583,0.1756285544425173,0.178435681018004,0.175279943652753,2.143314735682791,0.05506688031589202,782958000.0,0.11619894565981546,0.253740309997224,-0.7147971260792376,-0.36019273880043373,14.34000015258789,-0.16652617853337412,15.105280623126841,10.785701402805612,18.768926525429396,13.406871762598636,58.066780313960486,False,10.612267035651445,11.798730447199324,18.013323592671647,7.765652231987818,8.520507390439969,56.710480697950196,False,57.38863050595534
TSCO,Tractor Supply Company,Consumer Discretionary,17199534080.0,17.192707,16.091764,1.58,6.569154,2.91,0.0952,27.0,0.469,0.3642418993089817,0.09452361839175173,0.0706057557417699,0.0032162409771035023,-0.006495148824800345,0.030047957019021077,,0.020557148771489914,0.0022529403223729982,,21.222217401365267,0.9928473698757783,0.9620584410298562,2.3022938504075285,0.4246271151705754,0.13808862044610445,4.159097560646089,0.08117924443464553,740489000.0,0.043052852278193804,0.05763768027999917,-0.38558220339909705,-0.1544544770653391,33.0099983215332,-0.06403546573555854,10.337339102422284,9.430170340681363,15.580828450281627,13.714467250810861,49.06280514419614,False,7.886528639026973,7.044542253521127,14.13852768538207,16.200925250854972,11.126545077361916,56.39706890614706,False,52.7299370251716
TT,Trane Technologies plc,Industrials,97364656128.0,32.77926,25.24727,1.55,11.305503,0.95,0.0136,21.0,1.197,0.3616094250512384,0.18607159774691748,0.13688273559110586,0.015152974301548994,0.034811881769254066,0.10063610722538807,0.10063610722538807,-0.047432422122184834,0.18442838835203723,0.18442838835203723,17.500661667401854,0.7736521817323799,0.8744479193387207,0.5379406005221932,0.34019488996643044,0.2804724969276275,6.92341009579802,0.12109680871512296,2811500000.0,0.028875981406475407,0.017962751912353025,-0.09738761770130526,-0.00495311938332361,442.5199890136719,-0.22977913473336495,12.229542865941632,14.467655310621245,15.31954706205887,15.752771457617271,57.76951669623902,False,8.438049847110472,3.9636420133705457,8.147966680406984,13.037901228402982,13.878563795095042,47.466123564386024,False,52.61782013031252
TDG,TransDigm Group Incorporated,Industrials,63782182912.0,34.597088,23.555399,3.05,-6.7886696,0.0,0.0217,19.0,0.893,0.6014041444909977,0.4743517155475031,0.23485448986524743,0.027445867604531427,0.06635760981900801,0.17606144961795578,,-0.09355406627917429,0.3379204337844386,,2.6647582697201018,0.6491926900956682,0.791985140118158,-3.1003510220937436,-0.2141234771835639,0.18845080176748397,1.7698196033628464,,1816000000.0,0.028471901040225095,0.02513871588721549,-0.20119932535276688,-0.09035798457900115,1140.3199462890625,-0.3191508198609085,18.72557311624964,14.339498997995992,9.661547653487428,18.125822965580674,60.852442733313744,False,7.143963853157724,13.272716460050626,14.185178543879914,7.932119031631376,8.792246520874752,51.32622440959439,False,56.08933357145406
TRV,"The Travelers Companies, Inc.",Financials,78257348608.0,9.881485,12.420288,2.36,2.3630478,1.33,0.0309,24.0,0.451,,,0.12877856967313836,,,0.09790109129310776,0.09790109129310776,-0.0704881887095691,0.30305521841135574,0.30305521841135574,,0.611877746017506,0.8772695650392208,0.2817231105976774,0.19115948197239618,,,0.15121377400053726,10606000000.0,0.13552720848142538,0.0,0.0,0.1734852802621692,375.20001220703125,0.256925249595582,12.505030181086518,13.296633266533068,14.37381915363476,12.5,52.675482601254345,False,10.18105878132527,6.2387427792561825,8.023041257688119,8.778112449799197,15.515400482480612,48.73635575054938,False,50.70591917590186
TRMB,Trimble Inc.,Information Technology,13445149696.0,,13.983605,1.35,2.3699136,0.0,0.0624,11.0,1.362,0.6907423410364341,0.17040671256934184,0.11819474256404539,0.019255138126963143,0.023220683137576192,-0.008135718177214146,,0.004315229518892027,-0.0194246092372794,,8.216397849462366,0.17015372194911949,0.9764847442696418,0.2385456290051746,0.07265001199410576,0.07294862323092878,3.4389157759934226,0.12949565773156646,360900000.0,0.026842393588772728,0.18286733755191928,-0.2918201775469406,-0.08058807359121181,57.65999984741211,,14.433939333832646,5.024899799599198,8.821400417663323,12.038897226121895,40.31913677721706,False,10.607287449392713,14.17632228857013,13.556292138224888,9.600641949963784,9.911811738266055,57.852355564417564,False,49.085746170817316
TFC,Truist Financial Corporation,Financials,61569966080.0,11.586207,10.13377,1.15,1.0491694,4.13,0.021,18.0,0.862,,,0.26118411339140707,,,0.005741435027416086,,0.8671051314859575,-0.053563273387542076,,,0.12891387624153094,0.8142866130465358,0.9864394299651782,0.08140944024298578,,,0.02511554521115089,,,,-0.01814258243122049,0.028958665302858445,50.400001525878906,-0.12535914471405524,14.295774647887324,14.159438877755512,11.000504032258064,12.5,51.9557175579009,False,10.350304924921847,8.380640942428766,9.359460764587524,6.733333333333333,10.245462010545424,45.069201975816895,False,48.512459766858896
TYL,"Tyler Technologies, Inc.",Information Technology,13787402240.0,44.240475,21.930685,1.57,4.537087,0.0,0.1089,22.0,0.835,0.46464066131010057,0.15335499969987224,0.13531603454041863,0.019782789299336176,0.03755749845136126,0.08024951917670409,0.08024951917670409,-0.0043271219321729115,0.24323738774077075,0.24323738774077075,71.6068068068068,0.6704488287792234,0.8971583945725002,0.1735470209077536,0.0852338602064552,0.08684973563255148,5.4783103114776655,0.12158859732708382,620750000.0,0.04502298469243761,0.10177804265244347,-0.2930961942544474,-0.03412837130868957,336.6700134277344,-0.5042845945935255,12.096441788925818,9.283386773547093,10.915688861662154,11.947094205354114,44.242611629489176,False,10.123387826918806,11.34554861426624,13.2479900416699,10.651226936813682,12.92149553273246,58.28964895240109,False,51.26613029094513
TSN,"Tyson Foods, Inc.",Consumer Staples,18638444544.0,32.703705,12.691736,1.04,1.0309398,3.85,0.031400003,12.0,0.371,0.06542862915817123,0.02646902150952407,0.008706673279329917,0.03262429274963151,-0.05629814188524339,0.00719878201118096,0.00719878201118096,0.013141044106507762,-0.4729718260412674,-0.4729718260412674,3.2093541202672604,0.0,0.9874526955127907,0.48824993088194635,0.02620956593862317,0.03698700126272406,3.029105674522163,-0.02814218168644178,1177000000.0,0.06314904643579253,0.0179644018295035,-0.17025231139018454,-0.10544534331386532,52.97999954223633,-0.6119174876363397,2.6302072908820837,8.497284569138277,7.2249534620877105,4.99442682867793,23.346872150786,False,12.261167768496215,11.79137291490881,15.875447835083524,6.768393647174235,5.020048090901232,51.71643025656402,False,37.53165120367501
USB,U.S. Bancorp,Financials,97907957760.0,12.443563,10.861017,1.87,1.6149675,3.44,0.0,21.0,0.971,,,0.2652417659425368,,,0.05675735260226378,0.05675735260226378,0.06828572647008052,0.09127276497923531,0.09127276497923531,,0.8519004160723862,0.9277277228458175,1.0493918058687282,0.11611676100194807,,,0.08694943307316438,7970000000.0,0.08140298482720594,0.0,-0.00269795545903414,0.1004550689778113,62.84000015258789,-0.12717788305487737,14.3158953722334,16.69723446893788,12.302762873781328,12.5,55.815892714952604,False,8.122115171082525,5.790503180372558,9.191086510952125,11.905180722891567,11.947404112872173,46.95628969817095,False,51.38609120656177
UBER,"Uber Technologies, Inc.",Industrials,146390286336.0,15.926666,16.267635,6.03,5.3525014,0.0,0.0229,47.0,1.159,0.39754311090604993,0.10698425514735567,0.19326374070015573,0.06970969691339164,0.16445515893378476,0.17730580736694201,,0.0031602040415854016,,,12.647727272727273,0.0,0.7893324646392703,0.44672904108575867,0.3717687955327096,0.30406397017008735,3.5714799300342426,0.5444560801843263,9763000000.0,0.06669158346744147,0.07186112232539363,-0.2573057184565253,-0.03664178823916062,71.66999816894531,0.021408686538664,9.120056874877955,18.47947895791583,19.63781709716374,10.717045069467975,57.954397999425495,False,6.891798629973179,4.317977704939314,13.909876035115358,9.08067724617135,11.150942173048666,45.35127178924786,False,51.65283489433668
UDR,"UDR, Inc.",Real Estate,13012508672.0,22.227846,62.714283,8.17,3.8965938,4.93,0.0398,21.0,0.685,0.27105203066955474,0.18826829377971485,0.22058065183023937,0.013942336253293363,0.03336176373396513,0.041108595032072204,,-0.003035013674776408,0.6318138955883301,,1.639592307966168,0.24558729264064005,0.9485054042847839,1.825878480578459,0.1148573406048177,0.03462380865019579,0.9145488564017445,-0.0707399032537529,613946000.0,0.04718121735596412,0.16874270359985913,-0.11369753398641103,-0.03580991516999151,35.119998931884766,1.8214287160348333,12.612808659168584,9.674068136272545,9.82646530904808,12.65757370382921,44.77091580831842,False,12.938092553682159,7.077766761861492,11.473274241799682,5.781527554196536,9.351089117469101,46.62175022900897,False,45.696333018663694
ULTA,"Ulta Beauty, Inc.",Consumer Discretionary,23378931712.0,19.49305,17.059038,1.95,8.6141,0.0,0.0525,25.0,0.854,,0.12497663969943887,0.09307639423472623,0.015597539972108962,-0.03657481995508702,0.06676379680111233,,0.08924835152265159,-0.024452356138569442,,,0.9520285142502141,0.9208152970549279,0.7783481858609264,0.41144967399109167,0.2566489097382314,6.349083528279393,0.1267466086713429,1067951000.0,0.045680059857133644,0.03508717144281931,-0.20153616898429258,-0.015500797000413272,546.780029296875,-0.12486563159690245,10.72025579433906,14.354088176352706,17.456885693210417,10.389450307401848,52.920679971304025,False,6.918319410990964,6.227052476147206,11.389710041180141,14.632041603219974,9.8574639121791,49.02458744371739,False,50.97263370751071
UNP,Union Pacific Corporation,Industrials,168955068416.0,23.140764,20.091883,2.83,8.69512,2.0,0.0519,24.0,0.966,0.45777233782129745,0.40171358629130965,0.2912280701754386,0.011944791744286982,0.003040219457138782,-0.004915242301498868,,0.005290246855903055,0.006624589874804743,,7.521772345301757,0.9511503296049971,0.9863618812741627,1.7773325391238426,0.3865273190014621,0.15328045760525547,4.21506799460185,0.14934889021214715,5499000000.0,0.032547114753967606,0.15467156262749898,-0.05411254466571698,0.0785070822306738,284.3999938964844,-0.13175368799405246,19.018044412566248,11.525180360721443,15.935390920730146,18.059592389988865,64.5382080840067,False,7.543389876834247,6.571982215875901,5.880916231669938,15.60382026864592,11.78090154723831,47.381010140264316,False,55.95960911213551
UAL,"United Airlines Holdings, Inc.",Industrials,35644248064.0,10.273153,7.443698,6.5,2.134873,0.0,0.0541,23.0,1.272,0.2877941425427459,0.08417132216014897,0.05676316234975453,0.018361186951488685,0.029071778171716092,0.09529134601036815,,-0.027117753204340463,0.6569981435775629,,4.260497000856898,0.5161013823106315,0.8838965360776729,2.0308860096845964,0.21940845439078654,0.09588868353225155,1.3977914974259575,0.30374997821235916,2557000000.0,0.07173667951723522,0.09944134078212291,-0.19244065549843187,0.005272588722806079,109.81999969482422,-0.275422258385522,6.815285322106873,11.70822645290581,15.243944172894452,11.611082199738586,45.37853814764573,False,10.852226720647772,14.082726844940613,13.91471872206872,7.287484757216051,10.824855216526926,56.96201226140008,False,51.17027520452291
UPS,"United Parcel Service, Inc.",Industrials,85316378624.0,18.57037,12.41873,1.41,5.6639366,6.54,0.033800002,26.0,1.038,0.18080102863716854,0.08873123470296974,0.06284612174462277,0.018852576726235082,-0.041767678968819597,-0.04040260188163358,-0.04040260188163358,-0.027683517182436862,-0.21566527293502435,-0.21566527293502435,7.735496558505408,0.6207516175815222,0.9442126371054727,1.7618783508966538,0.3433783200838109,0.15717384479264776,2.9252974261103644,-0.06396214983768311,4765000000.0,0.05585094066169819,0.0415628066455375,-0.10662107300084214,-0.023391504319686462,100.27999877929688,-0.3312610357251902,5.951116634786969,8.16571142284569,16.602381711386634,7.943711574768843,38.662921343788135,False,13.807786262150017,10.169072337249304,11.380583933622015,11.654926377689346,4.838431466536748,51.850800377247424,False,45.256860860517776
URI,"United Rentals, Inc.",Industrials,61565288448.0,23.811266,17.262035,1.34,6.6846886,0.8,0.026300002,21.0,1.787,0.38163861109385677,0.24684763028759552,0.15491645443816385,0.012961088400174814,-0.03076789969007157,0.11409895911958845,0.11409895911958845,-0.021544467024916816,0.05815214421988113,0.05815214421988113,5.550279329608938,0.9142321046935571,0.864302838866531,1.7473238180196253,0.278099910793934,0.12280036122636465,3.4887548831021915,0.08290234820155606,662000000.0,0.010752812448188986,0.28125970557177465,-0.1253989358257324,0.060143522272438604,989.1199951171875,-0.27504757621875286,14.600891022243708,14.590150300601202,13.60149461388703,14.396566539187683,57.18910247591962,False,12.256051521208084,6.065372395664308,7.105837948584,10.616754246117468,11.798734470646476,47.84275058222033,False,52.51592652906997
UNH,UnitedHealth Group Incorporated,Health Care,340269203456.0,24.394466,16.89698,1.07,3.4848917,2.45,0.019,26.0,0.622,0.1852616479767275,0.04237130977038075,0.026936749134766416,0.02162560683036404,-0.045347176665413706,0.11352161443193465,,0.04102978003079567,-0.15694012266517732,,4.738630684657672,0.7205497956855567,0.8659772215903367,0.832950802252683,0.12810540856444586,0.11155625129499316,2.965229926182534,0.06562443066082735,16075000000.0,0.047242006730940166,0.00809264311265129,-0.08791475137899243,0.07933127972266915,379.0899963378906,-0.3073437229574938,4.535924434962947,20.12117234468938,11.273599846114685,6.314965871133273,42.24566249690029,False,12.43327525239584,8.224686019341858,8.921212141000158,8.393799133224565,10.554002074509466,48.52697462047189,False,45.386318558686085
UHS,"Universal Health Services, Inc.",Health Care,10303870976.0,7.138832,7.279103,1.19,1.3713232,0.46,0.0623,17.0,1.061,0.9044615411991676,0.11483067296545219,0.08573628913938629,0.01901520829209132,0.03993498757128813,0.09025656499826118,0.09025656499826118,-0.011145360175123034,0.3013074685543995,0.3013074685543995,13.096376521276525,0.6176862147437074,0.8851529218673972,0.7100949284971313,0.2046232217743443,0.12417761973677818,3.06499914934047,0.0711212240109298,824550000.0,0.08002332345975215,0.05988236336793181,-0.2792701729683548,-0.016144824357304,174.8300018310547,0.019649012611586917,13.584999419966293,10.003747494989982,15.796348956015791,12.406266640848138,51.7913625118202,False,11.072276601923503,11.91319741026806,16.012620306014583,10.080865982842804,13.178849040146474,62.25780934119542,False,57.02458592650781
VLO,Valero Energy Corporation,Energy,112412639232.0,16.0799,11.63481,4.08,4.496372,1.25,0.0399,19.0,0.568,0.04376176775045441,0.035146348023833006,0.019138131994424837,0.03118350153058966,-0.054153641204153814,-0.11397235202184985,,0.047431940475988234,-0.41163335858197636,,7.755395683453237,0.28741082331396384,0.8339565393617289,0.49327713382507904,0.09896733403582719,0.10484317505956782,5.813763281992158,0.0023148557481804666,5030000000.0,0.04474585806689371,0.006488054969149136,0.0,0.49987049497415864,390.4200134277344,-0.27643766441333584,2.7851324181651744,11.351332665330663,9.923195431539007,4.578278549644189,28.63793906467903,False,8.444780402808384,7.76782712403453,4.635781977871285,7.019637921394,8.499416544212984,36.36744397032118,False,32.50269151750011
VTR,"Ventas, Inc.",Real Estate,46160044032.0,163.61818,113.911385,5.09,3.1510205,2.31,0.0456,22.0,0.724,0.4137936708730575,0.14698781963599464,0.04308910897877607,0.024359251653885854,0.0298109281707616,0.12210436341766595,0.12210436341766595,0.08993103059661169,,,1.4006200122173114,0.0,0.848497996604649,1.0552687009674029,0.02006672971321007,0.036254634356583486,,0.0725583881452132,1002111000.0,0.02170948968994259,0.11049317961323145,-0.037643077660642156,0.05334221813350105,89.98999786376953,-0.30379750587618076,8.95332695766822,19.15367735470942,5.690590988142702,9.642058382146486,43.43965368266683,False,4.59490254360341,7.427580807425196,6.659879536856025,2.403505236700872,12.716515138418501,33.802383263004,False,38.621018472835416
VLTO,Veralto Corporation,Industrials,22940952576.0,23.70277,19.727547,2.24,7.4199653,0.55,0.026500002,14.0,0.759,0.599491186625477,0.2320552425949482,0.1708159185898601,0.0027436003963910863,0.0037184869481309557,0.0415741282156441,0.0415741282156441,0.02543961999310196,0.03615258516390263,0.03615258516390263,13.302083333333334,0.941293529282393,0.9472101095799352,0.9272141706924316,0.3027375201288245,0.25887727257336796,4.792472370976716,-0.013578703779273282,1014000000.0,0.044200431374450004,0.05978557150645103,-0.06636463122656662,0.012594466296596062,94.0999984741211,-0.167711326566473,18.52893705824539,10.22745490981964,17.068641144646755,18.25586362976231,64.0808967424741,False,8.529535864978902,8.179212208736288,8.48012348329327,16.42369606093315,6.706333933159934,48.31890155110154,False,56.199899146787814
VRSN,"VeriSign, Inc.",Information Technology,26460983296.0,31.781757,26.63002,2.64,-11.738921,1.11,0.018,5.0,0.699,0.881504285886756,0.6766871906314137,0.49843052034287094,0.007825629296598594,0.014816182139589684,0.05150438997980311,,0.020631138845039643,0.07011493666650948,,,0.9096386247910246,0.9356992482474953,-0.8346485934453626,-0.38329774394206667,,-4.38650863012174,,1068300000.0,0.0403726493475203,0.0763008571773512,0.0,0.11338561221523952,292.7099914550781,-0.16209730003284592,23.890172931681274,9.353196392785572,9.707921996662959,20.15363436123348,63.10492568236329,True,7.003741095679803,11.64279207503083,7.447260177699055,12.737550200803213,9.761431411530815,48.59277496074372,False,55.8488503215535
VRSK,"Verisk Analytics, Inc.",Industrials,23086047232.0,27.02454,20.261606,1.51,-19.768877,1.13,0.0301,17.0,0.662,0.6987991017671754,0.43736778728805287,0.29560321541315454,0.06622497532941896,-0.1259081438292879,0.07160288137517012,,-0.008419463051020398,-0.016332936191974512,,7.863662960795787,0.8085767245221755,0.9105867955924842,15.858899676375405,2.9394822006472494,0.3438060641059552,5.4193371547503135,-0.43891146527360914,1191900000.0,0.05162858708648422,0.07944153350473525,-0.21137570970560726,-0.09054207685049144,176.1999969482422,-0.25025158615095755,18.61175133260519,10.18233466933868,20.036755808248458,10.087191993028997,58.91803380322132,False,10.417644647158305,10.90197004608295,16.0445301259892,13.428701180545616,7.295098971389057,58.087944971165136,False,58.502989387193225
VZ,Verizon Communications Inc.,Communication Services,210273173504.0,13.1796875,9.585809,0.88,2.023429,5.66,0.0198,22.0,0.24,0.5892279526163064,0.2117286943433364,0.12427726841834852,0.004961379532579127,-0.01092632812898428,0.003292396665705022,0.003292396665705022,0.019171248880588545,-0.06861342786770919,-0.06861342786770919,4.370929190319689,0.7647272161002958,0.9858762807903803,1.7388761248324718,0.16440742868083477,0.0850900858863518,1.3161313134067714,0.04650340493302685,19676000000.0,0.09357351521413028,0.1263541041022932,0.0,0.09449185104776017,50.61000061035156,-0.2726831345583877,16.86790072066082,12.917364729458916,14.89097998952287,16.207338916590018,60.883584356232625,True,13.929260834657235,10.124120042837673,8.81500354663478,11.365580346544153,7.433963020297188,51.66792779097102,False,56.275756073601826
VRTX,Vertex Pharmaceuticals Incorporated,Health Care,130560950272.0,29.984875,25.60175,1.59,6.449369,0.0,0.0208,27.0,0.32,0.8624065726212994,0.3794922216759851,0.32939764858806964,0.22153289677970145,-0.09638312964026108,0.10352183400647985,,-0.02757802393507272,0.05970028920376569,,342.43609022556393,0.18932304562049318,0.8719518811145995,0.10878183629954248,0.21178840446163572,0.24838074955479658,13.378563451601808,0.10292266753665746,3193800000.0,0.02446213813047698,0.37330122570054913,-0.053404863084514836,0.07937864014433389,515.4400024414062,-0.14617786467343952,18.971522933813468,15.6238877755511,16.582313024463943,8.987613157767342,60.16533689159586,False,7.076086028118008,3.3044416498993963,5.760983197358595,11.408711194886651,9.466159564353012,37.01638163461566,False,48.590859263105756
VRT,Vertiv Holdings Co,Industrials,98965053440.0,56.126637,28.179111,0.89,20.799417,0.1,0.0358,26.0,2.075,0.363170705480992,0.18535860565596926,0.13028475351665217,0.06569123472008215,0.14533400757110587,0.2158543401649824,,0.10949780490608149,1.5912664461652786,,22.02322880371661,0.10462576707084548,0.748680408452107,0.8189937330322482,0.3381625352041205,0.26666323616444226,8.865609416364542,0.3981961990028635,1887400000.0,0.019071378576522295,0.02213120362857897,-0.2322442149949751,-0.007327442069351805,257.05999755859375,-0.4979369421331979,9.607556009037335,21.501603206412824,14.663344023430522,13.255476351841988,59.027979590722666,False,11.26758229556364,4.160038132017913,9.232982250500978,9.68298988710246,11.315930503932925,45.65952306911792,False,52.343751329920295
VTRS,Viatris Inc.,Health Care,18963234816.0,,6.205321,1.05,1.3115666,2.91,0.0337,9.0,0.883,0.3505968573206806,0.017727396695081783,-0.2457989216707809,0.041522695636487465,-0.08408226590706916,-0.04196777704087673,-0.04196777704087673,0.014760038798946974,,,0.5378739656269892,0.0,0.9435699331868183,0.9990959330582614,-0.23892517996370138,0.007130192367260182,0.6795404425199497,-0.11288544714453419,1850800000.0,0.09759938206525871,0.10007062986454451,-0.05274348342185233,0.10125160701594874,16.510000228881836,,4.072532207337758,6.189619238476953,8.662394293389042,3.4323776443820493,22.356923383585805,False,11.32995951417004,12.26494953592523,10.805735345133684,4.399495852121003,6.25006286392318,45.050203111273134,False,33.70356324742947
VICI,VICI Properties Inc.,Real Estate,27339753472.0,9.586873,8.304348,,0.9372287,7.44,0.035,24.0,0.682,0.993327701943728,0.912430144309351,0.6928139374895784,0.1461631944041354,0.28473303080477896,0.15490054932774422,,-0.02491039214357106,0.35419138789780136,,4.332906993008651,0.6580373717207877,0.8203047292802593,0.6363756059866953,0.0998463538631337,0.08129627553222299,1.7921711709211527,0.08217897369860494,2508656000.0,0.09175854502745386,0.00033324047531324607,-0.15067436140102866,-0.08152926983675536,24.829999923706055,-0.13377928340137618,20.27658257235722,14.746513026052103,10.751786182435652,16.521978021978022,62.296859802823,False,11.447257383966246,12.010855455312521,16.1903079654397,6.453850471006719,11.787514046157836,57.889785321883025,False,60.09332256235301
V,Visa Inc.,Financials,691647676416.0,31.261604,24.68959,1.66,19.631691,0.73,0.0119,37.0,0.761,0.803625,0.6639,0.50145,0.0035963170117734203,-0.007577311497782291,0.10921242130254294,0.10921242130254294,0.013163953243899837,0.10276010086135856,0.10276010086135856,45.08658743633277,0.8675691486353977,0.867457950091415,0.6639848057189586,0.5291091825160252,0.47948890614813705,,0.021350312720768816,21577000000.0,0.031196519175497452,0.03705,-0.0235126209899675,0.0894008241889457,370.45001220703125,-0.2102263850568896,24.169317128152645,18.783016032064126,17.45455850289722,19.62611947523842,80.0330111383524,True,6.4578998616307075,1.069268352047771,4.442999644928395,14.80453550230083,10.770585970343943,37.545289331251645,False,58.78915023480202
VST,Vistra Corp.,Utilities,49801551872.0,24.81271,14.314643,0.38,16.584332,0.62,0.0372,19.0,1.414,0.3288984101928064,0.12030668621039577,0.05321907768632315,0.13872191054558675,0.20065342280713236,0.08917866741227787,,-0.13559536420587992,,,2.1731160896130346,0.0,0.8787667391710444,3.9372179713556994,0.18520698450068668,0.07357884256178335,1.3375896392460647,0.013087854698886181,1318000000.0,0.026465038747939523,0.15514714172962002,-0.20872040268693393,-0.04426552009571027,148.3800048828125,-0.42309231841261996,5.349546707009001,11.88425851703407,11.07614222859392,8.964334124025754,37.274281576662744,False,13.584917747142931,10.42177078600636,10.245111921019012,4.296771156395067,8.048729362952718,46.59730097351609,False,41.935791275089414
VMC,Vulcan Materials Company,Materials,32749729792.0,29.594849,23.665392,1.84,3.8636398,0.82,0.05,23.0,1.054,0.2738411555074234,0.1973530115475186,0.13558575008500082,0.02624767648321498,0.05947571495959211,0.027743692765690886,0.027743692765690886,0.11736186535577856,0.2321340967295169,0.2321340967295169,6.538172715894868,0.7573198988215992,0.9611128820801534,0.5729786160866148,0.1262976387373755,0.09227869967709104,3.7925666450441122,0.0715637107555065,1135300000.0,0.034665934870623805,0.08534082180050623,-0.18002044358662173,-0.10683932825516607,252.74000549316406,-0.20035435896293977,10.383829682728402,14.209689378757515,11.061350518644327,16.072094205354116,51.72696378548436,False,8.448666700831923,7.276730869085481,12.449864689149093,11.563286964558275,10.647044216911967,50.38559344053674,False,51.05627861301055
WRB,W. R. Berkley Corporation,Financials,25948805120.0,14.382716,14.439434,4.6,2.7995834,0.57,0.00029999999,17.0,0.283,,,0.12154516610484398,,,0.09281781410527334,,-0.06116285129420039,0.08814569333999644,,,0.8581273470450281,0.8808363724349068,0.29273046870892744,0.18342813977130587,,,0.12859287816357656,3412622000.0,0.13151364713012265,0.011611730994511555,-0.07648702853950123,0.022276085450185668,69.9000015258789,0.003943483275342435,12.313883299798793,9.746282565130262,14.668626905712232,12.5,49.228792770641284,False,4.481038282170859,6.140380508859609,11.771529917843777,10.695542168674697,10.433875010804739,43.52236588835368,False,46.375579329497484
GWW,"W.W. Grainger, Inc.",Industrials,60432793600.0,32.364098,25.07636,1.74,14.594213,0.78,0.026400002,14.0,1.034,0.3906476424032995,0.1390591907256716,0.09508416007134099,0.0076525963647862735,-0.006396548701699034,0.056191483803869735,0.056191483803869735,0.003209863143798043,0.03314886845896803,0.03314886845896803,30.80246913580247,0.9097461963515625,0.9310667097833317,0.7660599571734475,0.45663811563169165,0.30872478628267014,13.259009196170458,0.15258336464432576,1331000000.0,0.022024465868809347,0.03812284026306989,-0.07214498867187513,0.06499735395016062,1280.0,-0.22517970375692217,11.403206628415909,12.911853707414828,16.31928100126976,13.482729825240838,54.11707116234133,False,7.852431712191872,7.168970760044136,5.8003405748895,16.42344015448036,10.502185700029074,47.74736890163494,False,50.93222003198814
WAB,Westinghouse Air Brake Technologies Corporation,Industrials,47838928896.0,38.16981,22.76282,1.37,4.2707644,0.44,0.0255,12.0,0.921,0.3408256469956121,0.16056237127249934,0.10477299185098952,0.018981105067402415,0.03965828134186074,0.10122345018267498,,0.0017240213075065541,0.22723401467359272,,7.9688888888888885,0.7375117944519071,0.8796449440936813,0.4973074851911686,0.1050080775444265,0.08369628625570216,3.6917106755849707,0.0332020598013234,1499000000.0,0.031334313593407756,0.04325244022566491,-0.02526185861614547,0.0834852330754834,283.2200012207031,-0.403643350595667,10.00144271001047,14.293572144288577,9.198538792251089,13.9729268528828,47.46648049943294,False,10.29025948512957,10.691936295190496,5.956113737189874,8.885995679512366,8.422616475062668,44.24692167208497,False,45.85670108575896
WMT,Walmart Inc.,Consumer Staples,850100944896.0,38.267857,33.168446,4.04,9.043721,0.92,0.019299999,40.0,0.595,0.24926699786724774,0.041820733829433104,0.03069845182658102,0.004436194046228706,0.008402825115224277,0.05272290929168877,,-0.0034479543143476413,0.23297464200402307,,10.655591282600929,0.7382181385874593,0.9340952424930681,0.6735296184386199,0.21977172570946726,0.14449487157529223,6.157015969540396,0.0910866552664138,14923000000.0,0.01755438585217154,0.0373575185476532,-0.18432882240098686,-0.0784858057071676,107.1500015258789,-0.13325572424920468,7.411194220650387,15.100591182364727,12.20995345682847,13.533735537590161,48.255474397433744,False,3.1404704555937064,2.0868931329914977,10.262794356402106,12.33862975543477,10.062019189212553,37.89080688963463,False,43.07314064353419
DIS,The Walt Disney Company,Communication Services,183978491904.0,21.834017,14.268364,2.76,1.6752619,1.41,0.012,31.0,1.409,0.3776436325125761,0.1464866296002118,0.1313635160180037,0.02898352768131977,0.06464624856493703,0.045093923223104904,,0.005831376006335421,0.5799634339402295,,7.63355408388521,0.19743016553326964,0.944440174278581,0.4084591650055976,0.11289808772265152,0.10384094438044553,2.4084962797761698,0.04963506800217887,10077000000.0,0.054772706829547116,0.08497749536669315,-0.056285137032950336,0.028192448150876546,106.55000305175781,-0.34650760783047846,9.83155621142565,14.440711422845693,12.967369642613352,12.490463281212179,49.73010055809687,False,8.478048822152752,8.243360972285325,10.80174636459732,9.506562085518539,9.585033278589334,46.61475152314327,False,48.17242604062007
WBD,"Warner Bros. Discovery, Inc.",Communication Services,70300114944.0,,400.57144,55.18,2.1416023,0.0,0.0275,11.0,1.571,0.44002037752037754,0.0350975975975976,0.01949270699270699,0.05884186433825109,0.13847755442404583,0.0331793709721504,,-0.0030976597324048477,,,0.6278177458033574,0.011211620974099223,0.9156093534443243,0.9066789164509034,0.020239984409365516,0.009358489218906184,1.013251395272702,-0.08634308540283087,3088000000.0,0.04392595947332168,0.033006220506220506,-0.027064496445395693,0.017490417421082118,28.040000915527344,,5.511544112239613,11.287915831663327,5.760754884055194,9.097678752965097,31.65789358092323,False,7.036437246963563,14.118555688972547,9.161537696768848,3.9333010947275038,6.705289999135622,40.95512172656809,False,36.306507653745655
WM,"Waste Management, Inc.",Industrials,85323210752.0,30.192362,23.407654,1.98,8.602056,1.77,0.0145000005,25.0,0.431,0.4043802571020473,0.18278844627836852,0.10744326297413109,0.0064136642867199355,0.008760626195111337,0.08563152473174229,,0.062222090494095675,0.06560486012329081,,5.051535087719298,0.893917071419188,0.8880284321584043,2.292992992992993,0.2710710710710711,0.1114154026028452,2.800717746363079,0.1340863084438788,2816000000.0,0.033003915056419655,0.12803523250277735,-0.10235536417698929,-0.038893455112800665,213.4600067138672,-0.22471603910949395,13.230779801380772,17.724799599198395,13.868009613035396,16.24685336689742,61.070442380511984,False,7.794043287381061,7.389124910754852,9.4384902192057,10.612353644403182,11.428256547670497,46.66226860941529,False,53.86635549496364
WAT,Waters Corporation,Health Care,40093212672.0,103.11616,24.678047,1.51,2.6396286,0.0,0.0336,24.0,1.194,0.5928260511056505,0.2535593940010476,0.20302399214478564,0.018202084245296245,-0.043615934301255654,0.021229912681812513,,0.06926973582653846,-0.03166463919712337,,11.540058664519469,0.9490603567428114,0.9662293753521664,0.5821722429977332,0.2509052248869884,0.1972133337951414,13.814622893753144,0.7186993979897602,539810000.0,0.013463874906113185,0.09744964594036684,-0.015170172131415404,0.12309362501865767,408.3399963378906,-0.7606772110210465,17.251506669074324,12.047765531062122,14.224574889867919,12.844284019944812,56.368131109949175,False,9.959838739985308,7.160131109236062,4.857995388150404,16.38124803126865,11.183550868700838,49.542764137341265,False,52.95544762364522
WEC,"WEC Energy Group, Inc.",Utilities,34321715200.0,20.452427,17.55822,2.08,2.5181096,3.62,0.052699998,17.0,0.457,0.4217814103937715,0.24233426189528678,0.159049397455128,0.022329292885564,0.041842462032824046,0.006991111598761979,0.006991111598761979,0.17251826901347328,0.03415672665329339,0.03415672665329339,2.653223103563848,0.9279049656122442,0.9383326489446489,1.6354588097332161,0.1142406918792143,0.061436314757637604,1.0814435752342213,0.06149906472421751,-1018700000.0,-0.029680917578384893,0.4487811348863787,-0.0914164748695547,-0.04348011647168691,105.33000183105469,-0.1415092203971686,14.004078120196391,13.418647294589178,8.521088691270085,14.475214213099674,50.41902831915533,False,7.033285501973044,13.67114509638476,9.279715779463803,10.169127865730815,9.080062706763371,49.23333695031579,False,49.82618263473556
WFC,Wells Fargo & Company,Financials,273036886016.0,13.123547,11.426279,1.51,1.6973718,2.22,0.0,23.0,0.916,,,0.2549373349741335,,,0.04018692169368365,,0.020692416347745733,0.1598120625584707,,,0.819838944665808,0.9468590994964916,1.065802768376243,0.11781334717337412,,,0.001643370123361132,-19001000000.0,-0.06959132986481005,0.0,-0.01527467446293134,0.07087385055727563,90.29000091552734,-0.12932997458690101,14.25553319919517,15.216663326653308,7.332728767257738,12.5,49.304925293106216,False,8.926083465723703,5.095664470695138,5.762800706878187,12.323975903614457,9.059188348171839,41.16771289508332,False,45.23631909409477
WELL,Welltower Inc.,Real Estate,169781182464.0,105.1875,74.09434,3.66,3.6494584,1.44,0.029000001,22.0,0.76,0.3917691684065901,0.03329553499646016,0.08782535443440488,0.05394619703725635,-0.095896157345112,0.22688873316084646,,0.14593578492850814,0.8790139143076268,,0.5447737957374359,0.3006979172507981,0.7190047881363859,0.5074899064783539,0.02223726947802701,0.004798244890242794,4.346847532201488,0.27565647058608733,2847878000.0,0.016773814145179824,0.0031685168352592486,-0.0026244935724677814,0.10942806128797146,235.6199951171875,-0.29559748068924535,6.131328951743159,22.86246492985972,2.6369817147525483,2.541462942343999,34.172238538699425,False,4.894267069816703,5.914643181670668,4.427249680639617,1.9457060734630374,11.980378597977353,29.162244603567377,False,31.667241571133403
WST,"West Pharmaceutical Services, Inc.",Health Care,24366200832.0,44.331627,34.70421,2.62,8.151575,0.25,0.0365,16.0,1.135,0.35912950131745874,0.20692235125727856,0.1605998503627078,0.02834107776065227,-0.05661292880091537,0.021163814176677676,,0.08171366439538717,-0.05547553875911393,,1272.2,0.896992118268115,0.970584953656367,0.10110201511335012,0.15544710327455918,0.1875145310467049,16.35454004846191,0.05759030175363011,468900000.0,0.01924386995055036,0.11717250577404768,-0.034941038358772894,0.14773845594927654,346.2300109863281,-0.2171681404790308,11.969060891952868,10.888146292585171,13.586801945370514,9.643897952267995,46.08790708217654,False,4.95182698713678,7.921126111507756,4.126391843964394,17.141760894638615,9.003219811565392,43.144325648812945,False,44.61611636549475
WDC,Western Digital Corporation,Information Technology,161226686464.0,17.120214,14.084618,0.92,21.380825,0.13,0.0619,24.0,2.182,0.4885053022679774,0.35598730551900304,0.7197151482312872,0.19210395755847012,0.4202558906508975,0.2735046294980865,,-0.15000666801468093,,,27.87272727272727,0.0,0.6380008801216367,0.11868231046931407,1.048962093862816,0.5248490381546608,23.81881333758776,-0.09198571350895168,3511000000.0,0.021776791900911297,0.12222308228191037,-0.2996562611421192,0.11301855762778955,447.17999267578125,-0.17731063408436365,16.107234488557637,16.054839679358718,18.5372259728249,15.211532410320954,65.91083255106221,True,13.588078033447783,6.069004348672681,7.858093959293285,9.794186585116822,7.007736191546375,44.31709911807694,False,55.113965834569576
WY,Weyerhaeuser Company,Real Estate,15899436032.0,33.42424,32.804924,1.86,1.6812742,3.81,0.0461,11.0,0.89,0.14844315713251266,0.06473569876900796,0.04692251991310645,0.10543515893019514,-0.23956516533154193,-0.12148651794619336,,0.040929419317245114,-0.44350356441413064,,1.6373626373626373,0.1657215150591017,0.8105943966124927,0.5937831529811161,0.03437301082113304,0.038260235540268514,1.9962173602905873,-0.04283577616366707,-381000000.0,-0.023963114115065486,0.13729181752353367,-0.12147620465155,-0.07306996946686242,22.059999465942383,-0.018528947853414104,2.8004429868735468,8.355831663326653,5.078544560275441,0.9977186910006288,17.23253790147627,False,4.941765318847264,16.06742892840916,11.058474008350306,2.694357929832212,9.27152303569885,44.0335492211378,False,30.633043561307034
WSM,"Williams-Sonoma, Inc.",Consumer Discretionary,26642653184.0,22.94422,21.516779,2.58,14.246222,1.34,0.0468,20.0,1.463,0.46152631239163316,0.1813443534470391,0.13942137229825835,0.011018527762290778,0.008603983690777695,-0.03451718232113232,,0.017401014892887263,-0.01180257035614396,,,0.9216985627454405,0.9423101578118943,0.6995744178196152,0.5226440163279887,0.4210219500027553,7.6658972045121505,0.06977717260775251,1055451000.0,0.03961508610688373,0.033232242184265647,-0.026231864021166975,0.09607042335799744,226.22999572753906,-0.062213533517373944,14.05100486063717,7.695170340681362,17.916432944148486,15.828048603378999,55.49065674884602,False,4.374083944037308,6.8817728954371375,5.233328637137225,15.636073785162825,10.02856772409024,42.15382698586474,False,48.82224186735538
WMB,"The Williams Companies, Inc.",Energy,89107750912.0,29.023905,27.979523,2.14,6.772964,2.88,0.0241,20.0,0.618,0.619581589958159,0.36887029288702927,0.21907949790794978,0.04978279928624287,0.09363089480221393,0.029089364281741803,,0.17481059365601803,0.08511531893463342,,3.056865464632455,0.8010487844504426,0.9445423939254283,2.2950730069493246,0.20441945810884674,0.07987963072833852,1.365245146058556,0.03698419366894701,899000000.0,0.010088909110587069,0.418326359832636,-0.03130786694765239,0.030099535849760956,72.8499984741211,-0.03598351083356974,17.54663768226337,15.265721442885773,11.322560929818112,16.533977586290362,60.668897641257615,False,3.4031329540989774,9.454851366262089,5.329159606727586,9.655391855239795,10.059209957645434,37.90174573997388,False,49.285321690615746
WTW,Willis Towers Watson Public Limited Company,Financials,29311309824.0,19.530321,13.807745,1.27,3.818032,1.22,0.0299,19.0,0.417,0.42058096415327567,0.23248866913885455,0.16532756489493203,0.025906556800927124,0.0589041891027616,0.030704123618950474,,-0.06949347743600967,0.16733262500496426,,8.680769230769231,0.20039746519217239,0.9517318097481499,,,0.5010609302702612,1.4974767437181833,,1546000000.0,0.05274414583595785,0.023588792748248866,-0.06775957249608468,0.0556292471349981,315.6099853515625,-0.29300982815387416,13.649909618068106,6.459048096192385,16.509135097574468,12.85889165900179,49.47698447083675,False,10.297716052546164,11.032817063672358,9.108578317776843,13.016506574986481,9.871769383697814,53.327387392679654,False,51.4021859317582
WDAY,"Workday, Inc.",Information Technology,44753698816.0,37.7439,14.04538,0.68,6.9190354,0.0,0.100200005,38.0,1.082,0.7570142378559463,0.10720268006700168,0.07255025125628141,0.05743816140550392,0.13648195934628096,0.15396978072353007,0.15396978072353007,-0.03257158424057971,,,8.982456140350877,0.0,0.8162647915099505,0.48955797565663034,0.08878923766816144,0.06946195352934699,3.444930302279494,0.11802086850233429,2777000000.0,0.06205073711152537,0.2974246231155779,-0.22599200414516024,0.16896114332946277,185.6999969482422,-0.6278768224799238,10.743842908210809,11.255981963927857,12.211819874386174,9.582127123977344,43.793771870502184,False,13.78020635815439,8.65563023301097,10.029358757004502,5.245027546553071,12.138096323246291,49.84831921796922,False,46.8210455442357
WYNN,"Wynn Resorts, Limited",Consumer Discretionary,9030809600.0,21.031174,17.02139,0.8,-52.73602,1.14,0.103,20.0,0.991,0.4142669493258824,0.16904032601075608,0.045858431667246666,0.10774112761210099,0.20866687236306156,0.23855981362120016,,-0.08985661278301142,,,1.9288393045546681,0.0,0.737243577830611,-44.19703294469531,-1.1881796930582376,0.09199664848977951,1.1546035034431448,,691763000.0,0.07660033049528582,0.09258854535296257,-0.31350714112950184,-0.1378772196006447,87.69999694824219,-0.1906590663935356,7.763436289457627,11.350450901803606,10.944874415644211,12.733328895773829,42.79209050267927,False,10.512487401561351,16.428714545336536,18.123646511931632,3.5987258655965726,9.7882703777336,58.45184470215969,False,50.62196760241948
XEL,Xcel Energy Inc.,Utilities,47159889920.0,20.68493,16.620657,1.92,1.9596138,3.14,0.0747,17.0,0.399,0.47201581566568956,0.19626423069057194,0.13756902310995978,0.01556083794782153,0.037675073277116694,-0.014155451358960125,,0.145212735542865,0.05145449108743905,,2.1437081161578555,0.9281205992620222,0.945379201808485,1.4732093693083146,0.0854758778431954,0.056384323753838186,0.9243207105335665,0.12289009220118308,-6825000000.0,-0.14472043958494465,0.7436089713000205,-0.08294847686542793,-0.03155995835446013,75.5,-0.19648473550551052,14.122722042936973,13.106763527054108,7.206135159089422,14.177827128818315,48.61344785789882,False,8.074014759391176,10.8145253780749,9.149754478187583,9.875928198817723,11.950233382314806,49.86445619678619,False,49.238952027342506
XYL,Xylem Inc.,Industrials,24973750272.0,25.406176,17.125902,1.31,2.2694674,1.61,0.044499997,16.0,1.0,0.38461538461538464,0.14676258992805755,0.10592141671278361,0.01979052819875335,0.02887052183678626,0.1783579915890725,,-0.10743922243491921,0.39174988760835094,,45.724137931034484,0.6064873916617817,0.7945131803388633,0.17970383275261323,0.0833623693379791,0.08841499021869252,3.700673742649861,0.48664176376550006,910000000.0,0.036438259776316866,0.06164914222468179,-0.2810119863294712,-0.105616825533067,106.95999908447266,-0.32591579307330626,10.169301269947322,11.234198396793587,9.54859766579767,13.043677687950813,43.99577502048939,False,12.541749944481458,11.823902771467516,14.45395540790381,8.756934113566198,12.410839311954362,59.987381549373346,False,51.991578284931364
YUM,"Yum! Brands, Inc.",Consumer Discretionary,38443573248.0,18.106682,20.075586,1.83,-5.3384113,2.13,0.0372,22.0,0.551,0.4616508400292184,0.3080107134161188,0.18979790601412222,0.007170334521604238,-0.00870954381860789,0.06281386051452831,,0.02124546237616519,0.05570702697264185,,5.049900199600798,0.919335585499652,0.918413592538052,-1.8005460750853242,-0.21283276450511945,0.36838460306334164,2.4047310807934434,,1639000000.0,0.0426339141116459,0.045166788410031654,-0.15394233719445607,-0.08112655748700948,140.8699951171875,0.10873908317382511,17.974464064618047,13.554699398797595,13.097996973272041,17.78351164254248,62.41067207923016,False,7.3123644066348925,13.69935143116765,14.436360409924049,14.258285650507517,10.444333996023857,60.150695894257964,False,61.280683986744066
ZBRA,Zebra Technologies Corporation,Information Technology,16689311744.0,32.14404,15.79563,0.58,4.8336897,0.0,0.0462,16.0,1.607,0.48054114158636024,0.14825796886582654,0.07765011119347665,0.014606593590997797,-0.013651735337598475,-0.02271104500520582,,-0.0032889815504852232,-0.03273751528822022,,7.407407407407407,0.7705858951895975,0.9002562722266405,0.7516722408026756,0.11677814938684504,0.09717068645640074,3.793095159789853,0.09497516109923376,831000000.0,0.04979234690722067,0.12583395107487028,-0.00899446410854746,0.3262899450741818,350.3699951171875,-0.5085984835758044,11.573290315810198,4.273276553106212,12.801168392851467,10.064802488260636,38.71253775002852,False,15.140239840106593,12.020019471668721,5.500500316299419,10.010511186766685,9.313985651309535,51.98525646615095,False,45.34889710808973
ZBH,"Zimmer Biomet Holdings, Inc.",Health Care,17832067072.0,22.691748,10.310722,0.58,1.4115533,1.03,0.0608,21.0,0.471,0.6970539998785155,0.16475733462916844,0.08565874992407216,0.017244420269293133,-0.007017474806126023,0.058543208193682306,,0.033542734690639946,0.4497589105012163,,4.631830601092896,0.5128304800430924,0.9284921118935722,0.5921623601124613,0.05552974160674768,0.05865033734164761,2.3829597362814834,0.018442665987698836,1420200000.0,0.07964303825606427,0.08933973151916419,-0.06547384038199441,0.03646317711607846,93.48999786376953,-0.5456179929373445,13.83715878083106,11.525501002004008,10.256452217262257,11.527448322602506,47.14656032269983,False,16.173995114368196,14.423682254819239,11.753126205508915,7.277772944750338,8.530858328291123,58.15943484773781,False,52.65299758521882
ZTS,Zoetis Inc.,Health Care,30152927232.0,11.884365,11.172115,6.82,9.308585,2.91,0.053200003,15.0,0.729,0.7183901975282561,0.37995141016161404,0.2823492130558783,0.009133330571700448,0.01757517253785168,0.054225876815096274,0.054225876815096274,-0.06053730913281474,0.08134595146888324,0.08134595146888324,16.2027027027027,0.9019296066810861,0.9274998167173109,2.773341338937256,0.8024617232062444,0.2789299117151491,4.462807818252934,-0.08894854375156924,2283000000.0,0.07571404203758866,0.13932608006760325,-0.4856451235065983,-0.25832845319286346,72.97000122070312,-0.05993168335035157,21.8350494233061,8.492424849699399,21.074441851085787,19.534358812993172,70.93627493708446,True,7.298399357693163,9.016527552411242,15.64968158647626,15.56875160844276,8.851643891591163,56.385003996614586,True,63.660639466849524
